run_id,dataset,task,method,adaptive,total_evals,fold,seed,best_val,n_evals,duration_sec,rmse,mae,r2,sens_learning_rate,sens_max_depth,sens_min_child_weight,sens_subsample,sens_colsample_bylevel,sens_colsample_bynode,sens_reg_alpha,sens_reg_lambda,sens_grow_policy,sens_max_leaves,param_learning_rate,param_max_depth,param_min_child_weight,param_subsample,param_colsample_bylevel,param_colsample_bynode,param_reg_alpha,param_reg_lambda,param_grow_policy,param_max_leaves,conv_10,conv_25,conv_50,conv_100,conv_150,conv_200
20260307_134501,QSAR_fish_toxicity,regression,HDMR-200,False,200,1,42,0.6415346539488129,201,94.78,0.9540610716027422,0.6660195607386138,0.6041121460731578,0.01096745254910144,0.21277797804526347,0.02864214482516318,0.15743341687813622,0.007101858649557237,0.026014074720300318,0.22387392701674805,0.010350659574518311,0.02445027362657637,0.2983882141146355,0.09999999705352895,6,0.003041718674620386,0.8,0.9999999947659152,0.8409563143859018,2.745124846942638,3.116226059981159,lossguide,71,0.6509377772934924,0.6461243370722249,0.6461243370722249,0.6461243370722249,0.6415346539488129,0.6415346539488129
20260307_134501,QSAR_fish_toxicity,regression,HDMR-200,False,200,2,42,0.5204336581392232,201,69.84,0.8971052832960837,0.6644489125954478,0.6810424073318557,0.004337734283325018,0.22995158978382474,0.14002744512842466,0.021417610285008458,0.04456153259442975,0.1020281386985367,0.18106186546278663,0.09450398151256259,0.010541350183970784,0.17156875206713068,0.05733576507524517,7,0.13091514983132094,0.999999997241146,0.8,0.6992287411233984,4.999999963459493,4.634281028718296,lossguide,65,0.525702339352814,0.5222029107823161,0.5204336581392232,0.5204336581392232,0.5204336581392232,0.5204336581392232
20260307_134501,QSAR_fish_toxicity,regression,HDMR-200,False,200,3,42,0.47205720662972844,201,90.62,0.841546379927596,0.6159868702302901,0.6687152519741004,0.0010386039979384224,0.3303274854024178,0.0214835366835715,0.04620091989380782,0.008340799019054185,0.06375064017122971,0.4490123023224148,0.009248804187289399,0.02229570765907435,0.04830120066320199,0.039651882829597605,8,0.0010000000000000002,0.8722000360557427,0.9999999968387543,0.7272007316604756,0.0001,0.43072437742462555,lossguide,54,0.5024803442061185,0.479284666450861,0.4729815179402594,0.4729815179402594,0.4729815179402594,0.47205720662972844
20260307_134501,QSAR_fish_toxicity,regression,HDMR-200,False,200,4,42,0.5612920160775281,201,113.9,0.9606455146081361,0.6473581020135795,0.6081926952395247,0.09233979155849947,0.01985596973546426,0.001544577842612285,0.0943341681857387,0.09931485469575245,0.04012851131269167,0.5103175290294641,0.018102674364526443,0.06695167401825042,0.05711024925700003,0.09999999813833442,7,0.027022171561595972,0.759384480577675,0.885936656690308,0.7822941712169897,0.0001,0.015669444876656943,lossguide,130,0.5762830388354983,0.5692006365331661,0.5692006365331661,0.5612920160775281,0.5612920160775281,0.5612920160775281
20260307_134501,QSAR_fish_toxicity,regression,HDMR-200,False,200,5,42,0.5608555587495597,201,91.71,0.7534104408181077,0.5676976267553008,0.6153128298300633,0.16771699683089158,0.0032979198190563395,0.02336256744414857,0.39296749761898936,0.10037841040423574,0.06437278043753832,0.13988722287049646,0.010083682284258502,0.030576075389776813,0.06735684690060832,0.03085852748262367,5,0.10219903198531376,0.6,0.8,0.6687446513637644,0.3747409564748542,4.999999964013648,depthwise,96,0.5730577558211613,0.5653503568404229,0.5608555587495597,0.5608555587495597,0.5608555587495597,0.5608555587495597
20260307_134501,QSAR_fish_toxicity,regression,HDMR-200,False,200,6,42,0.5903087397984516,201,94.57,0.8355123716532687,0.6049176352509354,0.6143950825800412,0.06708767024795649,0.054829436356732264,0.24818693517132834,0.08454172019573918,0.009422924657841272,0.00726445293748989,0.11885684827979569,0.04190682278899207,0.007424534883398213,0.3604786544807265,0.008634857554943455,9,4.999999775423741,0.6862208425560166,0.6712464057931519,0.6565289587157985,4.999999958291037,1.8132605206843144,depthwise,91,0.6024554757960419,0.5999457097392104,0.5981621342950896,0.5907215799938994,0.5906207940334446,0.5903087397984516
20260307_134501,QSAR_fish_toxicity,regression,HDMR-200,False,200,7,42,0.6405926571437188,201,129.84,0.9222405396756617,0.6654950904002231,0.578822343077753,0.1230729153440167,0.3528452818120582,0.02086540728800197,0.17481539430639256,0.040022921442669376,0.006745955778772158,0.04425091601962628,0.06103711799046171,0.012423758915300427,0.1639203311027006,0.09999999806538659,7,0.17064305946827704,0.8472530195169612,0.7114222130252923,0.6132237042940534,1.6987142450294148,2.5000500000000003,depthwise,55,0.653908051995396,0.6487239960963246,0.6487239960963246,0.6487239960963246,0.6405926571437188,0.6405926571437188
20260307_134501,QSAR_fish_toxicity,regression,HDMR-200,False,200,8,42,0.5167301111997279,201,163.27,0.949244753391729,0.6878696021696107,0.604457101394069,0.012258157696294531,0.07818909518473459,0.07212949851651039,0.4246113145294156,0.1977396580253186,0.06668048562390123,0.08253043415310996,0.03969314313112258,0.007403503990849119,0.01876470914874335,0.07871249270123414,6,0.01240737406912438,0.7513372019748203,0.6,0.6378697330527918,2.259805002034746,1.8779991851056725,lossguide,8,0.5373475014846409,0.5205862698911161,0.5167301111997279,0.5167301111997279,0.5167301111997279,0.5167301111997279
20260307_134501,QSAR_fish_toxicity,regression,A-HDMR-200,True,200,1,42,0.6456543819742426,202,94.39,0.9176653726581392,0.6372040013681379,0.6337408235336517,0.01519000987189771,0.03226696084367205,0.04179402073462957,0.2702972402296827,0.030778443950977404,0.033783627540031495,0.27393630894850113,0.03700419007371784,0.04209568742096468,0.22285351038592538,0.03742796475451888,7,0.0010784368871072938,0.8,0.8868425102473023,0.6165046764979196,2.6530269314752846,2.466569054715407,lossguide,76,0.6509377772934924,0.6461243370722249,0.6461243370722249,0.6461243370722249,0.6461243370722249,0.6456543819742426
20260307_134501,QSAR_fish_toxicity,regression,A-HDMR-200,True,200,2,42,0.5204336581392232,202,74.16,0.8847896895506016,0.6482875251100776,0.689739689757516,0.009696254084817684,0.24165908896743396,0.0548671169315808,0.006173354902029199,0.050085198977327064,0.013683002387047751,0.21004889758028908,0.05964818344702679,0.07026954276386593,0.28386935995858176,0.025071470901852556,6,0.013989558500265599,0.7090938478708267,0.8457134158962898,0.7023379652245368,3.9765752407732227,4.507777508546078,depthwise,62,0.525702339352814,0.5222029107823161,0.5204336581392232,0.5204336581392232,0.5204336581392232,0.5204336581392232
20260307_134501,QSAR_fish_toxicity,regression,A-HDMR-200,True,200,3,42,0.46851199241302227,202,86.24,0.8290885789865261,0.6101083110173544,0.6784509766088836,0.014587290998572821,0.36663868040734443,0.03168357257871558,0.06433346954283439,0.016158836043641298,0.04205955544060665,0.3099754559628253,0.021092058462750952,0.03246995565572302,0.10100112490698561,0.03805526898720503,8,0.001177651823072472,0.6345495929889962,0.9888938797300574,0.7307472161844419,0.25009499999999996,0.3353175842071936,lossguide,47,0.5024803442061185,0.479284666450861,0.4729815179402594,0.4729815179402594,0.4729815179402594,0.4729815179402594
20260307_134501,QSAR_fish_toxicity,regression,A-HDMR-200,True,200,4,42,0.5612920160775281,202,118.39,1.0487938479729577,0.7059660665292655,0.5329896857271725,0.12090280217245235,0.04109822988728483,0.06227637682065876,0.043335052510214564,0.1331590264957404,0.07017081648190139,0.41471707768333016,0.03261963634285319,0.06289989003303748,0.018821091572526743,0.07158762461729702,6,0.7211248374646212,0.7848899622699435,0.9916734706686157,0.8183305656109461,0.0005542382664798223,0.12386158515380395,lossguide,733,0.5762830388354983,0.5692006365331661,0.5692006365331661,0.5612920160775281,0.5612920160775281,0.5612920160775281
20260307_134501,QSAR_fish_toxicity,regression,A-HDMR-200,True,200,5,42,0.5608555587495597,202,90.64,0.7547808009468284,0.565048987489886,0.6139121606841885,0.12225430088550043,0.0029729344154434626,0.02503436216475417,0.4641479760590908,0.1045917232564397,0.0829358431618231,0.02742914671426943,0.06619246635495271,0.051915887465832714,0.052525359521893404,0.029604249968301844,6,0.05121698235459565,0.6,0.6,0.7218364041839851,0.930833485702925,3.899108090737066,depthwise,136,0.5730577558211613,0.5653503568404229,0.5608555587495597,0.5608555587495597,0.5608555587495597,0.5608555587495597
20260307_134501,QSAR_fish_toxicity,regression,A-HDMR-200,True,200,6,42,0.5863714297788968,202,93.42,0.8395409302602627,0.6156911603708183,0.6106676043901902,0.013510855422525616,0.06041757322461035,0.15604453139103788,0.05028534994168044,0.016061215011985076,0.0421452294757388,0.10462620828410334,0.2516066436064846,0.04810233612614035,0.2572000575156936,0.04668008487473066,4,3.254609370132341,0.7089948253839632,0.7274469168376824,0.7365052344753943,4.875187475643869,2.984755714249638,lossguide,9,0.6024554757960419,0.5999457097392104,0.5981621342950896,0.5907215799938994,0.5863714297788968,0.5863714297788968
20260307_134501,QSAR_fish_toxicity,regression,A-HDMR-200,True,200,7,42,0.6476921436067141,202,124.92,0.9144934593290815,0.6514702044124098,0.585868644733218,0.15228178044799878,0.23925446697569974,0.03131584370683255,0.25947907116160074,0.04291787124049187,0.0015620151531968286,0.05788245822818732,0.027819808305599113,0.062223007770379174,0.12526367701001398,0.05805832964148837,8,0.020163842554048163,0.859431405052926,0.7025143093220317,0.6047187776857045,1.6687713892845497,3.181729473694017,depthwise,187,0.653908051995396,0.6487239960963246,0.6487239960963246,0.6487239960963246,0.6487239960963246,0.6476921436067141
20260307_134501,QSAR_fish_toxicity,regression,A-HDMR-200,True,200,8,42,0.5167301111997279,202,168.85,0.9470122178869499,0.6783428120908485,0.6063154737893901,0.0768043346864727,0.15585806987602852,0.05388673528395852,0.25976197976964976,0.22192435310275813,0.06875984696011224,0.04896380331612483,0.0495234894781187,0.03670644229758947,0.027810945229187083,0.01009477082108718,6,0.013073747269830413,0.8,0.8,0.6286665094946678,1.8885338364240845,1.8560408999598264,lossguide,153,0.5373475014846409,0.5205862698911161,0.5167301111997279,0.5167301111997279,0.5167301111997279,0.5167301111997279
20260307_134501,QSAR_fish_toxicity,regression,A-HDMR-600,True,600,1,42,0.6411977591291949,603,290.9,0.9540610716027422,0.6660195607386138,0.6041121460731578,0.02209158274944467,0.1008283080542823,0.02405532880801842,0.446712716750082,0.020098933656086115,0.020464865344969958,0.1825200588510773,0.018579962105204288,0.03137863367801092,0.13326961000282395,0.09999999705352895,6,0.003041718674620386,0.8,0.9999999947659152,0.8409563143859018,2.745124846942638,3.116226059981159,lossguide,71,0.6509377772934924,0.6461243370722249,0.6461243370722249,0.6461243370722249,0.6415346539488129,0.6415346539488129
20260307_134501,QSAR_fish_toxicity,regression,A-HDMR-600,True,600,2,42,0.5204336581392232,603,206.88,0.900527404432454,0.6606417822754175,0.678604358211095,0.031689934157997396,0.1204564024545776,0.063003217968257,0.04400269507376274,0.03054039486284159,0.0339739086582227,0.18984431480996697,0.011000187296516929,0.01047334742402798,0.4650155972938291,0.01374484458102114,8,0.01692431215869559,0.9799999980931994,0.7004582500244767,0.707121482967804,2.450180984402646,4.7500049636117865,lossguide,145,0.525702339352814,0.5222029107823161,0.5204336581392232,0.5204336581392232,0.5204336581392232,0.5204336581392232
20260307_134501,QSAR_fish_toxicity,regression,A-HDMR-600,True,600,3,42,0.46224804163183997,603,290.44,0.8206781856257301,0.6020297432113112,0.6849415667908891,0.0061780998276441575,0.17311084921293074,0.01899938124177958,0.03220726414356886,0.057167388225522454,0.0011924388598250038,0.4634722857208441,0.0525206128782241,0.026853549776488708,0.16829813011317238,0.026188924109267885,6,0.09146214162049218,0.7324300605654419,0.9700677973694044,0.8723034725323335,0.47509050000000014,0.3358013786473379,lossguide,192,0.5024803442061185,0.479284666450861,0.4729815179402594,0.4729815179402594,0.4729815179402594,0.47205720662972844
20260307_134501,QSAR_fish_toxicity,regression,A-HDMR-600,True,600,4,42,0.5599696766097473,603,330.66,0.9638595581053312,0.6431280204722314,0.6055665604068778,0.10910408162143277,0.11121993043583744,0.03618347940727923,0.027715513158748793,0.05323867181871661,0.06286838666554584,0.46628531007848184,0.05430185640013174,0.05716449870185691,0.021918271711968744,0.0860891636965536,6,0.014318782288751197,0.7404479258550225,0.8620232037797491,0.947795757805807,0.25009499999999996,1.5910811071688142,depthwise,50,0.5762830388354983,0.5692006365331661,0.5692006365331661,0.5612920160775281,0.5612920160775281,0.5612920160775281
20260307_134501,QSAR_fish_toxicity,regression,A-HDMR-600,True,600,5,42,0.5586779229716461,603,302.61,0.7709399488625301,0.5797613219877258,0.597203642236608,0.013325911938348289,0.04185176551054509,0.008033536735386386,0.3534406031385302,0.19998366279223884,0.07836491880632729,0.2051895410349152,0.04735332857670134,0.004611099179923759,0.047845632287083675,0.023620579731701015,4,0.01937962960889817,0.602095182279561,0.8,0.6021656958098226,0.1890291084086418,3.505415705637916,depthwise,60,0.5730577558211613,0.5653503568404229,0.5608555587495597,0.5608555587495597,0.5608555587495597,0.5608555587495597
20260307_134501,QSAR_fish_toxicity,regression,A-HDMR-600,True,600,6,42,0.5903087397984516,603,291.75,0.8355123716532687,0.6049176352509354,0.6143950825800412,0.03098170305239624,0.11369742044697868,0.06756791330997343,0.09132121188655527,0.14482651705799576,0.013069139900717477,0.08023683157015228,0.026503615030577785,0.06833475074511745,0.3634608969995356,0.008634857554943455,9,4.999999775423741,0.6862208425560166,0.6712464057931519,0.6565289587157985,4.999999958291037,1.8132605206843144,depthwise,91,0.6024554757960419,0.5999457097392104,0.5981621342950896,0.5907215799938994,0.5906207940334446,0.5903087397984516
20260307_134501,QSAR_fish_toxicity,regression,A-HDMR-600,True,600,7,42,0.6405926571437188,603,408.43,0.9222405396756617,0.6654950904002231,0.578822343077753,0.06128268777721517,0.12650724222696794,0.011316864484139289,0.16863550177966063,0.0633633692431531,0.056237346313322695,0.12232198137611207,0.022212227347574828,0.014802556610830126,0.3533202228410241,0.09999999806538659,7,0.17064305946827704,0.8472530195169612,0.7114222130252923,0.6132237042940534,1.6987142450294148,2.5000500000000003,depthwise,55,0.653908051995396,0.6487239960963246,0.6487239960963246,0.6487239960963246,0.6405926571437188,0.6405926571437188
20260307_134501,QSAR_fish_toxicity,regression,A-HDMR-600,True,600,8,42,0.5167301111997279,603,455.53,0.9447802002559518,0.6794507553134345,0.6081690407616543,0.013377159546741405,0.026096431576653183,0.03940805082523704,0.2754106444012885,0.30467082342428353,0.14367442223808333,0.07549936996715804,0.03932391227727718,0.029545671405041996,0.05299351433823588,0.03671473756013661,6,0.004485391698837677,0.6751444927511333,0.6252583768683884,0.6244568271858951,3.1050795554420567,4.811102459499945,lossguide,10,0.5373475014846409,0.5205862698911161,0.5167301111997279,0.5167301111997279,0.5167301111997279,0.5167301111997279
20260307_134501,concrete_compressive_strength,regression,HDMR-200,False,200,1,42,0.2287132263722353,201,503.51,4.012097752333584,2.8166141959142053,0.9404761299051452,0.024089652883750777,0.021997729282704586,0.006148625450737164,0.05033421006234904,0.024478327487616483,0.014350521025824627,0.7704696283187006,0.003876029905304365,0.0033394747731141866,0.08091580080989799,0.010174961407477943,10,0.056453593125548165,0.8433413319608465,0.801304330759518,0.7027998583818826,0.05434467494859372,3.1429741944401197,lossguide,91,0.24518053055323308,0.24518053055323308,0.2367548670766182,0.2287132263722353,0.2287132263722353,0.2287132263722353
20260307_134501,concrete_compressive_strength,regression,HDMR-200,False,200,2,42,0.2765387105874787,201,394.73,3.5037064336619563,2.3725489607941377,0.9534455829492311,0.008286531151474635,0.0026267387988582547,0.006282196997217152,0.01793627664292285,0.006431981295734947,0.020072585814102765,0.8720692603863535,0.009439520108016857,0.012101225221120527,0.0447536835841987,0.014590134030465768,4,0.0010000000000000002,0.8590622575162826,0.6712619917294435,0.8226053813328706,0.0001,1.2280812569096122,lossguide,91,0.2826544204669637,0.2808961571346531,0.2808961571346531,0.2765387105874787,0.2765387105874787,0.2765387105874787
20260307_134501,concrete_compressive_strength,regression,HDMR-200,False,200,3,42,0.23770102089785303,201,386.4,4.921658325473889,2.7411866071003654,0.9168228272388128,0.0062780119003928575,0.05818443821251947,0.02517171899375689,0.029040823502958734,0.0006787139188864114,0.06357303671362868,0.7685614938960091,0.013178009636969574,0.016903887250382325,0.018429865974495738,0.023787794532210627,7,0.07071067811865474,0.9224615743043699,0.8,0.7065580277533429,0.0001,0.0001,lossguide,39,0.25432921172107714,0.24956720763870693,0.24579536530230425,0.23770102089785303,0.23770102089785303,0.23770102089785303
20260307_134501,concrete_compressive_strength,regression,HDMR-200,False,200,4,42,0.2428185618481044,201,583.85,3.6357400924822536,2.468721353739041,0.9448711206508157,0.03630844095643793,0.04307713778637953,0.030711494085551943,0.08190613886763935,0.024431531760966005,0.029142305586879625,0.7037906580436191,0.005692616129712667,0.020642115125916467,0.024297561656897178,0.03981956994782683,4,0.0035527383300883726,0.8029082742990186,0.8056899878789467,0.7521125044019792,0.0001,2.5000500000000003,lossguide,8,0.25967678680070977,0.25840282669722897,0.25399942450091556,0.2428185618481044,0.2428185618481044,0.2428185618481044
20260307_134501,concrete_compressive_strength,regression,HDMR-200,False,200,5,42,0.3267445180634291,201,288.54,4.328362698839094,2.94294008966706,0.9388488710665601,0.03888950195254834,0.015980332733881834,0.001001694200134442,0.07812072790501988,0.033966734413746175,0.039292738404840606,0.7136483689990909,0.05237259364983434,0.02153117704643858,0.005196130694464803,0.03506864358137729,5,0.372124116782823,0.6049752327406578,0.6638308186369093,0.7689612130554171,1.1934099515378307,3.8458681963824173,lossguide,43,0.3413431849537486,0.3375144809333588,0.3267445180634291,0.3267445180634291,0.3267445180634291,0.3267445180634291
20260307_134501,concrete_compressive_strength,regression,HDMR-200,False,200,6,42,0.2719770776314885,201,382.57,3.8830450575416133,2.793125839662667,0.9466681463880902,0.025438810403840745,0.005589785492542677,0.022079561944847535,0.048121508873171806,0.05492766587731757,0.012645502667544785,0.7880030105789262,0.0026360437963849027,0.0034506409745082567,0.0371074693909155,0.011825090443304074,4,0.011272895856681972,0.8,0.6,0.8895285127831096,0.0001,0.0001,depthwise,226,0.28385445968880146,0.2791186992557265,0.2743877614570982,0.2729271210759107,0.2719770776314885,0.2719770776314885
20260307_134501,concrete_compressive_strength,regression,HDMR-200,False,200,7,42,0.3051269724420605,201,452.67,3.878097907388134,2.607729486597335,0.9378020182531714,0.021977034664243937,0.02422754634235499,0.036142877880395385,0.0227095351476519,0.006851643712171286,0.025661600968067005,0.8202647825589187,0.021369752927174357,0.01231739821728287,0.008477827581739494,0.025303789123291037,5,0.004481650872271427,0.7547604122490157,0.6665087441090777,0.6860307087669891,0.0001,2.9799514400795406,depthwise,91,0.32687883714336724,0.31533059881783265,0.3051269724420605,0.3051269724420605,0.3051269724420605,0.3051269724420605
20260307_134501,concrete_compressive_strength,regression,HDMR-200,False,200,8,42,0.23255029411892023,201,513.86,4.5971713796035445,2.834760521616098,0.9360207212230647,0.023966540847602663,0.02568328820725999,0.043627012797939665,0.09009427824386884,0.0032363478773163386,0.0032284517264241624,0.7601189697339095,0.02374593943044354,0.01658745542147353,0.00971171571376175,0.04197004757169775,8,0.08581810301042202,0.7455703390661061,0.896918872153383,0.9666187442083721,0.5045205108703826,4.184824331268192,depthwise,18,0.24372790053789362,0.23344362305001093,0.23344362305001093,0.23255029411892023,0.23255029411892023,0.23255029411892023
20260307_134501,concrete_compressive_strength,regression,A-HDMR-200,True,200,1,42,0.2287132263722353,202,486.51,3.604897501773727,2.527767236136626,0.9519455080110863,0.0062915111790959035,0.01725558103824188,0.04287427446900353,0.0487934300165247,0.03891434402113639,0.0246802203756794,0.6464772619620773,0.013576444189552225,0.029617788470510012,0.13151914427817885,0.010556262099358749,6,0.13875005439538352,0.8453266309757336,0.7777296954376984,0.7345468298976217,0.0001,1.0826752970912343,lossguide,8,0.24518053055323308,0.24518053055323308,0.2367548670766182,0.2287132263722353,0.2287132263722353,0.2287132263722353
20260307_134501,concrete_compressive_strength,regression,A-HDMR-200,True,200,2,42,0.2765387105874787,202,403.77,3.467406715874949,2.34061082210998,0.9544052284955629,0.02227954289595,0.023513849587594976,0.004306199947975979,0.02513963060191318,0.04137324525869451,0.0425696895429925,0.7653238141078321,0.017825317099230794,0.005451182114565683,0.052217528843250476,0.01106928721278249,4,0.0017934510426023517,0.8551279575505092,0.856292389336635,0.847840525287834,0.0001,3.3016983290747475,lossguide,660,0.2826544204669637,0.2808961571346531,0.2808961571346531,0.2765387105874787,0.2765387105874787,0.2765387105874787
20260307_134501,concrete_compressive_strength,regression,A-HDMR-200,True,200,3,42,0.23764762855313004,202,381.07,4.852592206835454,2.6253427944238847,0.9191409143391104,0.0248917313358514,0.06131904571864001,0.02251079916343388,0.06759740261721686,0.02049772387141205,0.08497562611317196,0.6650296782455231,0.013012172953492693,0.023350734654029214,0.016815085327229074,0.03224299136294302,7,0.23067501436690066,0.9208105832112049,0.9888938806305491,0.6993897270921798,0.021642042183704704,1.064636977324918,lossguide,36,0.25432921172107714,0.24956720763870693,0.24579536530230425,0.23770102089785303,0.23764762855313004,0.23764762855313004
20260307_134501,concrete_compressive_strength,regression,A-HDMR-200,True,200,4,42,0.2428185618481044,202,590.93,3.4778920886697016,2.164970863370811,0.9495541190079649,0.0731093054380571,0.07132735515339782,0.007595600929050742,0.12083612716217992,0.01980401389419638,0.09112549902989119,0.5569421875381294,0.016417561904515744,0.01881301592672664,0.024029333023855036,0.017157104761921532,7,0.004556002659131387,0.8376299173984452,0.791643334334801,0.7888348863355207,0.0001,3.4133371353859427,lossguide,626,0.25967678680070977,0.25840282669722897,0.25399942450091556,0.2428185618481044,0.2428185618481044,0.2428185618481044
20260307_134501,concrete_compressive_strength,regression,A-HDMR-200,True,200,5,42,0.3267445180634291,202,282.21,4.401056320264021,2.9443433667623315,0.9367775909644445,0.04585147570009446,0.11402458487791137,0.005094468756168841,0.01907716418859326,0.02817354660396007,0.03159888272822928,0.6811490857686803,0.014129609932091992,0.028269150314282048,0.03263203112998851,0.04043233084297369,5,0.0015759912983717478,0.665273855448923,0.6987452071208446,0.7678452884863163,1.5674320033410118,3.8297957055625766,depthwise,9,0.3413431849537486,0.3375144809333588,0.3267445180634291,0.3267445180634291,0.3267445180634291,0.3267445180634291
20260307_134501,concrete_compressive_strength,regression,A-HDMR-200,True,200,6,42,0.2729271210759107,202,384.09,3.760503421439574,2.731242625053984,0.9499811393807058,0.0029271637761072713,0.009874291581061297,0.06859052225823406,0.10429975671013375,0.04593343040497374,0.017255049088809277,0.604633160716137,0.00376056948478923,0.02378051923938974,0.11894553674036469,0.01109905674866003,6,0.01822462032300635,0.8916553986469538,0.6,0.8576558076669789,0.0001,3.5413835981629793,depthwise,650,0.28385445968880146,0.2791186992557265,0.2743877614570982,0.2729271210759107,0.2729271210759107,0.2729271210759107
20260307_134501,concrete_compressive_strength,regression,A-HDMR-200,True,200,7,42,0.3051269724420605,202,459.63,4.06176654736044,2.8199050687106086,0.9317710526327204,0.04453448336317564,0.019564076125756936,0.05197600579208687,0.04659458375242329,0.010141229884305858,0.008372648050351662,0.7329641488197066,0.03588736205704183,0.03744654685779749,0.01251891529735393,0.03747818298118655,5,0.005505347588933921,0.8111579593484297,0.6,0.6791027382180994,0.0001,2.914229380229341,depthwise,1024,0.32687883714336724,0.31533059881783265,0.3051269724420605,0.3051269724420605,0.3051269724420605,0.3051269724420605
20260307_134501,concrete_compressive_strength,regression,A-HDMR-200,True,200,8,42,0.23075660531777623,202,519.89,4.518497169744845,2.722128237418409,0.9381918164223881,0.013789324737949535,0.03052659935164962,0.038804587469191784,0.039022891019465204,0.004929142125783044,0.04104336791544036,0.7900441667356515,0.009059525862343053,0.012556931693446299,0.020223463089079595,0.04325231138088451,8,0.06340652992885003,0.7325602344133143,0.8886486953282704,0.7015733174786205,0.0001,4.999999962577573,depthwise,15,0.24372790053789362,0.23344362305001093,0.23344362305001093,0.23255029411892023,0.23075660531777623,0.23075660531777623
20260307_134501,concrete_compressive_strength,regression,A-HDMR-600,True,600,1,42,0.22831822046154807,603,1568.26,3.8177604117888397,2.7900197329979473,0.9461028887052535,0.01180376352825338,0.008079079518350366,0.004257907078353813,0.15587975459098796,0.0058883598284174415,0.01647150382072491,0.722001945735712,0.0031264169024665567,0.0030940661147749048,0.06939720288195858,0.011794041504054479,5,0.01396818849586392,0.7487262824950236,0.7049958879393603,0.6098006032245132,0.47509050000000014,0.31294181659236503,depthwise,11,0.24518053055323308,0.24518053055323308,0.2367548670766182,0.2287132263722353,0.2287132263722353,0.2287132263722353
20260307_134501,concrete_compressive_strength,regression,A-HDMR-600,True,600,2,42,0.27558272324121713,603,1116.09,3.3504987059098976,2.2994277435412163,0.9574279679303284,0.012142327349735891,0.017458869651932624,0.011894276868674471,0.09875525498296121,0.009790481567378707,0.007557182486680444,0.7289681468926634,0.0037218412097015535,0.02825853790583084,0.08145308108444102,0.053267504062612,6,0.01883771707352604,0.7114023911505679,0.6550403092571797,0.6466386481218251,0.47509050000000014,1.22807887481917,lossguide,159,0.2826544204669637,0.2808961571346531,0.2808961571346531,0.2765387105874787,0.2765387105874787,0.2765387105874787
20260307_134501,concrete_compressive_strength,regression,A-HDMR-600,True,600,3,42,0.23770102089785303,603,1106.74,4.948482417175642,2.7349956607194676,0.9159136896717349,0.002829815625702788,0.015006356230957162,0.01809049777851761,0.05939663420971343,0.0021199517406040595,0.037226324269334025,0.806687540760923,0.02232276707101064,0.02640369506823595,0.009916417245001315,0.020536985837748968,8,0.009355289363142203,0.7664463757792231,0.7022765073550349,0.774184946579709,0.47509050000000014,0.47509050000000014,lossguide,234,0.25432921172107714,0.24956720763870693,0.24579536530230425,0.23770102089785303,0.23770102089785303,0.23770102089785303
20260307_134501,concrete_compressive_strength,regression,A-HDMR-600,True,600,4,42,0.2428185618481044,603,1418.38,3.704393965465701,2.4904940367955533,0.9427694602584036,0.0038896726436135932,0.03183917093588121,0.016167088361159567,0.043215163229982985,0.0450763543593096,0.01298796920257344,0.7363307519901932,0.017807565659784995,0.04363947493656116,0.049046788680940485,0.07517919287738863,4,0.01635362440614362,0.6913924413662564,0.9076796546626918,0.6324755858026231,0.0785363632755237,4.988650181893478,depthwise,444,0.25967678680070977,0.25840282669722897,0.25399942450091556,0.2428185618481044,0.2428185618481044,0.2428185618481044
20260307_134501,concrete_compressive_strength,regression,A-HDMR-600,True,600,5,42,0.3241391947328867,603,859.79,4.505231350561417,3.0030305579063783,0.9337491609500219,0.046138413826294675,0.058029673750969596,0.05831498310322366,0.027620347581670878,0.0687467685862135,0.04458487148446056,0.6410815325702585,0.018163239819536343,0.010406439476917856,0.026913729800454443,0.03345760213208215,6,0.019321237066717876,0.638,0.6015426084898984,0.7931227768932235,1.0545912337271377,4.525009481413945,lossguide,105,0.3413431849537486,0.3375144809333588,0.3267445180634291,0.3267445180634291,0.3267445180634291,0.3267445180634291
20260307_134501,concrete_compressive_strength,regression,A-HDMR-600,True,600,6,42,0.2719770776314885,603,1029.3,3.8830450575416133,2.793125839662667,0.9466681463880902,0.008439513568392256,0.0010673882070899394,0.006991752922200002,0.1442544378365533,0.041848507357169,0.018702229206955877,0.6849897429679778,0.0005657638182073805,0.02150895857741074,0.07163170553804374,0.011825090443304074,4,0.011272895856681972,0.8,0.6,0.8895285127831096,0.0001,0.0001,depthwise,226,0.28385445968880146,0.2791186992557265,0.2743877614570982,0.2729271210759107,0.2719770776314885,0.2719770776314885
20260307_134501,concrete_compressive_strength,regression,A-HDMR-600,True,600,7,42,0.3051269724420605,603,1258.54,3.878097907388134,2.607729486597335,0.9378020182531714,0.01408649366602409,0.004373438945431325,0.02263748866672772,0.014056603245489475,0.05224004943331249,0.008901835455378466,0.8626187508490639,0.005089645897539596,0.014396599644032922,0.0015990941970000577,0.025303789123291037,5,0.004481650872271427,0.7547604122490157,0.6665087441090777,0.6860307087669891,0.0001,2.9799514400795406,depthwise,91,0.32687883714336724,0.31533059881783265,0.3051269724420605,0.3051269724420605,0.3051269724420605,0.3051269724420605
20260307_134501,concrete_compressive_strength,regression,A-HDMR-600,True,600,8,42,0.22791751715020367,603,1284.31,4.5971713796035445,2.834760521616098,0.9360207212230647,0.021155973173727912,0.019800670252735766,0.0242389295828609,0.11978043080465646,0.0212608590548784,0.002235276274513057,0.7238405912371658,0.007045444584907745,0.004160472455981721,0.056481352578572265,0.04197004757169775,8,0.08581810301042202,0.7455703390661061,0.896918872153383,0.9666187442083721,0.5045205108703826,4.184824331268192,depthwise,18,0.24372790053789362,0.23344362305001093,0.23344362305001093,0.23255029411892023,0.23255029411892023,0.23255029411892023
20260307_134501,healthcare_insurance_expenses,regression,HDMR-200,False,200,1,42,0.4066573408779438,201,88.79,4132.418659628273,2398.0832931510417,0.8292506914208252,0.042561898809683876,0.2395160590746211,0.016206233105267365,0.03403542857816866,0.12856728028174386,0.14714172507096385,0.1429646117460655,0.03865464278370703,0.051593433703680795,0.15875868684609815,0.0331166695713432,6,0.011800861976370413,0.8156331707258831,0.9999999969460192,0.994365320971188,3.3619808006636105,2.070317108143656,depthwise,91,0.40892744148920196,0.40892744148920196,0.40892744148920196,0.40892744148920196,0.4066573408779438,0.4066573408779438
20260307_134501,healthcare_insurance_expenses,regression,HDMR-200,False,200,2,42,0.3716421745689906,201,99.84,3533.7576848857407,2225.9724374897696,0.8966247662708217,0.06568498023447486,0.16249880699181232,0.02479511132980475,0.030185080212263148,0.2833298477525021,0.10895825972098858,0.25178329875301597,0.0008554700211333065,0.008192214322490815,0.0637169306615142,0.011437312229694262,4,0.46673577651819764,0.7762608028373564,0.7888696342521094,0.9811423819683073,4.490787068000231,3.3901727517379725,depthwise,227,0.373831654809314,0.373831654809314,0.3736510827427948,0.3731477631246844,0.3731477631246844,0.3716421745689906
20260307_134501,healthcare_insurance_expenses,regression,HDMR-200,False,200,3,42,0.4083813064671454,201,89.18,4170.766024288083,2372.4198727301646,0.9078619082482602,0.024328396579285136,0.1335689777524137,0.01978989068022241,0.014464920904915303,0.4607519983337377,0.19162330336578104,0.10218762453653879,0.0171884342830442,0.006093809575040992,0.030002643989020746,0.05393656640547132,4,0.11211007769664696,0.6281007848376874,0.9999999972424007,0.9770709063633878,2.7273150528583816,4.118888715144724,lossguide,210,0.41150925723928466,0.41150925723928466,0.41083954064415906,0.4083813064671454,0.4083813064671454,0.4083813064671454
20260307_134501,healthcare_insurance_expenses,regression,HDMR-200,False,200,4,42,0.3050220341183051,201,119.66,5422.076827589661,2962.037844220622,0.8026330411953486,0.028698040856099477,0.44090305906066496,0.010322625267180365,0.07887321119424186,0.12967510443268349,0.04094084809900281,0.06153063561009737,0.04110571567215543,0.05459491172677134,0.11335584808110279,0.01981547178844788,4,4.999999495320239,0.7534174853395945,0.8893866212907411,0.8235263102691005,1.4473619457844953,3.8481125494783854,lossguide,8,0.30780935982798885,0.30780935982798885,0.30780935982798885,0.3050220341183051,0.3050220341183051,0.3050220341183051
20260307_134501,healthcare_insurance_expenses,regression,HDMR-200,False,200,5,42,0.35573021510393593,201,69.52,4584.880136976784,2596.952111929267,0.7825056057562778,0.06257379151187076,0.05759195583812846,0.03319312625519399,0.07455989684031758,0.36094339517111107,0.1805838165722347,0.05863653201787591,0.02702524123817185,0.001920357771956026,0.1429718867831397,0.024542871251282256,6,0.0010000000000000002,0.8984893292704201,0.9999999976515815,0.9403674834228082,2.1463537540991595,3.8394391060859436,lossguide,575,0.3587977763026856,0.3587977763026856,0.35706834658447933,0.35573021510393593,0.35573021510393593,0.35573021510393593
20260307_134501,healthcare_insurance_expenses,regression,HDMR-200,False,200,6,42,0.38464770031990186,201,82.33,4657.696239680112,2538.1970736490457,0.8853589846054319,0.07706059511475051,0.11235750644072064,0.043707045524023665,0.01446440464724119,0.12972560156476898,0.05638309499975069,0.3801568292609222,0.061776648332264754,0.005017016427523145,0.11935125768803426,0.005000000000000002,4,0.2420787365092207,0.7422799963031688,0.9999999971978644,0.8847455066248919,2.008136593179252,2.298398318922995,lossguide,91,0.39096947236405305,0.39096947236405305,0.38878746858260077,0.38844912801752884,0.38464770031990186,0.38464770031990186
20260307_134501,healthcare_insurance_expenses,regression,HDMR-200,False,200,7,42,0.3555569718373782,201,91.78,5393.135839765468,3082.6244982522453,0.8186706895394961,0.025541502700521333,0.14152503481073264,0.0423246435061086,0.018056958940494156,0.17005480799512976,0.09163376345479947,0.3910131904971442,0.036431811394364105,0.04743276154316683,0.03598552515753883,0.007710545282343783,4,0.22872230630761853,0.8199418766142176,0.9999999966052125,0.9343478650924688,4.999999975922682,1.595924366730616,lossguide,91,0.3570204008854771,0.3570204008854771,0.3570204008854771,0.3559899522078234,0.3555569718373782,0.3555569718373782
20260307_134501,healthcare_insurance_expenses,regression,HDMR-200,False,200,8,42,0.4150851832769186,201,99.11,4128.906642192108,2509.0780167641283,0.8887479828949376,0.06734917516866967,0.1368066885285421,0.08651013987847243,0.07425385684440254,0.3546075946268069,0.10234553912414049,0.05628090182106598,0.0061004795306587156,0.037991202307484775,0.0777544221697563,0.0067276141265256995,4,0.0010000000000000002,0.9999999963428442,0.999999997726708,0.9724866508713432,2.6432188035498845,4.880089740651102,lossguide,8,0.4183729227700343,0.4183729227700343,0.4177202655253477,0.4174892037405295,0.4159863569983183,0.4152428074973459
20260307_134501,healthcare_insurance_expenses,regression,A-HDMR-200,True,200,1,42,0.406629984750897,202,91.9,4107.5759918017775,2388.4843351246277,0.8312974917971934,0.04833801168328044,0.1407689893430269,0.051068398343781844,0.017699117544169994,0.10484471797142506,0.21960008804172357,0.08032162160442118,0.10574182323120465,0.024106333653228132,0.20751089858373825,0.03988456520176108,4,0.6772963978725987,0.8190371532735584,0.9999999954627392,0.9999999978377565,3.002546985111136,2.117074004250236,depthwise,8,0.40892744148920196,0.40892744148920196,0.40892744148920196,0.40892744148920196,0.406629984750897,0.406629984750897
20260307_134501,healthcare_insurance_expenses,regression,A-HDMR-200,True,200,2,42,0.3731477631246844,202,98.32,3519.1416495282187,2221.2880874409416,0.8974781419131388,0.050613455782270646,0.03489814979442806,0.0359372236980682,0.017299494585983243,0.31960262822642443,0.15375293773754745,0.22554960969393498,0.04218756420375151,0.013166855229577307,0.10699208104801425,0.018648597227967918,4,0.5975072892600662,0.750516962848634,0.7756127730497102,0.9100508248586728,3.0867201078346405,1.330517517322615,lossguide,226,0.373831654809314,0.373831654809314,0.3736510827427948,0.3731477631246844,0.3731477631246844,0.3731477631246844
20260307_134501,healthcare_insurance_expenses,regression,A-HDMR-200,True,200,3,42,0.4083813064671454,202,95.92,4122.841600018366,2311.3383362500003,0.9099671789587254,0.07181639840114182,0.11585831988502449,0.08021754953179637,0.02325086716346451,0.2910512417313384,0.3150101910427636,0.06278774905412282,0.020774451009298745,0.01571060310981679,0.003522629071232366,0.09577318342711687,5,0.04585780319282843,0.6694665250866865,0.9982182535147593,0.9321454159158614,1.7714778305235992,4.391360374145633,lossguide,232,0.41150925723928466,0.41150925723928466,0.41083954064415906,0.4083813064671454,0.4083813064671454,0.4083813064671454
20260307_134501,healthcare_insurance_expenses,regression,A-HDMR-200,True,200,4,42,0.3050220341183051,202,112.92,5456.796030130924,3038.8522234309507,0.8000973476929931,0.033358349324965196,0.4084082164951516,0.08455117238414045,0.12093634565850934,0.11704683096593654,0.06960197145088935,0.07630239419422867,0.01375668643079544,0.0017150157781698034,0.07432301731721365,0.02566473635942059,4,0.06495359597107724,0.7347201038526645,0.8663619230980958,0.8338970656100286,1.4308354498812512,3.3873984408356237,depthwise,143,0.30780935982798885,0.30780935982798885,0.30780935982798885,0.3050220341183051,0.3050220341183051,0.3050220341183051
20260307_134501,healthcare_insurance_expenses,regression,A-HDMR-200,True,200,5,42,0.35573021510393593,202,71.38,4545.1746246749,2549.7625709417107,0.7862563398955287,0.04211223902764881,0.1140248524189369,0.01132784852454489,0.11519724311418392,0.28666019553756383,0.12386051849558005,0.030033097611451988,0.0397947684004052,0.041004823348147916,0.19598441352153637,0.01031985998146447,5,0.07071067811865474,0.8678906255418224,0.999999997976728,0.9414265016609425,3.0826281863883853,4.999999947552424,lossguide,11,0.3587977763026856,0.3587977763026856,0.35706834658447933,0.35573021510393593,0.35573021510393593,0.35573021510393593
20260307_134501,healthcare_insurance_expenses,regression,A-HDMR-200,True,200,6,42,0.3870722559317511,202,84.57,4660.052404938861,2511.4014839479787,0.8852429695266499,0.07030466148418597,0.1834296516646429,0.09766420221026027,0.04626118364371407,0.04518325440739993,0.1085228047924738,0.21567193935597137,0.0732991059580428,0.012180673846011642,0.14748252263729722,0.021035504973740283,4,0.29167274662322457,0.6969888136830167,0.9999999973918836,0.8953310281182105,2.127684711302396,1.5976615664330263,depthwise,8,0.39096947236405305,0.39096947236405305,0.38878746858260077,0.38844912801752884,0.38826340944787857,0.3870722559317511
20260307_134501,healthcare_insurance_expenses,regression,A-HDMR-200,True,200,7,42,0.3549028143748892,202,99.05,5380.774596177779,3082.146758728948,0.8195009623521101,0.03142726873247451,0.20499819533616717,0.2111846061189669,0.015034234999448965,0.1048185635295659,0.061776747663053994,0.25155704246699095,0.026519344417901793,0.05718901102266001,0.0354949857127697,0.005009236716092162,4,0.15957590737686814,0.7618873807384849,0.9799999987559755,0.9062328487663653,4.944986987614415,1.8857403937117392,lossguide,1011,0.3570204008854771,0.3570204008854771,0.3570204008854771,0.3559899522078234,0.3559899522078234,0.3549028143748892
20260307_134501,healthcare_insurance_expenses,regression,A-HDMR-200,True,200,8,42,0.41629876352605016,202,99.44,4138.712951389419,2503.1353693394462,0.8882188998602849,0.0912906333698152,0.23412138627244888,0.02893814726983926,0.13096895652922413,0.28273313820472945,0.09718051806382816,0.009820580197304682,0.061172586828426107,0.015429832926348717,0.0483442203380354,0.005201289684879678,4,0.0015242888141954504,0.9930007621766943,0.9925761584526098,0.9566472202660982,3.6302549849189725,4.052833981218198,lossguide,28,0.4183729227700343,0.4183729227700343,0.4177202655253477,0.4174892037405295,0.41717307202685294,0.41629876352605016
20260307_134501,healthcare_insurance_expenses,regression,A-HDMR-600,True,600,1,42,0.4066573408779438,603,277.84,4067.417970037052,2379.586844453125,0.8345800321773955,0.13223212905766907,0.10582691520203524,0.004006768405995453,0.04259875281156658,0.19632937091055658,0.10856187359944044,0.2559795099291833,0.04964615063253806,0.020851259244992648,0.08396727020602246,0.01147159032479776,4,0.42620491159594126,0.8452974492089171,0.9799999971067974,0.8714785479825102,3.3619808006636105,2.6548525861109855,depthwise,10,0.40892744148920196,0.40892744148920196,0.40892744148920196,0.40892744148920196,0.4066573408779438,0.4066573408779438
20260307_134501,healthcare_insurance_expenses,regression,A-HDMR-600,True,600,2,42,0.3714081081801578,603,294.03,3533.7576848857407,2225.9724374897696,0.8966247662708217,0.0416046470217638,0.02368316355359407,0.04198820096327845,0.06645929548609773,0.12611680529440045,0.07642163413952106,0.5225587732793486,0.010901353889168634,0.0030409491820992144,0.08722517719072788,0.011437312229694262,4,0.46673577651819764,0.7762608028373564,0.7888696342521094,0.9811423819683073,4.490787068000231,3.3901727517379725,depthwise,227,0.373831654809314,0.373831654809314,0.3736510827427948,0.3731477631246844,0.3731477631246844,0.3716421745689906
20260307_134501,healthcare_insurance_expenses,regression,A-HDMR-600,True,600,3,42,0.4083813064671454,603,282.07,4170.766024288083,2372.4198727301646,0.9078619082482602,0.05022718240831419,0.19321052245200052,0.005865429052286802,0.08756245887239399,0.23933822241061478,0.28400370168865835,0.012328721151131773,0.02617405908754747,0.04514576070427462,0.05614394217277764,0.05393656640547132,4,0.11211007769664696,0.6281007848376874,0.9999999972424007,0.9770709063633878,2.7273150528583816,4.118888715144724,lossguide,210,0.41150925723928466,0.41150925723928466,0.41083954064415906,0.4083813064671454,0.4083813064671454,0.4083813064671454
20260307_134501,healthcare_insurance_expenses,regression,A-HDMR-600,True,600,4,42,0.3050220341183051,603,307.47,5422.076827589661,2962.037844220622,0.8026330411953486,0.18334096087739052,0.31194453810006045,0.013296060660017619,0.0761952581095628,0.0914394973913958,0.1307411167037492,0.010156776210104319,0.04391391688359713,0.023550603871431687,0.11542127119269051,0.01981547178844788,4,4.999999495320239,0.7534174853395945,0.8893866212907411,0.8235263102691005,1.4473619457844953,3.8481125494783854,lossguide,8,0.30780935982798885,0.30780935982798885,0.30780935982798885,0.3050220341183051,0.3050220341183051,0.3050220341183051
20260307_134501,healthcare_insurance_expenses,regression,A-HDMR-600,True,600,5,42,0.35573021510393593,603,210.82,4584.880136976784,2596.952111929267,0.7825056057562778,0.10358711239226817,0.2102685066468075,0.02542537025137416,0.11386948024567631,0.17428165581342528,0.25542129555237764,0.036490603329553575,0.014345074072509753,0.010070640845219815,0.05624026085078776,0.024542871251282256,6,0.0010000000000000002,0.8984893292704201,0.9999999976515815,0.9403674834228082,2.1463537540991595,3.8394391060859436,lossguide,575,0.3587977763026856,0.3587977763026856,0.35706834658447933,0.35573021510393593,0.35573021510393593,0.35573021510393593
20260307_134501,healthcare_insurance_expenses,regression,A-HDMR-600,True,600,6,42,0.38464770031990186,603,255.04,4657.696239680112,2538.1970736490457,0.8853589846054319,0.06374956256549709,0.2625795333006174,0.007350361114422861,0.019744141061873,0.3702622378725458,0.012722767829109971,0.08298964736015907,0.009758036282422982,0.04939647702428501,0.12144723558906682,0.005000000000000002,4,0.2420787365092207,0.7422799963031688,0.9999999971978644,0.8847455066248919,2.008136593179252,2.298398318922995,lossguide,91,0.39096947236405305,0.39096947236405305,0.38878746858260077,0.38844912801752884,0.38464770031990186,0.38464770031990186
20260307_134501,healthcare_insurance_expenses,regression,A-HDMR-600,True,600,7,42,0.3553444980505553,603,273.0,5388.930510589264,3069.7298672384914,0.8189533644660092,0.022600916745367235,0.14769059938074006,0.021142858529510037,0.0425097680294867,0.09894650682083439,0.1567712311707353,0.42484222960551005,0.033397070819855615,0.008325725684606268,0.04377309321335434,0.016718489850209694,4,0.0038376540743328717,0.8582053614582392,0.9079635714893808,0.854970124632684,4.349063302779955,1.2639450253328217,depthwise,946,0.3570204008854771,0.3570204008854771,0.3570204008854771,0.3559899522078234,0.3555569718373782,0.3555569718373782
20260307_134501,healthcare_insurance_expenses,regression,A-HDMR-600,True,600,8,42,0.4150851832769186,603,280.22,4128.906642192108,2509.0780167641283,0.8887479828949376,0.007102325166908678,0.13910420455155736,0.01019074872743907,0.18259076115181785,0.2903741386793269,0.23864068615541517,0.07813160289612255,0.013740633369588084,0.010482021139011956,0.029642878162812362,0.0067276141265256995,4,0.0010000000000000002,0.9999999963428442,0.999999997726708,0.9724866508713432,2.6432188035498845,4.880089740651102,lossguide,8,0.4183729227700343,0.4183729227700343,0.4177202655253477,0.4174892037405295,0.4159863569983183,0.4152428074973459
20260307_134501,airfoil_self_noise,regression,HDMR-200,False,200,1,42,0.21513554753611716,201,449.71,1.9738977227342775,1.2027686137747253,0.9208305831046694,0.028545942489762926,0.04079043206250491,0.008772873538116368,0.03243781253993803,0.02690324034105404,0.02154521467291571,0.823609378033227,0.0015751181963804812,0.009697381554619685,0.0061226065714810336,0.011238320803098462,9,4.999999743545785,0.8502263149905873,0.8705822766702693,0.7524245252114388,0.0001,2.5000500000000003,lossguide,9,0.22583258080039373,0.22583258080039373,0.22583258080039373,0.21513554753611716,0.21513554753611716,0.21513554753611716
20260307_134501,airfoil_self_noise,regression,HDMR-200,False,200,2,42,0.18253243646143796,201,428.87,1.2791320311044234,0.8017547594435674,0.9661641321096145,0.05862933912035754,0.018345177125264192,0.02147793136867142,0.0059949025519962775,0.03940591578066581,0.09357033347117101,0.7505526378355696,0.00419157695317114,0.0045217304774196965,0.0033104553157132194,0.01466377729337631,7,0.0022051380584055254,0.9095757044939787,0.93921462309905,0.8588890130360352,0.0001,2.2437814957874394,lossguide,63,0.2034289639555518,0.19255381780830316,0.19104436017790882,0.19104436017790882,0.19104436017790882,0.19104436017790882
20260307_134501,airfoil_self_noise,regression,HDMR-200,False,200,3,42,0.21416120122292046,201,391.05,1.4171533739983984,0.8512085077813328,0.9625190645011952,0.007353292899808927,0.07794349563319808,0.011476211060147661,0.03730469589482324,0.03252114108587823,0.10125036626928184,0.6839504602317141,0.007225964416977882,0.02718128576888778,0.013793086739282341,0.09999999866296914,7,0.0010000000000000002,0.8897713298144528,0.9999999981584066,0.7350752108930192,0.0001,1.0493409241921934,lossguide,47,0.23683065895070127,0.23647993569930423,0.23232785776546633,0.23232785776546633,0.22527314247491223,0.22527314247491223
20260307_134501,airfoil_self_noise,regression,HDMR-200,False,200,4,42,0.19787707877526695,201,464.53,1.021332706162512,0.7456463610060672,0.975315870747878,0.015465506928254548,0.03262251001415432,0.005870914362500886,0.04059207110439227,0.05170238281069997,0.06486988599211607,0.6912591207262571,0.007724287273289657,0.06033295077824609,0.029560370010089182,0.04592084546295942,8,0.011556703172330134,0.8341528451798712,0.8695369215638128,0.8003998116088321,0.0001,1.20939218376813,lossguide,91,0.2120601295606227,0.2120601295606227,0.2120601295606227,0.2120601295606227,0.2120601295606227,0.21000119857686675
20260307_134501,airfoil_self_noise,regression,HDMR-200,False,200,5,42,0.19734857938618267,201,368.67,1.7199691830011796,1.1981648702418541,0.94061411040989,0.027176706515466754,0.01921141660958542,0.007725525164224665,0.011189711897316941,0.08679957682644904,0.11447922408627034,0.6760495882626945,0.04798784029363557,0.008676056596419379,0.0007043537479374224,0.016655952331547475,7,0.03380301492208631,0.6591865615707966,0.9999999993027953,0.8338764916365925,0.5836032930200122,3.799112446394605,lossguide,28,0.23252379973812687,0.1981111264103689,0.1981111264103689,0.1981111264103689,0.1981111264103689,0.19734857938618267
20260307_134501,airfoil_self_noise,regression,HDMR-200,False,200,6,42,0.21481923589552923,201,461.28,1.3568171940644898,0.8959799376142783,0.9572011490841301,0.01948988924597812,0.022288893965876213,0.0052831562797034945,0.007538838418906011,0.02411795863879506,0.06078200623110856,0.8415966856219496,0.004690167252309977,0.007882595483070015,0.006329808862302953,0.016695788140992002,10,0.011750020176698198,0.881279329060601,0.9046234438372742,0.7701214548499957,0.0001,2.5000500000000003,depthwise,379,0.24671222100052803,0.2386053087204178,0.22179501375242744,0.21513555544218588,0.21513555544218588,0.21481923589552923
20260307_134501,airfoil_self_noise,regression,HDMR-200,False,200,7,42,0.21099504030342145,201,506.64,1.506284268333625,1.0268231025858128,0.9560822338723349,0.01975231879890388,0.021741722825678433,0.0255351808510442,0.0363162805516582,0.012071761444109404,0.04462489388436767,0.8044653361916138,0.022903793397223874,0.006534390747265134,0.006054321308135482,0.03998036308576174,6,0.006287307732989855,0.8406389937602512,0.8796046921785663,0.74709188019938,0.0001,3.158728984991343,depthwise,38,0.2269886724072699,0.22408131472119844,0.2192080300995913,0.21099504030342145,0.21099504030342145,0.21099504030342145
20260307_134501,airfoil_self_noise,regression,HDMR-200,False,200,8,42,0.1951527842018247,201,409.27,1.4573140271572869,0.9810125454989348,0.9479124475802142,0.0213634672989803,0.010130644185696362,0.03142145722996031,0.015600611150222137,0.039071240157820895,0.026660823555005486,0.8111123783896157,0.02077032860178418,0.017669853690782927,0.006199195740131581,0.05273897029730268,8,0.18547139073606378,0.7613393626801799,0.9251957332765052,0.9240765031261738,0.0001,3.765833621326986,depthwise,16,0.26713314021634793,0.21163807580708457,0.21163807580708457,0.1951527842018247,0.1951527842018247,0.1951527842018247
20260307_134501,airfoil_self_noise,regression,A-HDMR-200,True,200,1,42,0.21040366229368226,202,478.01,1.6799798354354805,0.9568652311284492,0.9426522620312061,0.0058354547990334,0.057876497561540376,0.03702850039684554,0.022138188639327854,0.05102307127212175,0.025814480011276075,0.7273368983719577,0.0192282653133333,0.004420521350826263,0.04929812228373784,0.01102192062715828,10,0.28135454407957516,0.8487405933781844,0.8624184696166185,0.8127030981256129,0.0001,0.0001,lossguide,140,0.22583258080039373,0.22583258080039373,0.22583258080039373,0.21513554753611716,0.21040366229368226,0.21040366229368226
20260307_134501,airfoil_self_noise,regression,A-HDMR-200,True,200,2,42,0.17837613483678333,202,415.83,1.2979128178910035,0.8047449525873714,0.9651632513724776,0.04901239702902842,0.02603421182620903,0.0048556166193380055,0.03215151714955225,0.06119603530712029,0.1660054831659831,0.606934999207451,0.022504307313320027,0.01000230785653425,0.02130312452546381,0.018711963971979478,7,0.001530905912063866,0.8684405751102797,0.885154166121459,0.8165801012804106,0.001918839474832586,4.43023061995132,lossguide,937,0.2034289639555518,0.19255381780830316,0.19104436017790882,0.19104436017790882,0.19104436017790882,0.19104436017790882
20260307_134501,airfoil_self_noise,regression,A-HDMR-200,True,200,3,42,0.22352170953460346,202,382.33,1.4044946581290207,0.909963016591174,0.9631856704783749,0.015177465391441606,0.10122414384117848,0.012220589307822684,0.03533619982091163,0.06520315925050246,0.10314056265839888,0.5922780927180111,0.01704116545846112,0.02626565462077072,0.03211296693250133,0.05336709541074874,7,0.001177651823072472,0.831444284137999,0.9888938815152161,0.7307083136708235,0.021642042183704704,1.0446949917008133,lossguide,45,0.23683065895070127,0.23647993569930423,0.23232785776546633,0.23232785776546633,0.22823806468916996,0.22575008644023542
20260307_134501,airfoil_self_noise,regression,A-HDMR-200,True,200,4,42,0.18678487880190123,202,410.28,1.0021709432422297,0.7037324566130947,0.9762334060595682,0.06976482645721813,0.01475949157660127,0.00700640854354093,0.03469061658553232,0.03809633108512179,0.11680598265713991,0.6063673742023568,0.02324892929056452,0.05165931127289281,0.037600728329031635,0.05127272374335369,8,0.010925114662664255,0.8435036849546396,0.8688285150833273,0.8735186060888371,0.0001,3.3821746226535616,depthwise,463,0.2120601295606227,0.2120601295606227,0.2120601295606227,0.2120601295606227,0.18678487880190123,0.18678487880190123
20260307_134501,airfoil_self_noise,regression,A-HDMR-200,True,200,5,42,0.1952246424016743,202,426.83,1.6216547840695281,1.1304808437266238,0.9472091383648497,0.02276537176559941,0.019596892305539224,0.01198988451578975,0.0018418715659731107,0.09205467679347974,0.14400054583250874,0.6623866288125396,0.016320941943865776,0.005095657790598135,0.023947528674106395,0.01654229967032985,10,0.0876065435040699,0.6209219496316851,0.9999999993879968,0.783365048515335,0.3001093986039586,3.809364887888049,lossguide,48,0.23252379973812687,0.1981111264103689,0.1981111264103689,0.1981111264103689,0.1981111264103689,0.1952246424016743
20260307_134501,airfoil_self_noise,regression,A-HDMR-200,True,200,6,42,0.2118918908041803,202,513.53,1.2017277351297413,0.7996331115073341,0.9664261147976003,0.0201155158066535,0.04475445097873652,0.03137629493274526,0.024410576228989248,0.07543180211340846,0.159861277102555,0.5919259988798311,0.024593430668811617,0.021917180301072276,0.005613472987196932,0.011861456595948438,7,0.013813877295776553,0.9071221348175911,0.8391400416992256,0.750861553502109,0.0001,4.999999971664581,depthwise,1024,0.24671222100052803,0.2386053087204178,0.22179501375242744,0.21513555544218588,0.2118918908041803,0.2118918908041803
20260307_134501,airfoil_self_noise,regression,A-HDMR-200,True,200,7,42,0.20870066551429237,202,487.57,1.4061931080784398,0.9273613057237987,0.9617249037806358,0.023708618554871677,0.0057368750504035865,0.047679362942619076,0.05371985294457879,0.038730094229635255,0.007346090536538732,0.7543662390624176,0.0315341570954026,0.031062623017505793,0.00611608656602688,0.03021282948945701,6,0.0035455314992802332,0.8639241180536901,0.875083224702804,0.7856728467932497,0.02558979377228723,3.051709686553525,depthwise,37,0.2269886724072699,0.22408131472119844,0.2192080300995913,0.21099504030342145,0.21099504030342145,0.2094580774927516
20260307_134501,airfoil_self_noise,regression,A-HDMR-200,True,200,8,42,0.1951527842018247,202,434.04,1.5328927886434993,1.0349588035542698,0.9423696546020245,0.017909281735737324,0.0024478641109940778,0.04525885076922905,0.012114010583535968,0.020052145798628847,0.07036173143451453,0.7828544836579011,0.005825655197770841,0.01692741839560852,0.02624855831607972,0.09915379591954136,8,0.282251615810641,0.6167875561058991,0.9911715806623272,0.8879547111062522,0.9895216430100552,3.6348977761236347,depthwise,783,0.26713314021634793,0.21163807580708457,0.21163807580708457,0.1951527842018247,0.1951527842018247,0.1951527842018247
20260307_134501,airfoil_self_noise,regression,A-HDMR-600,True,600,1,42,0.20903156114295662,603,1399.48,1.7527818421105583,1.007938224630153,0.9375742332552486,0.03099546819928334,0.01874323072318834,0.015125539392461007,0.04750553345336542,0.008253910991888463,0.011543427314065371,0.8436067359213676,0.003738471642680939,0.013699601551575765,0.006788080810123733,0.026819536753226503,10,0.024082959987830492,0.8385102123459838,0.9224680939932254,0.8924798119904087,0.25009499999999996,3.0306784701034597,lossguide,43,0.22583258080039373,0.22583258080039373,0.22583258080039373,0.21513554753611716,0.21513554753611716,0.21513554753611716
20260307_134501,airfoil_self_noise,regression,A-HDMR-600,True,600,2,42,0.18253243646143796,603,1272.71,1.2791320311044234,0.8017547594435674,0.9661641321096145,0.005955561314254874,0.025112559067619635,0.011938038890558165,0.07440809525794395,0.04599693267869622,0.03573046664837712,0.7127703000651399,0.0011004397288981987,0.08318196966075918,0.0038056366877527743,0.01466377729337631,7,0.0022051380584055254,0.9095757044939787,0.93921462309905,0.8588890130360352,0.0001,2.2437814957874394,lossguide,63,0.2034289639555518,0.19255381780830316,0.19104436017790882,0.19104436017790882,0.19104436017790882,0.19104436017790882
20260307_134501,airfoil_self_noise,regression,A-HDMR-600,True,600,3,42,0.21416120122292046,603,1107.97,1.4171533739983984,0.8512085077813328,0.9625190645011952,0.002511590321705874,0.02308919383292872,0.018472474180054592,0.035741292648282574,0.027959757666906823,0.01668005029612595,0.8418839422614143,0.009824166054888051,0.01861814642885067,0.005219386308842635,0.09999999866296914,7,0.0010000000000000002,0.8897713298144528,0.9999999981584066,0.7350752108930192,0.0001,1.0493409241921934,lossguide,47,0.23683065895070127,0.23647993569930423,0.23232785776546633,0.23232785776546633,0.22527314247491223,0.22527314247491223
20260307_134501,airfoil_self_noise,regression,A-HDMR-600,True,600,4,42,0.19787707877526695,603,1194.07,1.021332706162512,0.7456463610060672,0.975315870747878,0.0006310753591742425,0.0353336638172372,0.01687610100653274,0.030342187748322126,0.03130745363634603,0.021901427640553365,0.7917864754370497,0.019968099640938194,0.04017656109845706,0.01167695461538945,0.04592084546295942,8,0.011556703172330134,0.8341528451798712,0.8695369215638128,0.8003998116088321,0.0001,1.20939218376813,lossguide,91,0.2120601295606227,0.2120601295606227,0.2120601295606227,0.2120601295606227,0.2120601295606227,0.21000119857686675
20260307_134501,airfoil_self_noise,regression,A-HDMR-600,True,600,5,42,0.1940792213723776,603,1337.17,1.6795359137593902,1.1449931059492389,0.9433733949622992,0.021698836354643824,0.016331948420090628,0.027320963979574148,0.01583535379013815,0.04991676787239125,0.07419122056089639,0.7673012793730168,0.0017241524392313792,0.01213305382674782,0.013546423383269808,0.02434432099127551,8,0.007376403856041692,0.62,0.9006698580111202,0.8647702446544623,0.25009499999999996,4.923694871023566,depthwise,99,0.23252379973812687,0.1981111264103689,0.1981111264103689,0.1981111264103689,0.1981111264103689,0.19734857938618267
20260307_134501,airfoil_self_noise,regression,A-HDMR-600,True,600,6,42,0.21481923589552923,603,1424.79,1.3568171940644898,0.8959799376142783,0.9572011490841301,0.014804611332394467,0.04384277502552964,0.01207519228208974,0.046824404252351154,0.028788967588358517,0.05025453489384142,0.7466174445973109,0.0048457940290981515,0.026982156192221836,0.024964119806804127,0.016695788140992002,10,0.011750020176698198,0.881279329060601,0.9046234438372742,0.7701214548499957,0.0001,2.5000500000000003,depthwise,379,0.24671222100052803,0.2386053087204178,0.22179501375242744,0.21513555544218588,0.21513555544218588,0.21481923589552923
20260307_134501,airfoil_self_noise,regression,A-HDMR-600,True,600,7,42,0.21099504030342145,603,1411.21,1.506284268333625,1.0268231025858128,0.9560822338723349,0.010734274115422463,0.0705397311718765,0.02493516837910276,0.03264119586204724,0.03478801419108977,0.03544211984915316,0.7529097683802451,0.006712114023877298,0.02627456261045834,0.005023051416727458,0.03998036308576174,6,0.006287307732989855,0.8406389937602512,0.8796046921785663,0.74709188019938,0.0001,3.158728984991343,depthwise,38,0.2269886724072699,0.22408131472119844,0.2192080300995913,0.21099504030342145,0.21099504030342145,0.21099504030342145
20260307_134501,airfoil_self_noise,regression,A-HDMR-600,True,600,8,42,0.1951527842018247,603,1129.42,1.4573140271572869,0.9810125454989348,0.9479124475802142,0.013261887358152313,0.05578756883336597,0.022391760989382156,0.029035084018411015,0.022539891270239934,0.062416056298939225,0.7542940580311083,0.011367841691435114,0.0046772446438460595,0.024228606865120007,0.05273897029730268,8,0.18547139073606378,0.7613393626801799,0.9251957332765052,0.9240765031261738,0.0001,3.765833621326986,depthwise,16,0.26713314021634793,0.21163807580708457,0.21163807580708457,0.1951527842018247,0.1951527842018247,0.1951527842018247
20260307_134501,Fiat500_used,regression,HDMR-200,False,200,1,42,0.36508470117392183,201,155.13,842.3052958785285,631.621559261658,0.8284345960967334,0.1016404591596928,0.036064797462488744,0.003548151298672692,0.06709500065665258,0.12002312776247366,0.10467365342163122,0.4151827859295662,0.08592821291563489,0.02867393495454776,0.03716987643863963,0.027653064537563433,10,0.08571322442833845,0.8602520772377908,0.7145081403112319,0.8,1.6965238362216295,2.3208351085584438,depthwise,91,0.36752941767393643,0.36752941767393643,0.366157648865207,0.366157648865207,0.36508470117392183,0.36508470117392183
20260307_134501,Fiat500_used,regression,HDMR-200,False,200,2,42,0.37977912442488554,201,131.92,706.9645490220508,559.4485887912889,0.8717578027580087,0.028763048855651913,0.1027850415080565,0.0765624484382091,0.027769451400797503,0.04351491102153666,0.040641002195995986,0.4709571679097396,0.006474724653947428,0.0023643542098902115,0.20016784980617508,0.0125004877552642,4,0.006949846884351921,0.800000420157464,0.6305062930576618,0.8738506356705813,2.5000500000000003,1.8286352261552838,lossguide,372,0.3834490018512033,0.3813651756575422,0.37977912442488554,0.37977912442488554,0.37977912442488554,0.37977912442488554
20260307_134501,Fiat500_used,regression,HDMR-200,False,200,3,42,0.38170049356000574,201,193.0,740.9676257387397,538.9859390258789,0.8574492154497567,0.04220651646897476,0.08528438742191062,0.028655555686056808,0.010069220920331442,0.04979028693786878,0.06875803840632769,0.6311702271879702,0.023058381695968765,0.026012648482874847,0.03499473679171597,0.037907445909338436,6,0.0038710992290125583,0.8569777807958174,0.8905347348050658,0.6,1.870890640843952,2.880382784039961,lossguide,23,0.3895329728525038,0.38371484979103165,0.38233912132126474,0.38233912132126474,0.38233912132126474,0.38170049356000574
20260307_134501,Fiat500_used,regression,HDMR-200,False,200,4,42,0.3999278981763058,201,131.04,765.4245644051068,562.4167531331381,0.8289528829823396,0.010163583217194275,0.15264719121109985,0.012870669472588638,0.027315852548810072,0.15455146865109998,0.13357195833895782,0.3408570844976171,0.0627494161426393,0.040120157914107064,0.06515261800588591,0.047283016057306136,8,0.004025864266273198,0.8851971690633473,0.6739634187735846,0.6492317335148753,0.0001,0.7854650787286518,depthwise,1024,0.3999278981763058,0.3999278981763058,0.3999278981763058,0.3999278981763058,0.3999278981763058,0.3999278981763058
20260307_134501,Fiat500_used,regression,HDMR-200,False,200,5,42,0.37820549355543565,201,135.77,817.4528593426791,594.5086873372396,0.7855406312439904,0.04669245375385201,0.23042102684826835,0.0023815507404367896,0.0925610729381449,0.06900529243809571,0.04063303170972235,0.3484081591188976,0.015193802858471234,0.037632687553401066,0.11707092204071008,0.05353168810360421,10,0.00922782649364627,0.6,0.7437871489136506,0.8313728745481256,2.1796019583593114,2.8276277305388624,lossguide,44,0.386200354297831,0.386200354297831,0.3835941675640509,0.37820549355543565,0.37820549355543565,0.37820549355543565
20260307_134501,Fiat500_used,regression,HDMR-200,False,200,6,42,0.39265894082499025,201,107.4,669.3321107060884,510.91792551676434,0.8772907684434067,0.034884869441828885,0.05807815113537163,0.01412355194671037,0.2938036211883833,0.16268231994471757,0.08660256172474097,0.21651397216890111,0.06400805859125454,0.015804492325965782,0.0534984015321257,0.09999999761081249,6,0.01528486091226039,0.6943014742823113,0.6869420249701744,0.7882062435150147,4.999999961576242,1.491984628185511,depthwise,295,0.3965617694176353,0.39271276328925125,0.39271276328925125,0.39271276328925125,0.39265894082499025,0.39265894082499025
20260307_134501,Fiat500_used,regression,HDMR-200,False,200,7,42,0.3684978662885348,201,116.35,710.4122381909791,547.5027643839518,0.8614871065772947,0.027584223551033012,0.038419334021151545,0.2955193134107338,0.15407116907875323,0.22710405409505835,0.08196314335888016,0.03344833129257881,0.023232549530870505,0.010406915655176145,0.10825096600576428,0.033225715502112646,10,0.003237587783090556,0.6,0.6772348970879394,0.6,2.1709219540898204,3.7737800306991045,lossguide,343,0.3720609333069223,0.3720609333069223,0.3720609333069223,0.3720609333069223,0.3704237542672115,0.3684978662885348
20260307_134501,Fiat500_used,regression,HDMR-200,False,200,8,42,0.37586021801049974,201,99.79,721.6803066906335,534.0406290690104,0.8746293643691387,0.044797770965834545,0.265004406855262,0.05960843668065418,0.08076504563107963,0.014564703655230542,0.005448385294909276,0.4904808161601953,0.0030443816419638515,0.016969343168076915,0.019316709946793787,0.03447822739236555,10,0.5878405290566378,0.9826993733234403,0.8929933312371541,0.883781780601555,2.5000500000000003,1.875776524298648,depthwise,212,0.3854641118473575,0.37767805723933495,0.37767805723933495,0.3758789115986503,0.37586021801049974,0.37586021801049974
20260307_134501,Fiat500_used,regression,A-HDMR-200,True,200,1,42,0.36368296357033825,202,139.21,834.906971704079,635.9459070393459,0.8314352232971141,0.028698367552258477,0.036458030077050986,0.0711587004543728,0.009021318560759434,0.10227126331147895,0.13575575264832976,0.4461310045246004,0.0241469830152635,0.09820373137310198,0.048154848482783584,0.021372960853402685,4,0.006901064197134786,0.6495579987764358,0.7236374928608496,0.6,1.9221062508963362,2.297887671145303,lossguide,17,0.36752941767393643,0.36752941767393643,0.366157648865207,0.366157648865207,0.36368296357033825,0.36368296357033825
20260307_134501,Fiat500_used,regression,A-HDMR-200,True,200,2,42,0.3794160068397088,202,120.33,714.3483534921278,562.0252717171309,0.8690649936746303,0.032413513376693834,0.004620516895437723,0.024010546327423,0.052973954893407366,0.10722766766463583,0.038847253171107654,0.46563429264726464,0.017370876953347457,0.026250378686907105,0.23065099938377548,0.032083755222934086,4,0.004221717264608874,0.8081530413787421,0.6658140753272347,0.7889777294815784,2.5000500000000003,1.66059439920556,lossguide,603,0.3834490018512033,0.3813651756575422,0.37977912442488554,0.37977912442488554,0.37977912442488554,0.3794160068397088
20260307_134501,Fiat500_used,regression,A-HDMR-200,True,200,3,42,0.378469560217019,202,194.4,740.5177712997229,547.6374944051107,0.8576222530687941,0.01999385288176039,0.18860149812486843,0.05485917409194357,0.08349040527573859,0.06484363624817295,0.09366258494987738,0.30255316611603833,0.05321810599599443,0.09491475696559565,0.04386281935001036,0.03887097661375751,6,0.0010000000000000002,0.8676159745436967,0.906795763939431,0.6,1.7824054209161337,3.8716583797082036,depthwise,31,0.3895329728525038,0.38371484979103165,0.38233912132126474,0.38233912132126474,0.38233912132126474,0.378469560217019
20260307_134501,Fiat500_used,regression,A-HDMR-200,True,200,4,42,0.39613937639772406,202,128.69,765.9265426129938,563.469830830892,0.8287284583058896,0.027448230596959857,0.19607602606792526,0.06708375625067557,0.0375525012532544,0.058562272763091255,0.18266286121398737,0.2930956423958341,0.01533638747689714,0.032448370137706774,0.08973395184366816,0.032724287034460176,8,0.009619741574543246,0.8897701121987771,0.6206326597131218,0.6,0.0001,0.6178621273906606,depthwise,426,0.3999278981763058,0.3999278981763058,0.3999278981763058,0.3999278981763058,0.39613937639772406,0.39613937639772406
20260307_134501,Fiat500_used,regression,A-HDMR-200,True,200,5,42,0.37820549355543565,202,137.66,820.1531018073883,606.0209045410156,0.7841214699356113,0.0864107402016238,0.15675226603500123,0.06533067991410323,0.030812428594749374,0.2105204461458395,0.0261806012259408,0.22651046128935842,0.06239199934478704,0.06411895753999877,0.07097141970859798,0.05097044838500009,8,0.009795427528069731,0.6107960273332252,0.7530802901606074,0.7585459614873763,1.9878513052889875,4.92369482533655,lossguide,53,0.386200354297831,0.386200354297831,0.3835941675640509,0.37820549355543565,0.37820549355543565,0.37820549355543565
20260307_134501,Fiat500_used,regression,A-HDMR-200,True,200,6,42,0.39271276328925125,202,105.59,658.0121282603553,502.58292388916016,0.8814062744331703,0.07957266924542251,0.05875848674768309,0.03746554305258765,0.1662134911766675,0.2604814051766183,0.08920365266037504,0.1528828586015503,0.027918649799774473,0.03967353248434999,0.0878297110549713,0.005000000000000002,9,0.010766333479558167,0.7041427243418861,0.6826144678791121,0.8926349184350779,2.5228654331894886,1.7341218978154187,lossguide,464,0.3965617694176353,0.39271276328925125,0.39271276328925125,0.39271276328925125,0.39271276328925125,0.39271276328925125
20260307_134501,Fiat500_used,regression,A-HDMR-200,True,200,7,42,0.37039233399748334,202,121.45,721.8178665661927,554.5997823079427,0.8570037699587018,0.06124233949941249,0.09339641356379877,0.35296602821958006,0.09585394804270071,0.14127146338966948,0.12797262119316055,0.01418274695116772,0.023072556015767423,0.0514774505084353,0.03856443261630755,0.014028493670771105,10,0.004466239372333771,0.6875966579821096,0.6854547727265072,0.6928634979860394,2.2357594295073793,4.730566556405618,depthwise,456,0.3720609333069223,0.3720609333069223,0.3720609333069223,0.3720609333069223,0.37039233399748334,0.37039233399748334
20260307_134501,Fiat500_used,regression,A-HDMR-200,True,200,8,42,0.3758789115986503,202,100.13,749.1126926428807,534.4082018534342,0.8649170830051958,0.031802585412377446,0.1692529686793527,0.055104254765097255,0.02975917753945335,0.014431768958534439,0.049204446289673937,0.48128730924007834,0.007603598821537575,0.05143573242008518,0.11011815787380982,0.09488576014024475,10,0.537777374614252,0.9939629859556866,0.9852630779340648,0.8896882718711172,0.6230514040492897,2.952672375630356,depthwise,738,0.3854641118473575,0.37767805723933495,0.37767805723933495,0.3758789115986503,0.3758789115986503,0.3758789115986503
20260307_134501,Fiat500_used,regression,A-HDMR-600,True,600,1,42,0.3644599105853303,603,437.53,838.4404524327266,635.555183371114,0.83000540944224,0.020390801061421895,0.0622852201088896,0.06772693886068203,0.10625943143201477,0.09882200038239641,0.09678471198077944,0.4151391824689339,0.018795948160449112,0.034432374862318295,0.07936339068211465,0.01601022133298354,10,0.015403911011355888,0.7262082990375537,0.8368373874777957,0.6133471535795189,2.003622230565792,1.814207969995653,depthwise,14,0.36752941767393643,0.36752941767393643,0.366157648865207,0.366157648865207,0.36508470117392183,0.36508470117392183
20260307_134501,Fiat500_used,regression,A-HDMR-600,True,600,2,42,0.37977912442488554,603,405.69,704.5966931044276,552.6845298332254,0.8726154144140038,0.009798888517721229,0.04501057025751041,0.05619977639082182,0.023565362606985208,0.05894029948241441,0.029781353886401653,0.5435473122663375,0.005201785147766233,0.027269697413777973,0.2006849540302637,0.03943780656025893,4,0.009068949253422501,0.6904438681922214,0.62,0.6213111858363191,2.5000500000000003,1.8917043064693584,depthwise,367,0.3834490018512033,0.3813651756575422,0.37977912442488554,0.37977912442488554,0.37977912442488554,0.37977912442488554
20260307_134501,Fiat500_used,regression,A-HDMR-600,True,600,3,42,0.3805326382117431,603,551.66,731.4696935971522,536.8708953857422,0.8610803055379723,0.012392087635335898,0.07212028528604258,0.02646802103436408,0.0172330117236898,0.2040097032447788,0.02925353095535055,0.5630439629908317,0.058643019844652804,0.015948473619377786,0.00088790366557604,0.01715099663952848,8,0.012090551630890992,0.7776010883179932,0.6226462053603373,0.6481664071799029,2.0282765535000946,2.4659785312441986,lossguide,35,0.3895329728525038,0.38371484979103165,0.38233912132126474,0.38233912132126474,0.38233912132126474,0.38170049356000574
20260307_134501,Fiat500_used,regression,A-HDMR-600,True,600,4,42,0.3975575320827955,603,338.28,765.4245644051068,562.4167531331381,0.8289528829823396,0.003544515267974801,0.11233204703182186,0.0006671491236976305,0.017967440644463657,0.139540349270976,0.18281971721568366,0.4277551849651215,0.03335944643991399,0.04885838200056764,0.033155768039779286,0.047283016057306136,8,0.004025864266273198,0.8851971690633473,0.6739634187735846,0.6492317335148753,0.0001,0.7854650787286518,depthwise,1024,0.3999278981763058,0.3999278981763058,0.3999278981763058,0.3999278981763058,0.3999278981763058,0.3999278981763058
20260307_134501,Fiat500_used,regression,A-HDMR-600,True,600,5,42,0.37820549355543565,603,434.4,835.512525532215,611.6484603881836,0.7759600233428834,0.10564291337539668,0.29166114687374983,0.06333059915409898,0.0685304169922154,0.07004204761708112,0.017027854395239267,0.2638388516060587,0.02155938072933821,0.03775011817327603,0.06061667108354571,0.038418950084632315,8,0.14015119837253762,0.8628580372855972,0.8967056664455981,0.9435113252658234,2.2847780954412986,1.6635468564258689,lossguide,184,0.386200354297831,0.386200354297831,0.3835941675640509,0.37820549355543565,0.37820549355543565,0.37820549355543565
20260307_134501,Fiat500_used,regression,A-HDMR-600,True,600,6,42,0.39265894082499025,603,312.01,661.2920452186191,510.2655944824219,0.8802210469863153,0.030362919556805687,0.07948488218791154,0.01974336007735756,0.1283425932658951,0.1873061515627683,0.14885142438176735,0.213990557517977,0.057107970731282806,0.1039389119627693,0.030871228755465413,0.07626945134027632,10,0.008501377735091532,0.692051051332551,0.664844031178192,0.6556411680938007,4.750004952777948,1.491984628185511,lossguide,58,0.3965617694176353,0.39271276328925125,0.39271276328925125,0.39271276328925125,0.39265894082499025,0.39265894082499025
20260307_134501,Fiat500_used,regression,A-HDMR-600,True,600,7,42,0.3643223502316375,603,376.83,735.4001873989394,575.0132141113281,0.8515716686521246,0.08272743410526757,0.0814842108108373,0.4044441465032509,0.12490863773718891,0.06549499604476136,0.11477105998295516,0.0009778582496280002,0.06832490512060664,0.01486213120392529,0.04200462024157875,0.07800284657737305,9,0.006234229479634745,0.6368448437088143,0.6982930779708784,0.6205645605304697,0.8898709320647241,2.8799405685387716,lossguide,201,0.3720609333069223,0.3720609333069223,0.3720609333069223,0.3720609333069223,0.3704237542672115,0.3684978662885348
20260307_134501,Fiat500_used,regression,A-HDMR-600,True,600,8,42,0.3746581592390566,603,314.07,714.7898032770478,531.3521601359049,0.8770119782348136,0.007836377693066035,0.2572059741444411,0.029074746195207543,0.04587803672990866,0.040358128714250804,0.028827058390426832,0.5033640841498963,0.06414940143879518,0.0020267661001369336,0.021279426443870493,0.014438595167617979,9,4.285276137211578,0.8458145801616737,0.7620416983223968,0.87609061740485,2.5000500000000003,3.8734801975696334,lossguide,74,0.3854641118473575,0.37767805723933495,0.37767805723933495,0.3758789115986503,0.37586021801049974,0.37586021801049974
20260307_134501,miami_housing,regression,HDMR-200,False,200,1,42,0.24758203275325244,201,1570.91,88436.76962904973,45275.72856779907,0.9293516981753009,0.095587468033282,0.1908158046667578,0.01792042786132066,0.04519829178698067,0.008849626488973795,0.02386647458587015,0.19016541646107743,0.04791594980080058,0.025634587718526364,0.35404595259641064,0.01405862867395878,4,0.006768807897573033,0.7512451596239771,0.8339568254202844,0.8976297979529606,0.8135046805409238,2.097707987301299,depthwise,8,0.2538165567124048,0.2538165567124048,0.2521205231409549,0.251118847272135,0.24758203275325244,0.24758203275325244
20260307_134501,miami_housing,regression,HDMR-200,False,200,2,42,0.2586890567172106,201,1299.9,81811.58164814928,40126.782951328394,0.9363545805069154,0.2395759910708954,0.02456605394862122,0.02208641951757199,0.18812431211731562,0.05644913983611352,0.033281487996730814,0.0881669653220435,0.007742622802968446,0.05376354319911536,0.28624346418862423,0.005000000000000002,5,0.0010000000000000002,0.9384903039145649,0.6200828958999691,0.6832322453619857,1.6715365460024174,0.46370193054024744,depthwise,30,0.26498248221791876,0.2613852501637286,0.2590021291167605,0.2586890567172106,0.2586890567172106,0.2586890567172106
20260307_134501,miami_housing,regression,HDMR-200,False,200,3,42,0.2501736956508665,201,1484.61,77261.48659955464,40136.1607256279,0.9352124898619204,0.1728700882013275,0.32892491015054903,0.05657266814508526,0.020722233712040017,0.048930619772772056,0.08936609037930776,0.0932691325921267,0.0039336427010325066,0.015868387882431462,0.16954222646332773,0.02362116282463353,4,0.127405219441706,0.8,0.6,0.8,0.5976726664428895,3.6337352426789864,lossguide,91,0.25832040440761406,0.2566361099133239,0.256228098038777,0.2538702267387117,0.2538702267387117,0.2501736956508665
20260307_134501,miami_housing,regression,HDMR-200,False,200,4,42,0.2616859463397778,201,1447.55,77069.90326240868,39836.87105291812,0.9361858221783474,0.10862040376904725,0.12301533748459335,0.013123545720241537,0.025058999365360175,0.011291658231190388,0.029713313825797488,0.5451580168128087,0.012474606806916423,0.01492297271708088,0.1166211452669636,0.0347540407595122,6,0.07071067811865474,0.8387782926410072,0.7815127598450614,0.7964322839853029,2.5000500000000003,1.780408317294294,depthwise,52,0.26535958215462213,0.2649706901931854,0.2644918963416088,0.2644918963416088,0.2616859463397778,0.2616859463397778
20260307_134501,miami_housing,regression,HDMR-200,False,200,5,42,0.281043085585309,201,1192.74,80380.18536779849,43371.51554333624,0.9296586922377045,0.011412692437816181,0.2898573113196052,0.004238042227772678,0.017692558757735722,0.13811915888990847,0.07928927662589363,0.17411527491983517,0.03356477135812499,0.032676307108072386,0.21903460635523553,0.023315483246676445,4,0.0010000000000000002,0.7820549321001842,0.6106510435935194,0.648618737154682,1.076247509881981,4.3143601127254145,depthwise,91,0.2869810697675535,0.2863348415066693,0.2863348415066693,0.2841374192520614,0.281043085585309,0.281043085585309
20260307_134501,miami_housing,regression,HDMR-200,False,200,6,42,0.2533577133356537,201,1513.11,86124.94725304338,41330.332915940766,0.923592566020899,0.06153549549264275,0.4258586331871592,0.007169292191087774,0.034479683072560954,0.003921255066245783,0.02759996147325622,0.15090408887982898,0.03924776882915174,0.030264416298084466,0.21901940550998208,0.0109003095754775,4,0.4476450210892821,0.8620745937216169,0.7273571733456832,0.9068994057859849,0.8885015806145399,3.0611228318653403,lossguide,19,0.25920730329168884,0.2568204817592559,0.2537869402254462,0.2535567138201059,0.2535567138201059,0.2533577133356537
20260307_134501,miami_housing,regression,HDMR-200,False,200,7,42,0.25064773640127014,201,1330.88,83327.97071301403,45313.00683934016,0.9283443355047323,0.08847141795881765,0.23112014121594038,0.025613498824263392,0.03992760452580728,0.013828131485022231,0.04584167058915506,0.3975719761111075,0.019394258380393107,0.026149548388666188,0.11208175252082724,0.015952750907197836,5,0.0010000000000000002,0.7170509451727822,0.6,0.7003525626209604,0.0001,0.8668590298693869,depthwise,8,0.25918542168033787,0.25505946292670656,0.2511522544278024,0.2511522544278024,0.2511522544278024,0.25064773640127014
20260307_134501,miami_housing,regression,HDMR-200,False,200,8,42,0.2556104751899708,201,1862.3,89346.0969040982,45472.083290233015,0.9340813476447354,0.03626493245153541,0.43748293120656123,0.04465709682551318,0.04794707488545185,0.0020156754724224763,0.011842210346136244,0.15586785612550766,0.003757530213626293,0.00618367351449295,0.2539810189587525,0.0223606797749979,4,0.012698086567693419,0.8240695672812648,0.7419728953314797,0.6625154299712286,1.118620021149145,3.6849127526868073,lossguide,8,0.26662679469764755,0.26662679469764755,0.26059822605173216,0.2580656204158594,0.2580656204158594,0.2580656204158594
20260307_134501,miami_housing,regression,A-HDMR-200,True,200,1,42,0.2480470387695065,202,1620.93,88061.1727075102,44753.449468278166,0.9299505200503452,0.06477657264126074,0.10059788258856008,0.07288646698356538,0.002324473873255168,0.010079874672982965,0.015467577036772293,0.21732212525778508,0.10195333345209627,0.017264442984795972,0.3973272505089262,0.011406710965648343,4,0.008462586796293905,0.8095376545572763,0.9912816489874929,0.9096401791967867,1.4425141868744382,1.9139634335225197,depthwise,9,0.2538165567124048,0.2538165567124048,0.2521205231409549,0.251118847272135,0.2480470387695065,0.2480470387695065
20260307_134501,miami_housing,regression,A-HDMR-200,True,200,2,42,0.25657659751944845,202,1335.6,81802.50709246082,40118.898569069395,0.9363686988471475,0.17972019708779488,0.14611995128309738,0.0066935599930770875,0.15990830286682997,0.14310090305694204,0.007337482973803692,0.07585423388445157,0.0043149861309123095,0.0021716718239926645,0.27477871089909855,0.011135559179800029,6,0.3271881496996699,0.9987916992031055,0.6010164970881451,0.6897489320669172,1.5510137874672805,0.9483624637189906,depthwise,29,0.26498248221791876,0.2613852501637286,0.2590021291167605,0.2586890567172106,0.2586890567172106,0.25657659751944845
20260307_134501,miami_housing,regression,A-HDMR-200,True,200,3,42,0.2501752802984236,202,1642.9,76851.50799101009,40157.480187463705,0.9358982395612665,0.1537659804289003,0.37624785033558567,0.04403894949923732,0.022229159759547718,0.024358358194947038,0.10616509634413832,0.06448933581832982,0.005505170213994586,0.01159953792801045,0.19160056147730894,0.025050205075974767,4,0.1593472136657644,0.9563010310467333,0.6625159101526229,0.6320760576074466,0.053477850432207395,2.0497131132507094,lossguide,91,0.25832040440761406,0.2566361099133239,0.256228098038777,0.2538702267387117,0.2538702267387117,0.2538702267387117
20260307_134501,miami_housing,regression,A-HDMR-200,True,200,4,42,0.26313832586212343,202,1454.45,75212.31324367922,39626.158899535425,0.9392249335021609,0.10442867025629264,0.19744897975390951,0.0009096534011483947,0.04165650340200655,0.009502313017210247,0.04617897722999773,0.49944333924368406,0.005454814759827604,0.01571764070740772,0.07925910822851548,0.034987600147110685,6,0.01908415684491386,0.8169342652341909,0.777531037080863,0.8009886037947334,0.0005542382664798223,1.2714566682656685,depthwise,44,0.26535958215462213,0.2649706901931854,0.2644918963416088,0.2644918963416088,0.26343366481644664,0.26313832586212343
20260307_134501,miami_housing,regression,A-HDMR-200,True,200,5,42,0.2806451008580508,202,1186.25,77257.83013519712,41459.121833260746,0.9350173460617361,0.011733691248490745,0.19430890351331107,0.016284845785641,0.002325667826993394,0.02289837227827406,0.06603618958873213,0.26780615894716914,0.037725300874141394,0.08267704384228554,0.2982038260949616,0.02112675868013147,4,4.999999734239336,0.7442529969762127,0.6,0.6001051618441933,1.3182147662508588,0.0001,depthwise,15,0.2869810697675535,0.2863348415066693,0.2863348415066693,0.2841374192520614,0.2806451008580508,0.2806451008580508
20260307_134501,miami_housing,regression,A-HDMR-200,True,200,6,42,0.2535567138201059,202,1487.67,86970.52972968058,41660.724784044716,0.922084850619732,0.06712650768478344,0.32644139635896424,0.027833311326196205,0.055180148110265025,0.03014532287474154,0.10417267241546468,0.08982807058285687,0.038805093553039946,0.005352659612117908,0.2551148174815702,0.01205821894224087,4,0.3825582984371139,0.8906022121702881,0.7814413612017563,0.786233753153782,0.8962783124777337,1.7486115929689718,lossguide,23,0.25920730329168884,0.2568204817592559,0.2537869402254462,0.2535567138201059,0.2535567138201059,0.2535567138201059
20260307_134501,miami_housing,regression,A-HDMR-200,True,200,7,42,0.2507213626259066,202,1336.88,81221.83263882823,44383.563536676105,0.9319207934569792,0.11118381155370069,0.21572363566728256,0.04138583819905036,0.07249135791747276,0.0022976313321233406,0.010442282386203705,0.33957692704845577,0.04125283040871798,0.02145532537999336,0.14419036010699943,0.021433270428579863,4,0.0024420191296387495,0.7158106535820941,0.6,0.6815656392525049,0.0001,0.7056418521114602,depthwise,91,0.25918542168033787,0.25505946292670656,0.2511522544278024,0.2511522544278024,0.2507213626259066,0.2507213626259066
20260307_134501,miami_housing,regression,A-HDMR-200,True,200,8,42,0.2580656204158594,202,1822.6,88931.0212112015,45424.9127445376,0.9346924022992088,0.061670396614847627,0.4655371273472234,0.03150317150899508,0.02050106840717675,0.01524895195320408,0.020162525077259172,0.1038039218006862,0.005452915431861482,0.025025445408633898,0.25109447645011235,0.009113912472964078,4,0.011514214177360673,0.7729575377517253,0.7259247056978005,0.7153117267967415,1.0762478829587636,3.937721974661408,depthwise,8,0.26662679469764755,0.26662679469764755,0.26059822605173216,0.2580656204158594,0.2580656204158594,0.2580656204158594
