run_id,dataset,task,method,total_evals,fold,seed,best_val,n_trials,duration_sec,rmse,mae,r2,param_learning_rate,param_feature_fraction,param_bagging_fraction,param_num_leaves,param_min_data_in_leaf,param_extra_trees,param_min_data_per_group,param_cat_l2,param_cat_smooth,param_max_cat_to_onehot,param_lambda_l1,param_lambda_l2,conv_10,conv_25,conv_50,conv_100,conv_150,conv_200,auc,accuracy,logloss
20260330_110717,QSAR_fish_toxicity,regression,Optuna-200,200,1,42,0.6492529422143626,200,118.58,0.8915685562171113,0.6570155219825518,0.6542761721690802,0.014220464583719178,0.6224199919005792,0.980613173479787,11,6,False,31,1.2895591476429207,0.0016009833612843534,12,0.8753168516407024,1.6068038299415262,0.6647934496987742,0.6604986717739304,0.6586542181030459,0.6557683886358048,0.6557683886358048,0.6492529422143626,,,
20260330_110717,QSAR_fish_toxicity,regression,Optuna-200,200,2,42,0.5210180960512224,200,27.23,0.9018466739687302,0.6477366767344019,0.6776619814173146,0.05654959168704024,0.7326708985387707,0.7169124411326312,16,1,False,83,0.24796371968999573,0.0040204643028484595,42,0.3122281043209365,1.5988092094768982,0.5442035102635581,0.5442035102635581,0.5391775297143577,0.5311137857614524,0.5210180960512224,0.5210180960512224,,,
20260330_110717,QSAR_fish_toxicity,regression,Optuna-200,200,3,42,0.4555775291313729,200,112.29,0.8606167043592103,0.6369001971748941,0.6535306092257791,0.018486389946060184,0.9820889904145174,0.8289463142475915,54,1,False,16,0.13379036767583857,0.04520633470585005,11,0.1142432643810482,0.23433002956333138,0.4955647657386623,0.46677869805764866,0.46620276351165885,0.46209934828087024,0.45743711814982907,0.4555775291313729,,,
20260330_110717,QSAR_fish_toxicity,regression,Optuna-200,200,4,42,0.555649187878683,200,76.42,0.9775163919473512,0.6613773281429415,0.5943099954775114,0.025891830254680833,0.6242892060085816,0.7136190516434227,148,4,False,24,0.039031007771317947,0.020457245060506588,21,0.20566917487471714,0.9898617011441881,0.569150965069385,0.5614120082201031,0.5593503786710583,0.5593503786710583,0.555649187878683,0.555649187878683,,,
20260330_110717,QSAR_fish_toxicity,regression,Optuna-200,200,5,42,0.5544865680525282,200,29.9,0.7913519265850522,0.5902781406808784,0.5755918047371211,0.07321176484116103,0.7144800179680446,0.753911495202541,200,6,True,11,0.023163434786576852,0.09568627905063298,80,0.17786567536437933,0.08630457406860403,0.5687580040622084,0.5637178632993076,0.5637178632993076,0.5621787847851979,0.5560730938256786,0.5544865680525282,,,
20260330_110717,QSAR_fish_toxicity,regression,Optuna-200,200,6,42,0.5802651679844112,200,27.89,0.8498879027936527,0.6051763081411473,0.6010117659246306,0.09676226390498263,0.9853228566551152,0.7570354615221981,55,11,True,35,0.014350179642258891,0.012817986172265603,42,0.006849772675555868,1.8098487828315073,0.6015901402840422,0.5802651679844112,0.5802651679844112,0.5802651679844112,0.5802651679844112,0.5802651679844112,,,
20260330_110717,QSAR_fish_toxicity,regression,Optuna-200,200,7,42,0.6252070162309592,200,35.91,0.8970099373396714,0.6551636052068709,0.6015522167730587,0.08036625816781473,0.4620867053701053,0.8590585127615327,23,31,False,50,0.9884789236049302,0.07014232721640723,13,0.28850403113994794,0.8343789459893467,0.6553963056839387,0.6480188431716248,0.6409000687585087,0.6315574825329611,0.6252070162309592,0.6252070162309592,,,
20260330_110717,QSAR_fish_toxicity,regression,Optuna-200,200,8,42,0.5068094402135005,200,64.57,0.9563508323964333,0.7036596758000462,0.5985128392910464,0.08331758484304609,0.5994022283112412,0.7353098345235374,11,10,False,8,0.18996279112320702,0.010998225283988923,54,0.9727998255452144,0.2434386122720842,0.5482396956812071,0.5237272455892961,0.5124164254894411,0.5124164254894411,0.5068094402135005,0.5068094402135005,,,
20260330_110717,concrete_compressive_strength,regression,Optuna-200,200,1,42,0.215248524058589,200,292.75,4.0879016213247,2.8146787089745047,0.9382056142208347,0.07662220985226258,0.8922953217015597,0.970816799630783,15,17,False,31,0.37908262744529914,0.009396894451998178,40,0.0583699975061672,1.2661802929744432,0.22922980011554978,0.22922980011554978,0.22885480671721117,0.2267321103249777,0.215248524058589,0.215248524058589,,,
20260330_110717,concrete_compressive_strength,regression,Optuna-200,200,2,42,0.2648780833580508,200,224.14,3.9103267520018616,2.5691578069713343,0.9420128759547137,0.015474884892929152,0.7074331537879052,0.9653698987676248,32,1,True,11,0.005064213870468237,3.2072498131161677,27,0.3168754442854621,1.4384303727435068,0.2811665833418846,0.2744881429652672,0.2744881429652672,0.2739027940429479,0.27212422110886975,0.2648780833580508,,,
20260330_110717,concrete_compressive_strength,regression,Optuna-200,200,3,42,0.2260690792675205,200,279.63,5.145808386911016,2.9090798480026616,0.9090739229299991,0.023527353531053282,0.6455705057074261,0.9481128645570066,28,1,False,7,1.7156977953997758,0.0058591316843892875,73,0.12538969326040406,0.6817564276002086,0.2488991099600353,0.23561451249539722,0.23154505747609935,0.22788552666001965,0.2260690792675205,0.2260690792675205,,,
20260330_110717,concrete_compressive_strength,regression,Optuna-200,200,4,42,0.21759616749971578,200,204.51,3.781954596670128,2.622332555214308,0.9403478464502693,0.07912485878806409,0.4734927769892454,0.9996977282152593,6,1,False,13,0.009952656884726626,0.05711039546037818,88,0.10875685130135498,0.3063557552265581,0.2553230567686281,0.2467456338771619,0.2358678503811326,0.22814027814209728,0.21759616749971578,0.21759616749971578,,,
20260330_110717,concrete_compressive_strength,regression,Optuna-200,200,5,42,0.32031010616841676,200,91.39,4.712619854180109,3.006454009606364,0.927509348171278,0.09339866915237993,0.40034328179223344,0.8119773251302822,103,16,False,55,0.0632458056889398,53.861409863862626,67,0.37764459175990284,1.4717545680113662,0.3328693888395636,0.3328693888395636,0.3328693888395636,0.32596024368344356,0.32119296812833487,0.32031010616841676,,,
20260330_110717,concrete_compressive_strength,regression,Optuna-200,200,6,42,0.26213699657841155,200,187.38,3.8059644881390358,2.8808500545099673,0.9487644642395886,0.07488406426923859,0.7514646709717974,0.7667972590988774,32,2,True,16,0.6910360826241722,0.5848325936354677,14,0.11792355104373298,1.3166890210096391,0.27962349338577547,0.2731271747854436,0.2644560480340817,0.26213699657841155,0.26213699657841155,0.26213699657841155,,,
20260330_110717,concrete_compressive_strength,regression,Optuna-200,200,7,42,0.30686204046144167,200,124.4,3.9311824341443797,2.641707243900589,0.9360875963053966,0.082808398837451,0.5121528026334877,0.8836886175514375,7,9,False,2,0.1438396401304812,35.15560813844068,8,0.28465372400306727,1.7243229284855204,0.31323575683823024,0.31323575683823024,0.3109591538788902,0.30986509921412225,0.30710199581869935,0.30686204046144167,,,
20260330_110717,concrete_compressive_strength,regression,Optuna-200,200,8,42,0.22485856631977796,200,143.52,4.48217742643059,2.6085358841149047,0.9391814531006295,0.08219247510680051,0.8376353765934771,0.7112795805220703,76,15,False,5,1.1160006074325453,0.03880254204151156,29,0.17665884504800694,0.4035054652874467,0.25115308382955753,0.2329342509649648,0.22957982085858314,0.22485856631977796,0.22485856631977796,0.22485856631977796,,,
20260330_110717,healthcare_insurance_expenses,regression,Optuna-200,200,1,42,0.4012056383275221,200,31.02,4156.355434721317,2384.9398140434228,0.8272668531297631,0.09975308810576704,0.6413704876718404,0.912132364100761,4,64,False,13,0.4599092611475086,0.12897960493726685,22,0.5495921615787019,0.7237412519664574,0.4076470207076457,0.4060438102317649,0.40512812079992455,0.4033538925130804,0.4015967361812204,0.4012056383275221,,,
20260330_110717,healthcare_insurance_expenses,regression,Optuna-200,200,2,42,0.3729064366564338,200,102.12,3567.7649405312563,2290.3042024758506,0.8946255212006238,0.009663553778970092,0.9984507712531123,0.9827114570079104,85,58,True,4,0.10034335190665808,2.6470756380031704,55,0.48273743169615013,1.256244847443811,0.381424019528577,0.37690351789750404,0.37479217013950816,0.37402313344382526,0.3735793148765982,0.3729064366564338,,,
20260330_110717,healthcare_insurance_expenses,regression,Optuna-200,200,3,42,0.39917509419288844,200,37.38,4237.043444974828,2567.4439623105022,0.9049103183213533,0.060620545158013774,0.9650608943906978,0.9867703772751233,18,7,True,49,0.0056301978018180425,50.128091232290316,61,0.9083165666833369,1.1711635587442968,0.4054802065331439,0.40343819253463126,0.40343819253463126,0.4020469063376885,0.4017302424984326,0.39917509419288844,,,
20260330_110717,healthcare_insurance_expenses,regression,Optuna-200,200,4,42,0.30795999392134893,200,31.76,5552.532983615349,3150.848010667325,0.7930214170170837,0.06915902571651769,0.8573611376448403,0.8282076568546114,9,14,False,28,0.07297178850849255,0.00194844033667972,31,0.18583552808505613,1.4597281923637302,0.3121540761100991,0.31007887925254113,0.3095685207140138,0.30915082104166014,0.30915082104166014,0.30795999392134893,,,
20260330_110717,healthcare_insurance_expenses,regression,Optuna-200,200,5,42,0.3529497898108708,200,30.56,4562.505579460613,2569.915438958966,0.7846232038766436,0.05520113007043181,0.8080030884049471,0.7003546603716151,6,2,False,14,0.01292463158484878,53.79200929601343,45,0.020220368792740792,0.09096404218724373,0.35745522972644345,0.35745522972644345,0.35745522972644345,0.35402397614651626,0.35402397614651626,0.3529497898108708,,,
20260330_110717,healthcare_insurance_expenses,regression,Optuna-200,200,6,42,0.38021314474492307,200,41.79,4825.901698672895,2655.432785132699,0.8769293078705438,0.08537905550864754,0.6681541384104576,0.770424581233555,97,1,True,3,0.01162401642190547,0.0010251072284493644,69,0.25756576435584944,1.3425903785092794,0.3879285034428748,0.3824673905888402,0.3824673905888402,0.3824673905888402,0.381836266059492,0.38021314474492307,,,
20260330_110717,healthcare_insurance_expenses,regression,Optuna-200,200,7,42,0.34607045915649426,200,46.15,5430.137204989443,2958.0140625889403,0.8161740165966158,0.04933553518476102,0.9999703049244034,0.9829955617217687,37,1,True,2,1.7873961799891274,0.1341039061306447,12,0.9140271145475661,0.3886168803897783,0.35716199518638725,0.35175633758235497,0.3503376573812236,0.34857598080996105,0.34607045915649426,0.34607045915649426,,,
20260330_110717,healthcare_insurance_expenses,regression,Optuna-200,200,8,42,0.41326178575511385,200,28.6,4116.116241183793,2480.4690186243606,0.8894361815087981,0.027736887693377055,0.9962489053492974,0.9876033395758445,10,2,False,3,0.01813671987110701,14.753585523878225,80,0.11973665096745854,1.0985712495416666,0.41890419994604916,0.41564372675909605,0.41539806524923756,0.41484693098194675,0.4142794574781054,0.41326178575511385,,,
20260330_110717,airfoil_self_noise,regression,Optuna-200,200,1,42,0.1952242093394207,200,1387.83,1.6921633086853118,0.9348061565367565,0.9418174565920183,0.03522619114906655,0.9602154902537492,0.7977324689123428,63,4,False,17,0.028700748264778832,0.0010649178016700752,16,0.0003717284704538681,1.1453135813853217,0.23727199689643103,0.21723118232320657,0.2129350418790778,0.1980946558506759,0.19778850470024353,0.1952242093394207,,,
20260330_110717,airfoil_self_noise,regression,Optuna-200,200,2,42,0.16711926465877935,200,424.77,1.2597857405652613,0.8072731295191937,0.9671798963347914,0.057853684799621156,0.9446446739090462,0.736777887735634,60,3,False,5,0.006982859602757689,0.10735553706389662,73,0.017880627960604828,0.9045937760382501,0.21074532369725857,0.18656178642968566,0.18179645489444765,0.16939141922616222,0.16844081962702384,0.16711926465877935,,,
20260330_110717,airfoil_self_noise,regression,Optuna-200,200,3,42,0.2178123550196741,200,249.4,1.3721815400989614,0.8650186570268438,0.964860153761905,0.08623450470746741,0.9874721581850361,0.9136397280316866,26,3,False,65,0.013315941699172525,0.0018920897110679012,9,0.07148312762595549,0.5637692878437136,0.233330019414554,0.23180793227378407,0.23180793227378407,0.22858272361627743,0.2178123550196741,0.2178123550196741,,,
20260330_110717,airfoil_self_noise,regression,Optuna-200,200,4,42,0.17758439126319095,200,613.54,0.9918610643500895,0.6842744854418836,0.9767198905752466,0.04408214725820443,0.9332415815518165,0.7822726826275479,32,1,False,8,0.0939927694136,1.8524730229371544,42,0.02341643686031785,1.298260586256437,0.2047864194526841,0.19595359211761834,0.19537140385153393,0.18388674772164113,0.17758439126319095,0.17758439126319095,,,
20260330_110717,airfoil_self_noise,regression,Optuna-200,200,5,42,0.179925373533244,200,318.82,1.733534934345086,1.206396985624199,0.9396736386361505,0.055334360595148395,0.9751809210129335,0.8236968435876627,13,5,False,10,0.04337732276882772,0.4556974598995529,15,0.08445246601941837,0.16448276295887915,0.21433028300067,0.20199061693785983,0.1884517949837138,0.1877858788701549,0.18437668711880842,0.179925373533244,,,
20260330_110717,airfoil_self_noise,regression,Optuna-200,200,6,42,0.21257031463576692,200,657.49,1.1936875659420423,0.8336440063554922,0.9668738646372914,0.013416800239030332,0.8820315240085712,0.7737618793317814,34,1,False,6,0.00801853812522113,3.5009815944181844,76,0.016838147515694846,1.0199596280673315,0.26383428383090257,0.23807942049162223,0.22142573039145713,0.21555079709085526,0.2146693088258593,0.21257031463576692,,,
20260330_110717,airfoil_self_noise,regression,Optuna-200,200,7,42,0.19846153882231524,200,738.77,1.254606423667795,0.7936518189534675,0.9695321804585049,0.025476496414303645,0.9894374696172639,0.931137051087799,40,1,False,3,0.012784111143386923,0.6482869959837616,21,0.031392384250972655,1.7584115788318424,0.23207371895320908,0.22306590275963953,0.20969535200262707,0.19947534963809488,0.19947534963809488,0.19846153882231524,,,
20260330_110717,airfoil_self_noise,regression,Optuna-200,200,8,42,0.20069274173684903,200,1167.6,1.296392012545128,0.809793599781135,0.9587807245680913,0.02301912455989808,0.9732046188123709,0.9325549482429389,25,1,False,6,0.045195190144627154,72.98510852765051,11,0.02141887108946058,1.8019261646096656,0.24702181831957476,0.21904366708020315,0.21740179540485915,0.20457719912042518,0.2013061623221655,0.20069274173684903,,,
20260330_110717,Fiat500_used,regression,Optuna-200,200,1,42,0.3504531747138501,200,200.17,825.6134201000144,602.5975940811294,0.835167008020659,0.024441957579278473,0.7014117702238505,0.9121240349418666,48,1,False,5,0.005260793109962911,8.285226774100513,9,0.05389590174651903,0.0421693017422914,0.3648430674970735,0.35987967000002824,0.35497779877449437,0.35497779877449437,0.35217854210105554,0.3504531747138501,,,
20260330_110717,Fiat500_used,regression,Optuna-200,200,2,42,0.3663644741515703,200,40.15,703.94554887011,542.0171337596013,0.8728507473714886,0.08545695309584812,0.7236019033818298,0.9994804012564801,6,1,False,3,0.18553863301789755,27.62296070071459,22,0.041441627508476186,0.38678513790726354,0.37989014583544983,0.37877264405007693,0.37615401466109405,0.368987997994506,0.368987997994506,0.3663644741515703,,,
20260330_110717,Fiat500_used,regression,Optuna-200,200,3,42,0.37391970473591213,200,173.94,731.4704927284619,544.0682984862068,0.8610800019980198,0.014915979760627484,0.5773646315769295,0.8631058087538885,101,11,False,37,0.03690334115748432,20.575573070903452,94,0.9306705260166469,0.7551922543394668,0.38069537336824016,0.3768221834665984,0.37672088229005496,0.37558658678282425,0.3746063527522312,0.37391970473591213,,,
20260330_110717,Fiat500_used,regression,Optuna-200,200,4,42,0.3772724726544437,200,222.39,749.5981415787414,555.559831273703,0.8359531220704222,0.015090843463342161,0.588046684885381,0.9822454642569826,81,1,False,55,0.006868301007113251,0.1785525282558031,20,0.08255630734072025,0.6271785271008607,0.39594272758079513,0.388121104031834,0.38408483989277403,0.37728134573536487,0.3772724726544437,0.3772724726544437,,,
20260330_110717,Fiat500_used,regression,Optuna-200,200,5,42,0.38053986893797576,200,76.54,790.4595345518134,606.1501870405189,0.7994702218265272,0.07590759863255803,0.6698764890197714,0.8766177118470679,34,1,False,2,0.012433391192162323,0.014823212806040102,10,0.8206355826444929,1.9511297343224294,0.3898653714669523,0.3807783833308312,0.3807783833308312,0.38053986893797576,0.38053986893797576,0.38053986893797576,,,
20260330_110717,Fiat500_used,regression,Optuna-200,200,6,42,0.3878168580343183,200,172.74,643.5312076448502,479.1705612559378,0.8865686395931288,0.009390339858763943,0.5484611367183889,0.7652003214588474,55,2,False,2,0.07038236344399335,0.014089971252977623,15,0.8011543892425378,0.8949402943994493,0.39418342345445684,0.38897152473114266,0.38897152473114266,0.3884802768869415,0.3878168580343183,0.3878168580343183,,,
20260330_110717,Fiat500_used,regression,Optuna-200,200,7,42,0.3594485281357864,200,41.82,721.749387555669,554.2874635929088,0.8570309008356153,0.08445206558860471,0.705299941059665,0.9926333267074463,6,2,False,5,1.0508314090210116,0.001182670024261496,12,0.18863321672201547,0.07333304586621384,0.36891201024765174,0.36529152043637986,0.36529152043637986,0.36515987664325195,0.36199030991007497,0.3594485281357864,,,
20260330_110717,Fiat500_used,regression,Optuna-200,200,8,42,0.3716419413299492,200,190.33,723.5400288473958,524.5815848029732,0.8739823882535116,0.006868555195569625,0.8713039980120554,0.8653475308063443,57,1,False,12,0.015112129762404851,0.001002501019600227,56,0.3187115929336579,1.4481114843563219,0.37681799208865674,0.37433936718728317,0.37433936718728317,0.37387580290360733,0.37331449556448915,0.3716419413299492,,,
20260330_110717,houses,regression,Optuna-200,200,1,42,0.36407027494622163,200,2133.23,0.20569909419990778,0.14473166982926153,0.8648764623926465,0.005102168016486248,0.5267615820318975,0.9737511449932368,125,39,False,27,0.03316963995562992,8.249741553962153,17,0.4266713082665558,1.447979275354096,0.3732405136269871,0.3691325768674347,0.36593313322013704,0.36457238862431796,0.36457238862431796,0.36407027494622163,,,
20260330_110717,houses,regression,Optuna-200,200,2,42,0.3810933015780265,200,2004.37,0.21502308659562386,0.14435118538341266,0.8626559916101066,0.005873982437116387,0.7414671539895001,0.9452068999519191,195,1,False,37,1.1893104605481386,0.03322980980319402,85,0.9006506221579925,0.440194622817323,0.3867067629934902,0.3867067629934902,0.3830261129326344,0.382861860860174,0.381628440546275,0.3810933015780265,,,
20260330_110717,houses,regression,Optuna-200,200,3,42,0.35728152888368425,200,3748.39,0.21459660157312158,0.14467115235275976,0.8620744185543939,0.006322017924444129,0.7551316331773891,0.8625003699945798,188,1,False,100,0.26673701145506523,59.416758003566834,38,0.2681491833811231,0.9727693095869793,0.36319499997154975,0.3620185940317693,0.3575537576578996,0.3575537576578996,0.35728152888368425,0.35728152888368425,,,
20260330_110717,houses,regression,Optuna-200,200,4,42,0.37710486729432446,200,2239.17,0.21015332199458528,0.1402476060900935,0.8585013779462872,0.00888208724847314,0.6457446897029262,0.9680438728424869,173,1,False,2,0.03765351205598356,43.21377732849831,17,0.5555135867043836,0.6656217615459573,0.38577658027622164,0.37942486698881966,0.37896225372982817,0.37810318176932817,0.37755255096621254,0.37710486729432446,,,
20260330_110717,houses,regression,Optuna-200,200,5,42,0.3929995092864647,200,1836.61,0.21611806004227366,0.14797682647536564,0.8570043217201035,0.016516323644818712,0.784378891353099,0.8760548161470166,157,5,False,2,0.45208483929329124,0.008700268730886983,25,0.5254643573925994,1.813938765032148,0.3992063035149153,0.39408625494303123,0.39408625494303123,0.39384762960803027,0.3929995092864647,0.3929995092864647,,,
20260330_110717,houses,regression,Optuna-200,200,6,42,0.35447082321662654,200,3292.86,0.21040009371543258,0.14475768072470527,0.8655280084265345,0.006815053641423523,0.6225869886550381,0.9687944599286856,97,1,False,25,1.1427532578916302,4.57800826255912,17,0.5606068277231561,0.3210710490829123,0.3640338359004308,0.35755226893561465,0.35755226893561465,0.3555824751187922,0.3549248502342876,0.35447082321662654,,,
20260330_110717,houses,regression,Optuna-200,200,7,42,0.3803667268848234,200,984.63,0.2187355740193088,0.14804323759913127,0.8536224110446157,0.03667984019943327,0.6231760270163255,0.8564847693395554,198,21,False,47,0.7647220427450635,0.02695837296513324,54,0.23476142282484885,1.2324003575886557,0.3841462644165178,0.3829838494087425,0.38168799332832,0.3804978532902103,0.3803667268848234,0.3803667268848234,,,
20260330_110717,houses,regression,Optuna-200,200,8,42,0.3669510012720446,200,2121.34,0.21024381727508562,0.14540831613921812,0.8577108742630493,0.02217373881125196,0.5536660729705969,0.8360662412727021,157,2,False,2,0.5150121292216344,0.009604934256962457,91,0.6900315611242273,1.0733587420177373,0.37241005411217887,0.368219712346628,0.3669510012720446,0.3669510012720446,0.3669510012720446,0.3669510012720446,,,
20260330_110717,Food_Delivery_Time,regression,Optuna-200,200,1,42,0.7868015544550383,200,1583.93,7.3865939714485185,5.805165391111799,0.373567250178526,0.005912606714062553,0.5219822793201174,0.9843251512800844,38,41,False,6,0.01100601475369086,3.16724378110296,79,0.5745463142376737,0.8168439040432557,0.7882684475118928,0.7873571622696965,0.7871296005917664,0.7870102111243517,0.7868015544550383,0.7868015544550383,,,
20260330_110717,Food_Delivery_Time,regression,Optuna-200,200,2,42,0.7893987929414471,200,1251.04,7.322456702242248,5.777388768382481,0.38264307261087294,0.018963150834762986,0.47791669441881396,0.8835567325977046,44,14,False,5,0.006213714834568981,0.0013694818918832587,43,0.658454455179041,0.38498010641144376,0.7918178281627694,0.7900830029441847,0.7896221944673667,0.7894884545283114,0.7893987929414471,0.7893987929414471,,,
20260330_110717,Food_Delivery_Time,regression,Optuna-200,200,3,42,0.7882851067932473,200,1112.37,7.266759455554841,5.691820548558067,0.40066520067457756,0.0066686833758861485,0.5435390441271208,0.9695063542554277,42,58,False,7,0.01225331101166324,0.007596296455433986,10,0.6268938781017093,1.9995142098971026,0.7922060431059653,0.7892005480078998,0.7887454674959029,0.7887454674959029,0.7886229221109077,0.7882851067932473,,,
20260330_110717,Food_Delivery_Time,regression,Optuna-200,200,4,42,0.7816115629408638,200,1665.9,7.305842323963519,5.77563541242694,0.3767920608793123,0.0058212754003642364,0.4836399493313366,0.9699826322417471,25,18,False,34,0.018318943469770848,0.15523918790874638,13,0.9233052100505288,0.7614442641207861,0.7830039678751264,0.7822237474494325,0.7822237474494325,0.7817396324490434,0.7816115629408638,0.7816115629408638,,,
20260330_110717,Food_Delivery_Time,regression,Optuna-200,200,5,42,0.7769921752876656,200,1153.34,7.4085188114301275,5.82575468169884,0.3782788772406309,0.014313537326585989,0.7962232810885361,0.932509915650238,19,7,False,52,0.033258023647716836,32.46800635473144,91,0.2712300780918889,1.6626860147794824,0.7783878355704003,0.7776417394412128,0.7773612504671037,0.7770393082626291,0.7770393082626291,0.7769921752876656,,,
20260330_110717,Food_Delivery_Time,regression,Optuna-200,200,6,42,0.7774312844941241,200,1131.68,7.433696028143462,5.849732010086458,0.3842939591609259,0.020150601718122316,0.5761275460773849,0.9475937160994593,16,5,False,43,0.0263153632065186,0.02009004380152837,39,0.8564335796110548,1.6552169620783785,0.7788402543253086,0.7782655983075347,0.7779456282380194,0.7777185328853471,0.7774312844941241,0.7774312844941241,,,
20260330_110717,Food_Delivery_Time,regression,Optuna-200,200,7,42,0.7946979276759103,200,1112.86,7.432184673966166,5.877298482733157,0.3855666395647749,0.02682181954575303,0.9372500545385314,0.8056537575806522,25,2,False,26,0.05054908947319874,0.0022275272031836314,47,0.7897145714322122,1.6970545792579785,0.7959774637704865,0.795134693809806,0.7948798000572556,0.7948798000572556,0.7946979276759103,0.7946979276759103,,,
20260330_110717,Food_Delivery_Time,regression,Optuna-200,200,8,42,0.7825419559479132,200,1004.82,7.3687704735804385,5.791786493128632,0.3857954983392432,0.021135151072414954,0.671203653752562,0.8724026852073667,14,1,False,41,0.034575789725654275,0.21818951696844419,47,0.26266807153212857,1.0722902570352804,0.7829315739035099,0.7829315739035099,0.7829315739035099,0.7825419559479132,0.7825419559479132,0.7825419559479132,,,
20260330_110717,diamonds,regression,Optuna-200,200,1,42,0.13021855234606627,200,1586.07,499.97073819543255,256.5094543302135,0.9840330822631222,0.023457969021141004,0.8502837946273584,0.930897894163288,98,1,False,30,1.0659319487168275,54.28730964704742,77,0.0004872079118713214,0.4969484289076687,0.13246861534410925,0.13206225969154117,0.13109377346534623,0.13076919722496227,0.13068652806454045,0.13021855234606627,,,
20260330_110717,diamonds,regression,Optuna-200,200,2,42,0.13207848447389547,200,1833.47,506.4598163728728,265.6409685251565,0.983679631473291,0.011159730323900857,0.6826756495939393,0.9941022693462933,61,2,False,8,0.24038931904557623,0.021402024490173404,43,0.04137490304388826,1.0558507086296898,0.13488545361206974,0.13434663003766006,0.1329989031345014,0.13231807731606848,0.1321043693817963,0.13207848447389547,,,
20260330_110717,diamonds,regression,Optuna-200,200,3,42,0.13705131264198267,200,1182.77,526.3477278069969,276.9463990941273,0.9826561972882378,0.037289929648709016,0.6407117034575273,0.9999728270177247,9,1,False,10,0.006847325763798921,19.8421226053051,26,0.5917874586279253,1.2320754784675754,0.14211927903381585,0.13973692633888138,0.13804770569296018,0.13716580433511522,0.13716580433511522,0.13705131264198267,,,
20260330_110717,diamonds,regression,Optuna-200,200,4,42,0.13465271165142834,200,1073.58,502.8426620611369,264.2776860161073,0.984188488101329,0.0339707211652166,0.7922721934783248,0.9312112583444977,25,3,False,5,0.019443001773820915,59.088401265219446,67,0.3591252181648441,0.8844054963256507,0.13698086763475692,0.13554065746393615,0.13515768508382375,0.1348868703504199,0.1348868703504199,0.13465271165142834,,,
20260330_110717,diamonds,regression,Optuna-200,200,5,42,0.1292584394732333,200,861.51,545.2589314741869,283.4772989770377,0.9817015851459726,0.015601964891392074,0.8284776566452522,0.9944558475609151,49,1,False,12,0.13390684010487844,0.0021430923106711608,42,0.27522455946031804,0.055959597904992685,0.13284085262913659,0.13180383898970935,0.13040105590387152,0.13007246325825297,0.1294294687788003,0.1292584394732333,,,
20260330_110717,diamonds,regression,Optuna-200,200,6,42,0.12529404971675695,200,1511.98,557.669338155086,280.2292693504216,0.980539355440146,0.016169809501735913,0.9627646018451849,0.9756323177461574,23,2,False,9,0.2104724469855847,10.109580251305875,10,0.7413841850236861,0.03648334727809305,0.12733528594760027,0.12610182628629615,0.12610182628629615,0.125869497499469,0.125478739863001,0.12529404971675695,,,
20260330_110717,diamonds,regression,Optuna-200,200,7,42,0.12949962574388024,200,2561.69,513.4335163488906,259.492446666662,0.9832639016222096,0.006403665752442043,0.8696280569167529,0.9097119134685674,200,3,False,49,0.08946351360076353,0.008257517516459782,70,0.6131828856106133,1.953646714476508,0.13152410601250814,0.13030765737785907,0.12994361326097617,0.12979620897739091,0.12970763826776036,0.12949962574388024,,,
20260330_110717,diamonds,regression,Optuna-200,200,8,42,0.131660939675821,200,1784.78,534.8935399434918,281.702348638985,0.9821039535737635,0.007490744246994282,0.9639363955360806,0.839185103223328,59,1,False,2,0.23182995683633298,0.0061128408006631005,93,0.003352603263997677,0.06324198752799957,0.13254233478461575,0.13240242402430002,0.13226731082170692,0.131660939675821,0.131660939675821,0.131660939675821,,,
20260330_110717,physiochemical_protein,regression,Optuna-200,200,1,42,0.5553937244823235,200,9006.52,3.30776461144401,2.1889903133324244,0.7073793620344709,0.015836501998865632,0.8337317989721352,0.8200339360714367,200,6,False,93,0.022167381228474444,29.008903946803898,20,0.20183258869694515,1.4350128271179332,0.5618161074234053,0.5600979278297422,0.557919770564447,0.5554544800978815,0.5554337695591092,0.5553937244823235,,,
20260330_110717,physiochemical_protein,regression,Optuna-200,200,2,42,0.5624381078691842,200,13852.88,3.3763558432004612,2.21822886235732,0.698431310848665,0.0070394711252259766,0.9320553868281152,0.8610789962158217,199,2,False,72,0.3236857385020871,40.105539797053645,100,0.3430881338686139,0.7490343598197686,0.5726846681755275,0.5649861797758096,0.5641253469573897,0.563335203827852,0.5624381078691842,0.5624381078691842,,,
20260330_110717,physiochemical_protein,regression,Optuna-200,200,3,42,0.5531491588136447,200,16670.77,3.2294512514797096,2.142790882208903,0.7142572311587913,0.005398250702946578,0.9863490829944263,0.7199495764932023,200,1,False,35,0.01629102053073714,2.1219399120626394,65,0.22167600299478102,0.5865336498396166,0.5607572280442584,0.5558258607311355,0.5558258607311355,0.5534327373389047,0.5531782884755537,0.5531491588136447,,,
20260330_110717,physiochemical_protein,regression,Optuna-200,200,4,42,0.5444154934779978,200,14803.13,3.344695201433593,2.1756758746102807,0.6978480250352377,0.009282302003303048,0.8774735405326448,0.8840439716332699,199,3,False,25,0.033750907608955036,29.49592256992983,78,0.2272863491533661,0.4814240399625743,0.5598492851185154,0.5493942990397621,0.5468549777730262,0.5446435484247872,0.5444422311242805,0.5444154934779978,,,
20260330_110717,physiochemical_protein,regression,Optuna-200,200,5,42,0.5500174582192885,200,12869.19,3.418504196591727,2.2649274986134373,0.6921657759775218,0.006848915453647477,0.7256294685956935,0.7278358052169506,200,1,False,3,0.1799718974061623,4.153393992346194,60,0.41815678912983273,0.973832346409268,0.5818992224328219,0.5639556257470845,0.5573995280521179,0.5537234595570067,0.5500174582192885,0.5500174582192885,,,
20260330_110717,physiochemical_protein,regression,Optuna-200,200,6,42,0.5466386076885377,200,13324.77,3.427195344523652,2.2681865364620535,0.6859183611469177,0.011547118879627723,0.8344269996542379,0.7264531499967395,197,2,False,4,0.008856879025179829,0.00988635764593704,74,0.3157212749536114,0.4935574975248274,0.5795045168855099,0.5502942280936303,0.5485753391838142,0.5482120181038408,0.5467489676162295,0.5466386076885377,,,
20260330_110717,physiochemical_protein,regression,Optuna-200,200,7,42,0.5375870303834618,200,13400.29,3.3224795824840463,2.1903330212923793,0.7104412290663635,0.007932408298737906,0.9844070261479169,0.741890078271265,200,3,False,3,0.024968189012466824,22.801763579255788,17,0.2752328109806964,0.9802792591193794,0.557295204888586,0.5398780811637204,0.5387123490361925,0.5383555793380499,0.5383263411134422,0.5375870303834618,,,
20260330_110717,physiochemical_protein,regression,Optuna-200,200,8,42,0.5542702470194301,200,12801.62,3.249256180980272,2.158878068167117,0.7161280099027851,0.007122946315393116,0.8745590549228041,0.7434997795337811,178,1,False,66,0.006123565306642923,0.05868631758688622,14,0.4117860549723293,0.6197723704181963,0.5669226410309944,0.5607247284305413,0.5588311421725518,0.5553117635831152,0.55517784619258,0.5542702470194301,,,
20260330_110717,qsar-biodeg,classification,Optuna-200,200,1,42,0.1921851992346742,200,61.0,,,,0.09998095087526174,0.599321754046657,0.8192826591534756,7,13,True,23,0.04692309597690992,11.729613511081551,88,0.07472364519397537,0.3122759671925085,0.2251836325176177,0.20616702210252985,0.192280488057188,0.192280488057188,0.192280488057188,0.1921851992346742,0.9254150702426565,0.8712121212121212,0.34038652409063347
20260330_110717,qsar-biodeg,classification,Optuna-200,200,2,42,0.33294951333902256,200,38.4,,,,0.07585218687479414,0.7295560050054865,0.9456105764278743,20,1,True,7,0.8915357456170772,16.061181087170308,89,0.184218066498061,1.414274032429568,0.3465527128133922,0.3465527128133922,0.33294951333902256,0.33294951333902256,0.33294951333902256,0.33294951333902256,0.9369093231162197,0.8636363636363636,0.32011085775325115
20260330_110717,qsar-biodeg,classification,Optuna-200,200,3,42,0.2328897670976266,200,75.19,,,,0.08323145841777971,0.8424136676154981,0.8530376914526455,8,5,True,14,0.034708348959290904,0.07909126147303326,59,0.8203063742266844,0.8549665789069032,0.2513556401908088,0.24635489896225918,0.24483512614636885,0.23396151468300252,0.2328897670976266,0.2328897670976266,0.9228607918263091,0.8333333333333334,0.3260083367945399
20260330_110717,qsar-biodeg,classification,Optuna-200,200,4,42,0.2837082836302969,200,133.78,,,,0.021478768131779118,0.9863219655732823,0.9921284504449752,86,6,False,2,0.009047790715985776,0.07654938312985048,42,0.9746180059413116,1.866359271977782,0.29434072089386576,0.28842774356012174,0.28842774356012174,0.2859604021985551,0.2859604021985551,0.2837082836302969,0.9134814049586777,0.8409090909090909,0.3593270864026969
20260330_110717,qsar-biodeg,classification,Optuna-200,200,5,42,0.201411649407946,200,263.76,,,,0.007048433097203266,0.8631236410480343,0.9358272656490497,120,1,True,7,0.09589765204556498,0.012108372701848337,85,0.0010467713364146272,0.11276539321057025,0.2270280022983621,0.2166759651448487,0.20653358672415925,0.20315058767508531,0.20315058767508531,0.201411649407946,0.9323347107438017,0.8939393939393939,0.2946059884822645
20260330_110717,qsar-biodeg,classification,Optuna-200,200,6,42,0.2567716499370549,200,89.82,,,,0.08631866167536562,0.9613205825679122,0.9437686793614939,71,1,False,18,0.1931229587739192,0.00471987110982055,12,0.9794033009899438,1.307110046506354,0.27926045429924956,0.27168258166771725,0.26904076210418143,0.26679033010469616,0.26163953937898116,0.2567716499370549,0.921745867768595,0.8712121212121212,0.3268618138823233
20260330_110717,qsar-biodeg,classification,Optuna-200,200,7,42,0.26099569551899604,200,77.77,,,,0.07007986501292574,0.7318477435436465,0.8485378626519428,68,1,True,2,0.017707210494353844,0.0030365257548585728,16,0.2162844460021868,1.9944294148637116,0.2784201919367236,0.2711364336217908,0.2701102739360235,0.26099569551899604,0.26099569551899604,0.26099569551899604,0.9545454545454547,0.916030534351145,0.2471805343127124
20260330_110717,qsar-biodeg,classification,Optuna-200,200,8,42,0.29949123890118656,200,56.87,,,,0.08719062827386016,0.8817973809585186,0.9503752051935507,2,7,False,32,1.1990488442728535,0.11882005710161082,61,0.24513789429699595,0.022300068340708634,0.31817796242181406,0.31581191795487645,0.303172021658571,0.3020109981629247,0.3004363850732233,0.29949123890118656,0.9239811912225705,0.8702290076335878,0.3337955931684476
20260330_110717,Fitness_Club,classification,Optuna-200,200,1,42,0.48488723251492144,200,19.68,,,,0.09993921262543348,0.4900030221512102,0.9816425759511981,2,5,True,13,0.8713122120585594,0.02384230047169509,72,0.12763756760447612,0.1370659663358842,0.4884577415887494,0.48512233474637084,0.48512233474637084,0.48512233474637084,0.48501205472187303,0.48488723251492144,0.8616579616981386,0.7925531914893617,0.43954759910292385
20260330_110717,Fitness_Club,classification,Optuna-200,200,2,42,0.4375117443912509,200,32.54,,,,0.09371998259070437,0.7147827470602223,0.7141926805492648,2,6,True,17,0.33453525462989175,9.679547537918413,52,0.035919792018987644,0.5041571503204019,0.4463035071330669,0.44326617975049737,0.44121009655754667,0.4390426130980245,0.4377426148741983,0.4375117443912509,0.8109682603455203,0.7978723404255319,0.46692081500681826
20260330_110717,Fitness_Club,classification,Optuna-200,200,3,42,0.469167059295916,200,23.56,,,,0.046950771220171335,0.5765738043484677,0.7688114131176662,4,4,True,3,0.011263471337997608,2.0709253926641433,34,0.4725708414395631,1.1992862049930364,0.47382828523015214,0.47203177502279414,0.4709188932802503,0.4709188932802503,0.4709188932802503,0.469167059295916,0.729744207847864,0.7021276595744681,0.5617810994425596
20260330_110717,Fitness_Club,classification,Optuna-200,200,4,42,0.46426236737027954,200,23.02,,,,0.09958838306352687,0.8977035462523328,0.8613908696869451,2,15,False,87,0.9584616737203586,7.281925896018031,23,0.4125580690766744,0.17298447658661517,0.46909395892694034,0.46769415750240984,0.46769415750240984,0.4655428660306112,0.46426236737027954,0.46426236737027954,0.8897817061738315,0.8670212765957447,0.3744532908014388
20260330_110717,Fitness_Club,classification,Optuna-200,200,5,42,0.45479245048086064,200,35.43,,,,0.07776175876461082,0.9381299632496027,0.9836766777154059,2,7,True,9,0.6820983644739802,0.003020164654956322,85,0.6501149916134389,0.7448035716777902,0.46235579844131713,0.4572782120916567,0.4564911760407382,0.4564911760407382,0.4564911760407382,0.45479245048086064,0.7723346828609986,0.7272727272727273,0.5248644685541639
20260330_110717,Fitness_Club,classification,Optuna-200,200,6,42,0.48286981745796403,200,21.85,,,,0.09950063052807606,0.7972267072817426,0.7078456684718201,2,1,True,3,0.009261966087844877,0.10635428100376212,79,0.03620632276854943,1.2647100004339658,0.4936347101263864,0.48563329192111826,0.4854009059513547,0.4849049054732845,0.48365521832327657,0.48286981745796403,0.8431848852901483,0.7914438502673797,0.4444507049907765
20260330_110717,Fitness_Club,classification,Optuna-200,200,7,42,0.4642537554367823,200,29.46,,,,0.08405450523808089,0.9544759016931865,0.9920533202493291,133,2,True,2,0.0685063547022914,0.0012361434472379948,37,0.6821033011531246,0.6364347999694302,0.46920776454300794,0.46715115137236046,0.46715115137236046,0.46574209651396986,0.4650237413976253,0.4642537554367823,0.8026172300981461,0.7754010695187166,0.4759876799032992
20260330_110717,Fitness_Club,classification,Optuna-200,200,8,42,0.4111154563530843,200,36.94,,,,0.08627380526869811,0.6138111401885555,0.7902221134791735,2,10,True,4,0.00581289881750951,0.004921719472021031,91,0.04845866471466453,0.12597782343429662,0.42543331759064884,0.41530305851058485,0.413381886593163,0.4130344938226031,0.4117846484128502,0.4111154563530843,0.8113413304252999,0.7486631016042781,0.4847973162236926
20260330_110717,Is-this-a-good-customer,classification,Optuna-200,200,1,42,0.3143743752189919,200,32.0,,,,0.03848186850809461,0.4138782220917888,0.911832435047814,4,16,True,2,0.00784993582182023,0.3909645870469059,31,0.9742430481118503,0.8147699592944825,0.31890044610396706,0.3170692757422654,0.31584893372538597,0.3143743752189919,0.3143743752189919,0.3143743752189919,0.6789528795811518,0.8842592592592593,0.3445119572218257
20260330_110717,Is-this-a-good-customer,classification,Optuna-200,200,2,42,0.32005316114069987,200,31.21,,,,0.0999168475160696,0.736253012488271,0.9495238311931137,2,26,False,40,0.09243885628300019,0.0038812662625292154,11,0.5104741887039452,0.0016795543204661811,0.32479414615911323,0.3211504941194269,0.3211504941194269,0.32012137827559206,0.32012137827559206,0.32005316114069987,0.7722513089005235,0.8842592592592593,0.31820906708912583
20260330_110717,Is-this-a-good-customer,classification,Optuna-200,200,3,42,0.2990859260433949,200,20.33,,,,0.09085516992665756,0.5117435231531571,0.7648820728646838,2,28,False,46,0.3881207642100467,0.09535070905157986,9,0.03685297883751495,0.38108130343561036,0.3023055317111534,0.3023055317111534,0.30186238646941127,0.3001412093880662,0.2991830166239299,0.2990859260433949,0.7347643979057591,0.8842592592592593,0.3267811884519149
20260330_110717,Is-this-a-good-customer,classification,Optuna-200,200,4,42,0.3494711674674804,200,21.77,,,,0.09284458099820059,0.6584408779943245,0.7887802058213031,7,13,False,11,0.08429148199484963,0.18000960708205527,14,0.13517038236877377,1.5570599147537454,0.356654183582775,0.35601996550428683,0.35247540347768447,0.35099486886923886,0.3494711674674804,0.3494711674674804,0.8421684118673647,0.8883720930232558,0.2898088256660448
20260330_110717,Is-this-a-good-customer,classification,Optuna-200,200,5,42,0.3126600968740996,200,28.93,,,,0.019400426439137135,0.8957870224297579,0.9859007972012616,25,1,False,22,1.5282503233571172,0.003773348852027961,29,0.6842322532470229,0.16744194601250723,0.317970615562054,0.317970615562054,0.313926484972739,0.313926484972739,0.3126600968740996,0.3126600968740996,0.6950261780104712,0.8604651162790697,0.34573680912231564
20260330_110717,Is-this-a-good-customer,classification,Optuna-200,200,6,42,0.2962534027832483,200,32.02,,,,0.0838887350657381,0.7747350616435918,0.7989809884061194,104,1,True,86,1.4218523483085919,0.003857299967145329,29,0.5619529308708944,0.21712813528005956,0.3052146459462254,0.3026121479445888,0.3008670650658484,0.2985871537605899,0.2962534027832483,0.2962534027832483,0.7473821989528796,0.8883720930232558,0.3072968978421389
20260330_110717,Is-this-a-good-customer,classification,Optuna-200,200,7,42,0.2501937641009033,200,31.16,,,,0.0781507551629296,0.9516265049240067,0.8768907470456571,3,1,False,4,1.5866837810829764,0.02287465547730616,48,0.4782958019811668,0.7849691336185672,0.2572219365986561,0.25643889682269455,0.2552815153180836,0.2531070492686444,0.2501937641009033,0.2501937641009033,0.7089877835951134,0.8883720930232558,0.3295629091140543
20260330_110717,Is-this-a-good-customer,classification,Optuna-200,200,8,42,0.32952816615166797,200,25.99,,,,0.09313672838632531,0.6592632833346026,0.9636350738557872,42,1,False,2,0.168091097684539,0.0022879648413901524,41,0.9138623860928422,1.7969541477109652,0.3388252036519013,0.335644672394434,0.33243619650096734,0.32952816615166797,0.32952816615166797,0.32952816615166797,0.7214736842105264,0.8837209302325582,0.3269831581395134
20260330_110717,Marketing_Campaign,classification,Optuna-200,200,1,42,0.22989667462394908,200,140.72,,,,0.024211278761922736,0.9552928110985857,0.9377393391151376,107,36,True,9,0.2719568892122026,0.002359820422629009,39,0.12829996690845819,0.8309823294111622,0.2418866924665107,0.23428042667789425,0.23428042667789425,0.23025470335285975,0.23025470335285975,0.22989667462394908,0.9108072252270639,0.8928571428571429,0.24496024010650516
20260330_110717,Marketing_Campaign,classification,Optuna-200,200,2,42,0.2421006153930547,200,89.29,,,,0.02851703226625963,0.9643598450895723,0.7487831525392472,25,1,True,2,0.014862653990743118,2.38871559724343,11,0.06340641273181509,0.09089029931222273,0.2576781427967773,0.24741375106376381,0.2421006153930547,0.2421006153930547,0.2421006153930547,0.2421006153930547,0.9344831105214818,0.9035714285714286,0.22111595770635672
20260330_110717,Marketing_Campaign,classification,Optuna-200,200,3,42,0.23245726097472127,200,55.51,,,,0.05837651206589776,0.6314695815740486,0.721429527355848,10,5,True,2,0.008882692148170168,0.004543277815649563,8,0.26546858450770566,0.4789023263773538,0.24377035218659474,0.2387143028240131,0.2350263333231235,0.23245726097472127,0.23245726097472127,0.23245726097472127,0.9124649859943978,0.8928571428571429,0.24361315521992383
20260330_110717,Marketing_Campaign,classification,Optuna-200,200,4,42,0.23714646775715437,200,121.47,,,,0.09902732862626082,0.9525904772089074,0.8997821288438702,56,1,True,75,0.9480075387239953,9.366883716394636,27,0.25382848438587685,1.876746175272673,0.2496910607055221,0.24710167083101273,0.24398504540878369,0.24040418126436097,0.24040418126436097,0.23714646775715437,0.8662464985994398,0.8607142857142858,0.3268061079377963
20260330_110717,Marketing_Campaign,classification,Optuna-200,200,5,42,0.24442935104754515,200,82.2,,,,0.08338125094142435,0.6822510544802508,0.9901809727292019,22,1,True,9,0.36644204992789164,0.005646705633737963,59,0.07485207214695316,1.790487957545005,0.25395815819783474,0.2508359334221279,0.24504425306301308,0.2449591322363859,0.24442935104754515,0.24442935104754515,0.9327230892356942,0.9071428571428571,0.22381282226651858
20260330_110717,Marketing_Campaign,classification,Optuna-200,200,6,42,0.20285149326277674,200,58.42,,,,0.08623421185689698,0.5345368322992153,0.9419196752018131,55,10,True,62,0.4548549895894896,0.015787420797347063,55,0.14770750475554537,0.3241685039558031,0.21201997231541622,0.20591115315824368,0.20591115315824368,0.20423685192902946,0.20285149326277674,0.20285149326277674,0.8805522208883553,0.8928571428571429,0.2758131540301837
20260330_110717,Marketing_Campaign,classification,Optuna-200,200,7,42,0.261705559635974,200,50.86,,,,0.05329160710424856,0.8483057168637832,0.7862515262476649,3,15,False,2,0.2935563215504123,0.07156140032197719,25,0.09282446741483183,0.09850907940096916,0.2685246658105067,0.2685246658105067,0.2685246658105067,0.26262705984133566,0.26262705984133566,0.261705559635974,0.8865046018407363,0.8642857142857143,0.2925257212815107
20260330_110717,Marketing_Campaign,classification,Optuna-200,200,8,42,0.22039161112650743,200,67.27,,,,0.0741103478987933,0.5777282399069831,0.8116395736117749,9,8,True,30,0.034343294559832836,0.0017358502693531007,17,0.514548243755355,0.8938406299986528,0.23619715042715742,0.23289045737391423,0.23039605083851808,0.23039605083851808,0.22039161112650743,0.22039161112650743,0.9317727090836334,0.9035714285714286,0.2268563014599062
20260330_110717,hazelnut-contaminant-detection,classification,Optuna-200,200,1,42,0.16970895299149752,200,194.66,,,,0.06741203765063457,0.9459477211079971,0.9027709272436241,7,3,True,36,0.9573071741086894,0.007725419499120373,61,0.07733087892201991,0.9818191897072193,0.20115116507647512,0.19391285735164765,0.18735559939449148,0.18652341815351922,0.18003617095061425,0.16970895299149752,0.9835111111111111,0.92,0.16404683041114893
20260330_110717,hazelnut-contaminant-detection,classification,Optuna-200,200,2,42,0.16816670294965982,200,180.36,,,,0.07746501236097493,0.9846596058661978,0.972261179813767,6,56,True,30,1.7802548054288077,0.10254505042377303,64,0.00035921555333727484,0.191446155341725,0.18618806743315394,0.18135913104474544,0.1745379787188622,0.1745379787188622,0.1715799609206013,0.16816670294965982,0.9815999999999999,0.9433333333333334,0.16793229114001962
20260330_110717,hazelnut-contaminant-detection,classification,Optuna-200,200,3,42,0.22278145343075184,200,152.38,,,,0.061093135739269055,0.4840457024886067,0.8605545567333076,11,5,True,5,1.4677364853404913,0.004109754936376191,61,0.04802610057456971,0.3611803868949055,0.241608059179856,0.22883943325551023,0.2254899627885586,0.22511134185194157,0.22511134185194157,0.22278145343075184,0.9809777777777778,0.93,0.17743646989660583
20260330_110717,hazelnut-contaminant-detection,classification,Optuna-200,200,4,42,0.1856538923370585,200,177.28,,,,0.09057975030696686,0.9017196426162192,0.8018761741998395,7,1,True,15,0.0858407176599755,0.06226620042028668,73,0.14586072637486272,0.03227603765204097,0.20344973854820417,0.19954345818232258,0.19852464012357077,0.1917316438516002,0.18803970218621208,0.1856538923370585,0.9787555555555555,0.9466666666666667,0.17047566340677361
20260330_110717,hazelnut-contaminant-detection,classification,Optuna-200,200,5,42,0.20954302006520228,200,291.07,,,,0.05665670301591049,0.507557308236419,0.9999434207125232,51,29,True,4,0.006760254971649791,13.43704271064385,18,0.0930960880164946,0.0510174830813784,0.22609866561884895,0.22122243379682016,0.216156242014805,0.20954302006520228,0.20954302006520228,0.20954302006520228,0.9811555555555556,0.9333333333333333,0.16309752491014443
20260330_110717,hazelnut-contaminant-detection,classification,Optuna-200,200,6,42,0.11381965494427435,200,277.6,,,,0.09494637680939526,0.4877655073357255,0.9783510086326036,9,1,True,9,0.049306848202012955,4.032845204678378,43,0.2630419692982589,1.0964743694103534,0.12950333095308783,0.1255418750481857,0.12100963671461933,0.11778013831465532,0.11381965494427435,0.11381965494427435,0.9832888888888889,0.93,0.16200917411629615
20260330_110717,hazelnut-contaminant-detection,classification,Optuna-200,200,7,42,0.175457546290497,200,754.79,,,,0.018809703475661677,0.7509513999991668,0.9261443529660249,10,3,False,2,0.14467772929470996,26.528685073044592,19,0.08408834940865853,0.4041820965613003,0.18957044839662832,0.183507481430109,0.18080758552767717,0.17689709904240136,0.17653015886241288,0.175457546290497,0.9786666666666667,0.9166666666666666,0.18777568861346916
20260330_110717,hazelnut-contaminant-detection,classification,Optuna-200,200,8,42,0.21208651169486467,200,142.38,,,,0.08422566817754043,0.4487275371944133,0.9526950132290863,11,4,True,9,0.08860928494013981,0.0035568670169551196,55,0.00022055907699303212,1.0778668913877483,0.22299099577841172,0.2170522052430561,0.2170522052430561,0.2155314230771221,0.21208651169486467,0.21208651169486467,0.9697777777777778,0.91,0.22774936943311994
20260330_110717,seismic-bumps,classification,Optuna-200,200,1,42,0.18481237000982112,200,25.79,,,,0.07926359539403324,0.4252448001935457,0.8969769263604923,19,47,True,82,0.6298079649709374,3.101621190711273,20,0.08228551966113606,1.3433676262594352,0.1886257477996914,0.18644728678039457,0.18622181463784998,0.18598268423368108,0.18523048203431522,0.18481237000982112,0.7153894670450962,0.934984520123839,0.22807500102500552
20260330_110717,seismic-bumps,classification,Optuna-200,200,2,42,0.18331932628611625,200,21.26,,,,0.08934960078579166,0.9823844822208933,0.7187029107731376,4,55,True,23,0.21305351698931865,67.8838881619451,60,0.08598349695099676,0.4425942294110575,0.18964522673851836,0.18570553287812758,0.18570553287812758,0.18570553287812758,0.18331932628611625,0.18331932628611625,0.7790917691579944,0.934984520123839,0.2001577908695858
20260330_110717,seismic-bumps,classification,Optuna-200,200,3,42,0.2291526310135199,200,22.81,,,,0.09864485394070241,0.7991806454991619,0.7416262709565169,8,54,False,60,0.14555827102803892,0.001897352900808084,47,0.33557365722933824,1.1866542480041244,0.23339928234532772,0.23339928234532772,0.23339928234532772,0.23020119549759455,0.22940665188273043,0.2291526310135199,0.7685272784610533,0.934984520123839,0.2137612177197856
20260330_110717,seismic-bumps,classification,Optuna-200,200,4,42,0.19173691156473696,200,37.19,,,,0.039263176178091566,0.9881448042912025,0.9823653841368499,9,17,False,89,0.17399181631495192,0.004476145849981357,35,0.45953407993112855,0.3534749361439783,0.19650479188796863,0.19650479188796863,0.19650479188796863,0.19558434913995493,0.19394217899629165,0.19173691156473696,0.8115736360769473,0.934984520123839,0.2041730225401481
20260330_110717,seismic-bumps,classification,Optuna-200,200,5,42,0.19667251448629322,200,38.99,,,,0.010281915325746838,0.965814482073216,0.9898583409262068,4,46,False,14,0.5892352029975528,34.69119009493932,14,0.4514863900536747,0.1014721391493853,0.19932948439279966,0.19800139063466435,0.19756242795041154,0.19676249087472622,0.196680311636668,0.19667251448629322,0.7955692210659098,0.9380804953560371,0.19922462357351078
20260330_110717,seismic-bumps,classification,Optuna-200,200,6,42,0.2287352285743986,200,32.24,,,,0.04891560814672883,0.9843599702138491,0.8797610871906276,85,17,True,2,1.2838312951317334,0.3729923353195161,19,0.10774347887664021,0.26332921656025493,0.23499728744052215,0.23490282081535008,0.23261843983789326,0.23119906901758713,0.2302386265233392,0.2287352285743986,0.8035320088300221,0.934984520123839,0.2003565638716084
20260330_110717,seismic-bumps,classification,Optuna-200,200,7,42,0.21083679509973346,200,19.31,,,,0.09330400374335593,0.6777246473846946,0.859009202984197,12,13,False,2,0.008479533798551752,74.03053667162428,8,0.04744100001655513,0.13693065757011993,0.22037928058292697,0.21880241489762428,0.21880241489762428,0.21751699183996623,0.21335589077935976,0.21083679509973346,0.7283298097251586,0.9256965944272446,0.24699111056834208
20260330_110717,seismic-bumps,classification,Optuna-200,200,8,42,0.16310683397106993,200,40.31,,,,0.0701635465494606,0.8279075741812943,0.9349029048383877,61,1,False,12,0.13674096203608233,0.05232660237658416,52,0.8493679437291852,0.5026893890490647,0.17025313709276618,0.16664303572563122,0.1646297018625151,0.16328864932046272,0.16310683397106993,0.16310683397106993,0.7316520688613712,0.9318885448916409,0.23398627654557155
20260330_110717,credit-g,classification,Optuna-200,200,1,42,0.4187955580380739,200,29.9,,,,0.07701310031319027,0.4143717152368874,0.9961852532424205,13,9,True,5,0.06946893952765734,0.0010641138311512724,29,0.2944547685428995,0.3771900590324332,0.45284507039126304,0.4470399203932074,0.42741221931788215,0.4250168882380382,0.4187955580380739,0.4187955580380739,0.7595281306715065,0.744,0.526235064584913
20260330_110717,credit-g,classification,Optuna-200,200,2,42,0.5467921462383392,200,55.97,,,,0.022724863164603634,0.7985797301235085,0.852997837520746,148,1,False,22,0.45714883799687167,0.031855167854333635,26,0.4863251687282763,1.241198745925593,0.5576977900736096,0.5524183360949413,0.5496173637144972,0.5496173637144972,0.5472528757492631,0.5467921462383392,0.8064125831820931,0.768,0.479082476554249
20260330_110717,credit-g,classification,Optuna-200,200,3,42,0.5118660266464102,200,45.64,,,,0.05816318921980111,0.965443407151644,0.701428992734917,13,3,True,8,0.029851556672460127,0.001369972301328419,85,0.39604162796659387,1.3627763786166636,0.5291924414281989,0.5193041028513983,0.5118660266464102,0.5118660266464102,0.5118660266464102,0.5118660266464102,0.7329098608590442,0.744,0.5457440160800062
20260330_110717,credit-g,classification,Optuna-200,200,4,42,0.4568269289826003,200,42.52,,,,0.07835446771074644,0.9794716052044925,0.8221472264467214,27,2,False,60,0.08958289749145439,0.11044116534007503,44,0.9184950294782793,1.170947983003638,0.47779008721008553,0.4715252750693196,0.47058554305860184,0.46779179812012434,0.45923989386823383,0.4568269289826003,0.7292800967937083,0.728,0.5439810184661088
20260330_110717,credit-g,classification,Optuna-200,200,5,42,0.46181521680172816,200,54.39,,,,0.024840347159525582,0.7424922880617388,0.7933244752180644,7,13,False,82,0.09004488540356613,0.0025903769542832437,53,0.1627685614618075,1.2563318162244697,0.4754826659670892,0.4749980225993761,0.47354459837521573,0.4626183527292294,0.4626183527292294,0.46181521680172816,0.7493857493857493,0.736,0.525355372477774
20260330_110717,credit-g,classification,Optuna-200,200,6,42,0.4537263852085971,200,45.96,,,,0.0829296462367272,0.6307301172174735,0.7464154139375627,45,3,False,64,0.0817856349170466,0.05392119702570864,30,0.5312063974963338,0.7211299192494959,0.47703129122092863,0.47406123315456206,0.4641208728649823,0.4537263852085971,0.4537263852085971,0.4537263852085971,0.816953316953317,0.76,0.4669959800158145
20260330_110717,credit-g,classification,Optuna-200,200,7,42,0.4558709740660011,200,179.55,,,,0.005806080660673934,0.41596403920164715,0.7794926710628232,61,4,False,3,0.08674091538361732,0.0028591780123497844,40,0.039380871317264685,1.0743327857461442,0.4684584617515845,0.46095196009306816,0.45947669132028784,0.45603871566251264,0.45603871566251264,0.4558709740660011,0.7828624078624079,0.72,0.5125522902431879
20260330_110717,credit-g,classification,Optuna-200,200,8,42,0.4498828588120104,200,60.96,,,,0.02023899771284169,0.4012690907114809,0.9441288044152143,3,29,True,29,0.10670161592230405,0.5345797282048852,13,0.09286682108420774,0.9607618426079727,0.4632100962262616,0.4545152644843644,0.45195034573832327,0.45168860119286497,0.45168860119286497,0.4498828588120104,0.7742628992628993,0.744,0.5068152286443397
