run_id,dataset,task,method,total_evals,fold,seed,best_val,n_evals,duration_sec,rmse,mae,r2,param_learning_rate,param_max_depth,param_min_child_weight,param_subsample,param_colsample_bylevel,param_colsample_bynode,param_reg_alpha,param_reg_lambda,param_grow_policy,param_max_leaves,conv_10,conv_25,conv_50,conv_100,conv_150,conv_200,auc,accuracy,logloss
20260307_180440,QSAR_fish_toxicity,regression,RS-200,200,1,42,0.6412853360699248,200,81.82,0.9312162104036019,0.633134672993108,0.6228441216965696,0.08646244641591548,6,0.40366400060930224,0.7437875717878342,0.8471507713198662,0.6307973600924015,0.9944881586657838,3.9358677738556644,lossguide,197,0.6506379548016228,0.6503536875992003,0.6503536875992003,0.6490809451734944,0.6462237964168015,0.6412853360699248,,,
20260307_180440,QSAR_fish_toxicity,regression,RS-200,200,2,42,0.5199518129565631,200,55.18,0.8911155632852535,0.6444786976429454,0.6852873691800588,0.05007531109310668,10,0.0032547646669698078,0.8283292897045612,0.7081998962908983,0.6051783464848995,0.4781476668842137,4.0198624867143105,depthwise,272,0.5321245314319903,0.5302347874489177,0.5261750925302411,0.5208424065091148,0.5208424065091148,0.5199518129565631,,,
20260307_180440,QSAR_fish_toxicity,regression,RS-200,200,3,42,0.4688335310347572,200,77.65,0.838680112893498,0.6057384699269346,0.6709680891622016,0.026184089538373173,6,0.06741985267828585,0.9659738715738058,0.8654915306717157,0.9115368906408549,0.012146677334606648,2.0806679860050794,lossguide,166,0.4786186785096735,0.4786186785096735,0.4715512720746318,0.4688335310347572,0.4688335310347572,0.4688335310347572,,,
20260307_180440,QSAR_fish_toxicity,regression,RS-200,200,4,42,0.5651743590641564,200,80.02,0.9222492400241677,0.6251073069361459,0.6388872504422358,0.03262450973477884,7,1.7241555086927798,0.9653320647776127,0.8671596959233283,0.9638432875275612,1.9287473484572024,4.8660840614516285,lossguide,481,0.5651743590641564,0.5651743590641564,0.5651743590641564,0.5651743590641564,0.5651743590641564,0.5651743590641564,,,
20260307_180440,QSAR_fish_toxicity,regression,RS-200,200,5,42,0.5576141174457476,200,87.71,0.7760131637541258,0.5794234370847717,0.5918849502220276,0.07035762876585598,4,0.044485310836911464,0.7436919212341309,0.771654861047864,0.7723215386271477,0.33824633099138735,0.10543512374404819,depthwise,673,0.5650854695516492,0.5633886420481402,0.5633886420481402,0.5576141174457476,0.5576141174457476,0.5576141174457476,,,
20260307_180440,QSAR_fish_toxicity,regression,RS-200,200,6,42,0.587618140368656,200,65.04,0.8434099460324554,0.6119140697074148,0.6070708669701801,0.08592725361909971,4,0.6525134777593251,0.9910960521548986,0.8525152895599604,0.809684282168746,1.8978970297485591,2.5781161390245897,depthwise,276,0.601354091713854,0.5966748192320722,0.5966748192320722,0.587618140368656,0.587618140368656,0.587618140368656,,,
20260307_180440,QSAR_fish_toxicity,regression,RS-200,200,7,42,0.6497092909693479,200,98.58,0.8805050938640628,0.6358920210948033,0.6160800751761959,0.09802109210201339,9,0.002240053388552511,0.6162252262234688,0.6479011982679367,0.8316349588334561,2.280503583055828,0.20266424777107314,lossguide,23,0.6516891393313471,0.6497092909693479,0.6497092909693479,0.6497092909693479,0.6497092909693479,0.6497092909693479,,,
20260307_180440,QSAR_fish_toxicity,regression,RS-200,200,8,42,0.5208101584268939,200,117.07,0.9562965418753306,0.6930413657838264,0.5985584215768425,0.07231930679114439,7,0.04282680949829962,0.7026894621551036,0.7715612918138504,0.7487754091620445,1.5848219924197533,1.3236983768224717,lossguide,20,0.5278837357040846,0.5278837357040846,0.5278837357040846,0.5261707609258741,0.5208101584268939,0.5208101584268939,,,
20260307_180440,concrete_compressive_strength,regression,RS-200,200,1,42,0.2351667749406711,200,445.38,3.8936056040463427,2.839510997413134,0.9439401327211845,0.04666198760510412,9,0.28843969236800754,0.855433377251029,0.6516871571540832,0.6769412312656641,1.236511736094486,4.146871498004999,depthwise,22,0.25292292798019356,0.23926074449162854,0.23720077209536064,0.2351667749406711,0.2351667749406711,0.2351667749406711,,,
20260307_180440,concrete_compressive_strength,regression,RS-200,200,2,42,0.27670809171353333,200,326.36,3.4333202773097633,2.3796371645291345,0.9552972635991764,0.06596220335143042,10,0.01442858354964189,0.649770925194025,0.7782006178051233,0.8637562278658151,1.220281674020365,2.525692802299932,depthwise,23,0.27982195332955434,0.27982195332955434,0.2774548197879733,0.27670809171353333,0.27670809171353333,0.27670809171353333,,,
20260307_180440,concrete_compressive_strength,regression,RS-200,200,3,42,0.23596709375851227,200,287.4,4.866475672217535,2.642560920435447,0.918677570139893,0.031008377365236584,9,0.01133218928478186,0.699043995141983,0.6186566174030304,0.7864645134657622,0.3630180334868841,3.7876697863580664,depthwise,54,0.24811005551914694,0.24811005551914694,0.24512650828397756,0.24512650828397756,0.23596709375851227,0.23596709375851227,,,
20260307_180440,concrete_compressive_strength,regression,RS-200,200,4,42,0.24278499935830916,200,399.74,4.068175363350525,2.938781325813265,0.9309771581306163,0.03414146470285696,8,0.003278416618437465,0.7119911167770624,0.9455384176224471,0.6496736947447062,0.0647994733825326,4.80185722482279,depthwise,9,0.25800280075823445,0.25401776774085644,0.25401776774085644,0.25401776774085644,0.25401776774085644,0.24278499935830916,,,
20260307_180440,concrete_compressive_strength,regression,RS-200,200,5,42,0.32905477306136854,200,292.12,4.367029808484996,2.9342635288860293,0.9377514126125638,0.0388538670251149,8,0.03896762102066452,0.710400840267539,0.8286011654883623,0.749636459350586,1.622936961545609,1.2749288481602445,lossguide,269,0.33625220255607546,0.32905477306136854,0.32905477306136854,0.32905477306136854,0.32905477306136854,0.32905477306136854,,,
20260307_180440,concrete_compressive_strength,regression,RS-200,200,6,42,0.2749086163900347,200,351.27,4.16787739296786,3.1253382216359022,0.9385571024768699,0.0424653827249024,5,0.702584801527872,0.8062051549553871,0.7226089324802161,0.6374921057373285,1.698696889320761,4.000842205415852,depthwise,217,0.27609431286304004,0.27609431286304004,0.27609431286304004,0.27609431286304004,0.27609431286304004,0.2749086163900347,,,
20260307_180440,concrete_compressive_strength,regression,RS-200,200,7,42,0.3038331626761571,200,428.12,3.9599982641623583,2.6975959288542626,0.9351471979171437,0.04006045268048063,5,0.019635777193451897,0.9166975721716881,0.6870489530265331,0.7888833474367857,0.519500682050921,2.968899215040356,depthwise,293,0.3241671197418278,0.31860853196872907,0.31574806902871305,0.30954021281429484,0.3038331626761571,0.3038331626761571,,,
20260307_180440,concrete_compressive_strength,regression,RS-200,200,8,42,0.2285852809338752,200,395.2,4.465976356895409,2.5820193998224013,0.9396203222742269,0.069039630698723,6,0.028829981803531784,0.6940044861286878,0.7327188700437546,0.989333926141262,0.21187862956896425,1.592370597410761,depthwise,64,0.2415427392901633,0.2310163793240035,0.2310163793240035,0.2285852809338752,0.2285852809338752,0.2285852809338752,,,
20260307_180440,healthcare_insurance_expenses,regression,RS-200,200,1,42,0.40814984451618214,200,63.5,4092.198072081394,2361.302341369978,0.8325583022518495,0.07247930967066848,6,4.481594983793522,0.8990631360560655,0.8660705730319023,0.8838616989552974,0.1043229093474336,2.528691875747685,lossguide,8,0.4117442549339775,0.40878194168953436,0.40878194168953436,0.40814984451618214,0.40814984451618214,0.40814984451618214,,,
20260307_180440,healthcare_insurance_expenses,regression,RS-200,200,2,42,0.37110119687979204,200,62.29,3610.8431367450708,2243.9710730784973,0.89206551671719,0.07164129201486368,4,0.23977616526462536,0.7042532414197922,0.7043708134442568,0.9464754067361355,2.2035920001618567,3.887477248648182,depthwise,20,0.37457489113888204,0.3722014773435804,0.3722014773435804,0.3722014773435804,0.37110119687979204,0.37110119687979204,,,
20260307_180440,healthcare_insurance_expenses,regression,RS-200,200,3,42,0.4104331826136222,200,67.63,4163.544775732544,2379.5326363950226,0.9081806871316003,0.07145974135174586,6,0.3170177965679749,0.7605273339897394,0.870810417830944,0.9457260634750128,2.861809356336296,1.133065841570124,depthwise,382,0.41372987096708025,0.4129291477211874,0.4121185199661545,0.4105399303970678,0.4105399303970678,0.4104331826136222,,,
20260307_180440,healthcare_insurance_expenses,regression,RS-200,200,4,42,0.30611225391277325,200,84.1,5448.9540093826845,3062.2599602385853,0.8006714993752664,0.044847970237858234,4,0.15205482044078572,0.6730237256735563,0.8925136156380176,0.8328184802085161,0.2377208007615991,3.0989704421864825,depthwise,67,0.31138230299505226,0.30886434262050466,0.30651973804143634,0.30611225391277325,0.30611225391277325,0.30611225391277325,,,
20260307_180440,healthcare_insurance_expenses,regression,RS-200,200,5,42,0.35658213991955073,200,46.49,4582.9181890897835,2585.658248278444,0.7826917050023587,0.060689462608636634,5,3.2977059905661847,0.9185975410044194,0.8837056774646044,0.9190186008810997,4.192374408221244,0.6895327786264009,lossguide,114,0.35817396250694067,0.35817396250694067,0.3575437910705952,0.35658213991955073,0.35658213991955073,0.35658213991955073,,,
20260307_180440,healthcare_insurance_expenses,regression,RS-200,200,6,42,0.3866147008148859,200,63.73,4751.992648296374,2538.883396707616,0.880670115409699,0.07801810631742605,5,0.002113024863337685,0.9415895838290453,0.9868455260992051,0.8357582725584507,0.6458830142583698,4.197817078876868,lossguide,144,0.3906344251616262,0.3866147008148859,0.3866147008148859,0.3866147008148859,0.3866147008148859,0.3866147008148859,,,
20260307_180440,healthcare_insurance_expenses,regression,RS-200,200,7,42,0.35623442054205,200,60.87,5330.848601211843,3021.9084400210513,0.822834975493451,0.012053853013109543,4,0.002973310629274352,0.9541196759790183,0.957355322688818,0.782944718375802,4.76899513592096,0.1682106395826675,lossguide,930,0.35723079666873364,0.35723079666873364,0.35723079666873364,0.3568632378904849,0.3568632378904849,0.35623442054205,,,
20260307_180440,healthcare_insurance_expenses,regression,RS-200,200,8,42,0.41651204627042265,200,58.02,4112.540957699035,2489.8831517589824,0.8896281708951176,0.007562281559126134,4,0.003682755968002803,0.905439306795597,0.8350260119885207,0.9446705628186465,0.9156733257711865,1.0998754307744094,lossguide,45,0.4189185642808653,0.41724940555110157,0.41724940555110157,0.41651204627042265,0.41651204627042265,0.41651204627042265,,,
20260307_180440,airfoil_self_noise,regression,RS-200,200,1,42,0.21282744120654054,200,428.58,1.7874923944336012,1.0410354562313,0.9350773020140759,0.017027553753554258,10,0.0017686776047823546,0.8369313646107912,0.7101889755576849,0.9896257251501084,0.20739864780455827,4.683715777739696,depthwise,1004,0.21617093962416997,0.21617093962416997,0.21617093962416997,0.21282744120654054,0.21282744120654054,0.21282744120654054,,,
20260307_180440,airfoil_self_noise,regression,RS-200,200,2,42,0.18590933651075287,200,381.47,1.2847814187610573,0.7978725628142666,0.9658645945348187,0.021397312036361058,8,0.318749207810203,0.6873850066214799,0.6645571276545524,0.958086721971631,0.036299826373811815,2.0317103432583625,depthwise,169,0.19915338719206363,0.19915338719206363,0.19915338719206363,0.19688696255992227,0.19576186436264717,0.18590933651075287,,,
20260307_180440,airfoil_self_noise,regression,RS-200,200,3,42,0.22076104871024346,200,304.88,1.3640981634311777,0.8704579302199348,0.9652729445694035,0.026184089538373173,6,0.06741985267828585,0.9659738715738058,0.8654915306717157,0.9115368906408549,0.012146677334606648,2.0806679860050794,lossguide,166,0.22619891267602318,0.22619891267602318,0.22619891267602318,0.22076104871024346,0.22076104871024346,0.22076104871024346,,,
20260307_180440,airfoil_self_noise,regression,RS-200,200,4,42,0.19954771976057575,200,378.31,1.0703737757023302,0.7808890543186923,0.9728884558775359,0.02770288399416412,9,0.023771679352067695,0.8484367035329342,0.6834276136010885,0.8001522559672594,0.12042145733451472,2.3911891364559534,depthwise,148,0.2191852257809824,0.19954771976057575,0.19954771976057575,0.19954771976057575,0.19954771976057575,0.19954771976057575,,,
20260307_180440,airfoil_self_noise,regression,RS-200,200,5,42,0.19683216351370295,200,438.26,1.6861609746885555,1.1360750602559837,0.942925777713904,0.09024828519744067,7,0.012243390898823784,0.9195978667587041,0.9089277449995279,0.8925271835178137,0.2712624388718046,4.850411515173037,lossguide,32,0.22326438355226966,0.21610989016988724,0.21610989016988724,0.19927593897280763,0.19683216351370295,0.19683216351370295,,,
20260307_180440,airfoil_self_noise,regression,RS-200,200,6,42,0.21962594921462766,200,489.11,1.2718107383470179,0.8577818655460439,0.9623959685534196,0.020779253905051264,9,0.9912710377598279,0.8174627471715212,0.9088418714702129,0.8858237136155367,0.18339560167919844,2.000304874266219,depthwise,44,0.24461740911816673,0.23197587281987891,0.21962594921462766,0.21962594921462766,0.21962594921462766,0.21962594921462766,,,
20260307_180440,airfoil_self_noise,regression,RS-200,200,7,42,0.20836803781168411,200,476.39,1.3667652130825658,0.8646094499953249,0.9638411845924852,0.03593681475661051,7,0.03456849094680032,0.7780070934444666,0.9994407791644335,0.9305992644280195,0.014688578330725432,2.288491963740718,lossguide,50,0.2150581728813333,0.2150581728813333,0.2150581728813333,0.21105587544202775,0.21105587544202775,0.20836803781168411,,,
20260307_180440,airfoil_self_noise,regression,RS-200,200,8,42,0.20416037974408976,200,356.96,1.3780842899869945,0.8661198740260486,0.95342217295725,0.06691548750000186,9,1.177559172334156,0.8297814659774303,0.8566569104790687,0.971731398254633,0.11690465805241838,4.960806129219756,depthwise,130,0.24216000291056938,0.20603453015430764,0.20603453015430764,0.20603453015430764,0.20416037974408976,0.20416037974408976,,,
20260307_180440,Fiat500_used,regression,RS-200,200,1,42,0.36473912534434033,200,136.49,838.8359955133974,638.6285141070272,0.8298449781451036,0.06996050618275232,4,0.0038329832641274967,0.7193439781665802,0.607585633918643,0.982582277432084,4.809060297422949,3.6743312180877665,depthwise,14,0.36473912534434033,0.36473912534434033,0.36473912534434033,0.36473912534434033,0.36473912534434033,0.36473912534434033,,,
20260307_180440,Fiat500_used,regression,RS-200,200,2,42,0.3786245917576118,200,128.02,714.6604059026738,547.3948753238342,0.8689505746845672,0.028958613785597612,8,2.549888199109339,0.871527012437582,0.7700958006083966,0.6684513710439205,0.48876561686238273,1.590946531230584,lossguide,125,0.3786245917576118,0.3786245917576118,0.3786245917576118,0.3786245917576118,0.3786245917576118,0.3786245917576118,,,
20260307_180440,Fiat500_used,regression,RS-200,200,3,42,0.3814349833420674,200,162.51,735.975977946054,545.4099146525065,0.8593633787788251,0.03443639100979119,5,1.4966840610827141,0.8033934563398362,0.622826936841011,0.8287898119539022,1.358553428234253,4.028644613097701,depthwise,756,0.38617342817086464,0.38617342817086464,0.3852160339398293,0.3814349833420674,0.3814349833420674,0.3814349833420674,,,
20260307_180440,Fiat500_used,regression,RS-200,200,4,42,0.39982161973303243,200,79.8,786.3422921556946,572.5116246541342,0.8194762961756761,0.06252374336736971,9,0.10490412470521893,0.8977727450430393,0.609438980743289,0.8511006962507963,0.13741823401004075,2.5817314888904805,lossguide,221,0.40534424884596,0.40077794206230494,0.40077794206230494,0.40077794206230494,0.40077794206230494,0.39982161973303243,,,
20260307_180440,Fiat500_used,regression,RS-200,200,5,42,0.38406678899098146,200,116.01,817.8519194422508,612.5315246582031,0.7853311927042292,0.045144449368454825,7,0.013125036377538465,0.8614695008844138,0.6429943848401308,0.6200588919222355,1.0781962254822255,3.2524701940523464,lossguide,47,0.3867588105257297,0.3867381513367689,0.38549076404078614,0.38538009758525177,0.38406678899098146,0.38406678899098146,,,
20260307_180440,Fiat500_used,regression,RS-200,200,6,42,0.39271809144756364,200,89.25,644.3354721529229,483.45727284749347,0.8862849367249317,0.01939457141721634,8,0.007793002149176523,0.6135951153934002,0.6967386204749346,0.954620772972703,0.6188639263273217,3.453620037921705,lossguide,147,0.3958570868552813,0.3958570868552813,0.39369731882574716,0.39369731882574716,0.39271809144756364,0.39271809144756364,,,
20260307_180440,Fiat500_used,regression,RS-200,200,7,42,0.36994440924397426,200,98.01,733.8378319444886,564.2014389038086,0.8522016697969367,0.06022386081379364,9,2.5337867818166875,0.7661395877599716,0.7806955751031637,0.6229665361344814,3.7578382955426353,3.927210651744716,depthwise,456,0.3721735558639924,0.3715634968323379,0.3715497102044436,0.3715497102044436,0.36994440924397426,0.36994440924397426,,,
20260307_180440,Fiat500_used,regression,RS-200,200,8,42,0.3768529662806123,200,93.7,724.7218079740576,527.2484245300293,0.8735703955537844,0.03413847051050048,10,1.08465310614899,0.9824414845556021,0.668138275668025,0.7803219597786665,0.9452359817324206,3.640417999015283,depthwise,97,0.3864113520899057,0.37688708603391546,0.37688708603391546,0.37688708603391546,0.3768529662806123,0.3768529662806123,,,
20260307_180440,miami_housing,regression,RS-200,200,1,42,0.2497347756191341,200,1687.74,82770.14822872751,40709.2409534698,0.9381152769033615,0.09729354151070563,6,0.02187257848478965,0.9864185832440853,0.7954170078039169,0.7664776500314474,0.9070833832705394,1.4802587427009828,depthwise,23,0.25696796142853773,0.2497347756191341,0.2497347756191341,0.2497347756191341,0.2497347756191341,0.2497347756191341,,,
20260307_180440,miami_housing,regression,RS-200,200,2,42,0.25971287459241743,200,1345.64,82928.39689057095,40426.37154743757,0.9346050645286016,0.028826421960869684,6,0.0018005092303152526,0.7818118143826723,0.6895993124693632,0.7070436324924231,1.0933859884506092,1.3517659453644417,lossguide,27,0.2638833615732722,0.2602037839440595,0.2602037839440595,0.2602037839440595,0.25971287459241743,0.25971287459241743,,,
20260307_180440,miami_housing,regression,RS-200,200,3,42,0.2522702048522086,200,1394.83,78657.31232983962,41218.14956491362,0.9328504085164498,0.033658045811311814,4,0.0025820330655690216,0.7784860886633396,0.7651120953261852,0.6512397132813931,0.1462640243313275,3.8579008932058705,lossguide,27,0.25715718102633345,0.25715718102633345,0.2560792487008563,0.2526475374988483,0.2526475374988483,0.2522702048522086,,,
20260307_180440,miami_housing,regression,RS-200,200,4,42,0.2625615252627144,200,1245.32,74323.0043309634,39617.79225646051,0.9406536431343742,0.011349657345622374,6,0.0599426012433269,0.7006771702319383,0.6458119612187146,0.769917507469654,0.22865354636143892,1.6708738532564604,depthwise,120,0.2664619454379886,0.2664619454379886,0.2664619454379886,0.2655763852146474,0.2625615252627144,0.2625615252627144,,,
20260307_180440,miami_housing,regression,RS-200,200,5,42,0.27946023413123183,200,1420.25,76736.77811676428,41098.10684796022,0.9358909187134468,0.02381831255368341,6,2.134886013305174,0.6110153190791606,0.8563585299998522,0.6390403676778078,1.2445734616218136,0.04358165934886784,lossguide,298,0.28533737566639766,0.28533737566639766,0.28386159708613107,0.27981675404753714,0.27981675404753714,0.27946023413123183,,,
20260307_180440,miami_housing,regression,RS-200,200,6,42,0.2551262250251347,200,1452.9,87086.84419979184,41527.32388755807,0.9218763036660309,0.04430715823778201,4,0.34452514511723376,0.9776815097779036,0.9058816809207201,0.8914289567619562,0.6305140870364383,0.3331780212403275,depthwise,239,0.2572990428781893,0.2572990428781893,0.2572990428781893,0.2572327872819041,0.25690398934941433,0.2551262250251347,,,
20260307_180440,miami_housing,regression,RS-200,200,7,42,0.24938609184934876,200,1253.31,80434.05378184137,42402.018655632986,0.9332350034362931,0.021407950538692908,5,3.95019530263893,0.7491569306701422,0.7589484166353941,0.8201301079243422,0.1719393291390501,0.9658789390910417,depthwise,184,0.25913004185296873,0.2532489165267643,0.2532489165267643,0.25222183956157446,0.25222183956157446,0.24938609184934876,,,
20260307_180440,miami_housing,regression,RS-200,200,8,42,0.25822235565752444,200,1800.29,88067.81251170232,44732.43844140171,0.9359540652883702,0.05887071579935889,4,0.0012356519938626117,0.6848403196781874,0.6192489843815565,0.6570222940295934,1.4373576209812426,1.345940983751137,depthwise,9,0.2629464847521732,0.2619760662566737,0.26008400124693826,0.26008400124693826,0.25822235565752444,0.25822235565752444,,,
20260307_180440,houses,regression,RS-200,200,1,42,0.37641377532259745,200,1396.55,0.20342189562773066,0.14287065000688395,0.8678516812123063,0.006667492887629294,7,0.009313684798226488,0.908065140247345,0.7569627210497856,0.960224723815918,3.0745282443408857,2.695772274307255,depthwise,78,0.3789730585109132,0.3788403284870002,0.37641377532259745,0.37641377532259745,0.37641377532259745,0.37641377532259745,,,
20260307_180440,houses,regression,RS-200,200,2,42,0.39091057543960817,200,1410.99,0.21685464326173867,0.14616148452117514,0.8603062467717624,0.024468175669865085,8,0.003684531993742751,0.9662987433373929,0.8698802445083856,0.9808709722012281,0.6539983130453154,2.944551130115241,depthwise,202,0.3918066441084518,0.3918066441084518,0.3918066441084518,0.39091057543960817,0.39091057543960817,0.39091057543960817,,,
20260307_180440,houses,regression,RS-200,200,3,42,0.3692962733661095,200,1471.32,0.2179342719133807,0.14766286341090104,0.8577506773146777,0.016493892143369354,8,1.0485160517181236,0.9301041610538959,0.7841798275709152,0.8761704064905643,0.17865393747491762,0.8545698637280613,depthwise,86,0.37081137913771534,0.37081137913771534,0.37081137913771534,0.3692962733661095,0.3692962733661095,0.3692962733661095,,,
20260307_180440,houses,regression,RS-200,200,4,42,0.387116243033416,200,1393.12,0.2127859589102701,0.14324369967676084,0.8549340036319849,0.03262450973477884,7,1.7241555086927798,0.9653320647776127,0.8671596959233283,0.9638432875275612,1.9287473484572024,4.8660840614516285,lossguide,481,0.387116243033416,0.387116243033416,0.387116243033416,0.387116243033416,0.387116243033416,0.387116243033416,,,
20260307_180440,houses,regression,RS-200,200,5,42,0.39885187705367336,200,1676.14,0.22542311038333374,0.15398843493707098,0.8444257676001908,0.01634424227679088,8,0.19654582096248632,0.7668288458138705,0.8454419564455747,0.9547491379082202,0.2822497579653747,2.7867018488855106,lossguide,19,0.40199022843289905,0.40146474609488453,0.4003739613682446,0.3989553463969543,0.39885187705367336,0.39885187705367336,,,
20260307_180440,houses,regression,RS-200,200,6,42,0.35962189201919204,200,1746.73,0.216965424146788,0.1472537753761126,0.8570049386082677,0.011415664774879285,6,0.16561306858778527,0.9585896294564009,0.8840413358062506,0.9816185776144266,0.38050422901324926,1.8975774015770295,lossguide,86,0.3600512353044192,0.3600512353044192,0.3600512353044192,0.3600512353044192,0.36004792740390823,0.35962189201919204,,,
20260307_180440,houses,regression,RS-200,200,7,42,0.38933352339401445,200,1681.56,0.2210812738521734,0.14777644914806526,0.8504660981639224,0.01858666489915624,7,0.002730048951972623,0.9802841763943434,0.7760941877961158,0.924351342767477,2.7887935016748497,2.6067066021378156,depthwise,319,0.39039694754557325,0.3899399007262424,0.38933352339401445,0.38933352339401445,0.38933352339401445,0.38933352339401445,,,
20260307_180440,houses,regression,RS-200,200,8,42,0.37345021751378066,200,1544.43,0.20646103507178595,0.14344026314448013,0.862785045736388,0.006443324924615961,8,0.015112138203852689,0.8821271363645792,0.9874508768320084,0.8622987650334835,1.0613053566916846,1.2380805501908065,depthwise,66,0.37774162529301347,0.3752207080805719,0.3752207080805719,0.3740700390725441,0.3740700390725441,0.37345021751378066,,,
20260307_180440,superconductivity,regression,RS-200,200,1,42,0.2521427418785963,200,9541.16,9.285663150457841,5.332674208533742,0.9259389708019227,0.019245200990029868,7,2.028137141009334,0.9661079753190279,0.7173637621104717,0.9448609169572592,3.0548254848831338,0.32044897284638135,lossguide,44,0.25330616371240383,0.2527416214841911,0.25227910069612747,0.25227910069612747,0.2521427418785963,0.2521427418785963,,,
20260307_180440,superconductivity,regression,RS-200,200,2,42,0.2773035934542956,200,7667.93,9.36337375310872,5.158283251623636,0.9259473408835741,0.00969782760560132,9,0.003869002039778286,0.9458755709230899,0.796012569963932,0.7197285450994968,2.666685542602651,0.5628344363632612,lossguide,183,0.2777561888325497,0.2777561888325497,0.2773035934542956,0.2773035934542956,0.2773035934542956,0.2773035934542956,,,
20260307_180440,superconductivity,regression,RS-200,200,3,42,0.27040551293900705,200,8010.96,8.811130922002121,4.989469432650554,0.9322317504742297,0.036904201924688816,9,0.0061821855924245,0.7247077610343695,0.6327284771949052,0.9842466864734888,3.7041972602796744,1.1177053426489234,depthwise,259,0.2710779131708594,0.2710779131708594,0.2710779131708594,0.2710779131708594,0.27077588931311714,0.27040551293900705,,,
20260307_180440,superconductivity,regression,RS-200,200,4,42,0.27048936924989186,200,7342.55,8.7414934474312,5.1123168827049765,0.9349402685559751,0.009882161098065594,9,0.0016041641436279788,0.6813663884997367,0.937588406726718,0.8473833125084639,4.2988281956417485,4.616270857570134,lossguide,85,0.27314835669146326,0.2718949799388962,0.27153848352651594,0.2709301244967389,0.27048936924989186,0.27048936924989186,,,
20260307_180440,superconductivity,regression,RS-200,200,5,42,0.25075552941965623,200,9199.31,9.014931632366446,5.199032395042728,0.9311692708476769,0.021764902820009566,8,1.8492405680494912,0.9658087965101003,0.8697955317795276,0.6605979219079018,0.7727522880481557,3.8959381729563702,lossguide,478,0.25476701907288724,0.25262646473557554,0.25211638696745037,0.25112202506037606,0.25075552941965623,0.25075552941965623,,,
20260307_180440,superconductivity,regression,RS-200,200,6,42,0.27402613827771305,200,9720.1,9.133664841841085,5.206372587486158,0.9296179823280256,0.017856986107602186,8,0.04356342911929258,0.94014772772789,0.6470451761037112,0.6175802558660507,1.248110395695269,4.6607718244337475,lossguide,55,0.27450430504930745,0.2744417347417526,0.27439443419239967,0.27413923972946097,0.27402613827771305,0.27402613827771305,,,
20260307_180440,superconductivity,regression,RS-200,200,7,42,0.27919141437357875,200,9940.66,9.400361377901412,5.083604672372746,0.9265971392598427,0.0416342268725588,7,0.008981876657930921,0.8688331175595522,0.6307032492011785,0.8764591787010432,1.4255000076611526,2.803924266538117,lossguide,444,0.280013637177574,0.27942978563325305,0.27942978563325305,0.27919141437357875,0.27919141437357875,0.27919141437357875,,,
20260307_180440,superconductivity,regression,RS-200,200,8,42,0.274107380870349,200,9506.17,8.996671192913126,5.052791990251236,0.929395882552317,0.01048067471810761,9,0.0015162921685351193,0.7460385959595441,0.7761946480721236,0.610396508872509,1.0057959673870356,4.210520181142818,depthwise,974,0.27575486533872845,0.2742154166582503,0.2742154166582503,0.2742154166582503,0.274107380870349,0.274107380870349,,,
20260307_180440,Food_Delivery_Time,regression,RS-200,200,1,42,0.7870447642123538,200,768.22,7.399906407488524,5.8100444027673435,0.3713072476087821,0.06460638001735375,6,0.003239199717988076,0.8511702828109264,0.7515229411423207,0.9737639866769314,3.1536938621805986,4.448350767431781,depthwise,360,0.7870614988575367,0.7870614988575367,0.7870614988575367,0.7870614988575367,0.7870614988575367,0.7870447642123538,,,
20260307_180440,Food_Delivery_Time,regression,RS-200,200,2,42,0.7901201784169278,200,799.3,7.319120529323156,5.780627697464951,0.3832054904874399,0.011109908385604383,5,1.3395560569653175,0.9881955310702324,0.8565710291266442,0.9144686460494995,4.982941547720507,0.03146264298008755,lossguide,239,0.7901201784169278,0.7901201784169278,0.7901201784169278,0.7901201784169278,0.7901201784169278,0.7901201784169278,,,
20260307_180440,Food_Delivery_Time,regression,RS-200,200,3,42,0.7889301406468477,200,794.69,7.279504134083163,5.69945002391027,0.39856109152663377,0.04931779432829589,5,0.22629429356360015,0.8709901139140128,0.9397299151867629,0.9072815187275409,3.916249115800951,1.7246467751280405,depthwise,23,0.7900842716066709,0.7889301406468477,0.7889301406468477,0.7889301406468477,0.7889301406468477,0.7889301406468477,,,
20260307_180440,Food_Delivery_Time,regression,RS-200,200,4,42,0.7828767805757291,200,792.95,7.3053656371920095,5.773833342996875,0.3768733835456469,0.01413131204890145,5,0.029089870953304404,0.9848117597401143,0.9712188199162484,0.6544781308621168,3.3464255285929894,0.5173630368161015,depthwise,174,0.7828767805757291,0.7828767805757291,0.7828767805757291,0.7828767805757291,0.7828767805757291,0.7828767805757291,,,
20260307_180440,Food_Delivery_Time,regression,RS-200,200,5,42,0.7770563206080215,200,694.06,7.404069066420972,5.815422928347971,0.3790254960231906,0.0350307714133224,5,0.41941719081994144,0.9625138502568007,0.7868270978331566,0.8376935627311468,1.1244269543904812,4.89403483516546,lossguide,20,0.7777206969381624,0.7770563206080215,0.7770563206080215,0.7770563206080215,0.7770563206080215,0.7770563206080215,,,
20260307_180440,Food_Delivery_Time,regression,RS-200,200,6,42,0.7776788021670719,200,678.28,7.4410896648847755,5.851676879309366,0.38306857392170146,0.021637543576731904,5,1.5414505515154517,0.9629858713597059,0.998830146342516,0.6128884617239236,1.2915297880621628,2.4739106450609865,lossguide,16,0.7781215922837486,0.7779424976370074,0.7779424976370074,0.7779424976370074,0.7778666703191158,0.7776788021670719,,,
20260307_180440,Food_Delivery_Time,regression,RS-200,200,7,42,0.7936379497100974,200,751.49,7.44307407793591,5.87594830093827,0.3837648235570287,0.09634313260979502,4,0.7207646329874617,0.967379143834114,0.79957842156291,0.9813217479735613,1.6849155838783831,0.431634254632052,lossguide,485,0.7944537320778852,0.7941683506994651,0.7939166114714298,0.7939079941181248,0.7936379497100974,0.7936379497100974,,,
20260307_180440,Food_Delivery_Time,regression,RS-200,200,8,42,0.7831062789226169,200,668.86,7.377260261232932,5.800692752850893,0.3843793951544806,0.007562281559126134,4,0.003682755968002803,0.905439306795597,0.8350260119885207,0.9446705628186465,0.9156733257711865,1.0998754307744094,lossguide,45,0.7836342286570577,0.7834060491643837,0.7834060491643837,0.7831062789226169,0.7831062789226169,0.7831062789226169,,,
20260307_180440,diamonds,regression,RS-200,200,1,42,0.1337289981351301,200,1404.25,502.54485577755787,261.9144370655941,0.9838682465044732,0.025499082306491033,6,0.01155897142376921,0.9576915230602026,0.859442450478673,0.7311482291668654,2.277371668412909,0.19096809461647646,lossguide,67,0.13463034139439187,0.1340709523902321,0.13403462924389312,0.1337289981351301,0.1337289981351301,0.1337289981351301,,,
20260307_180440,diamonds,regression,RS-200,200,2,42,0.13439063238678883,200,1108.02,525.8665993590835,275.89521277907266,0.9824049239038073,0.019662272871104242,7,0.0018779056126587042,0.9964765835553407,0.9469193007797003,0.8355446066707373,0.6181559816615656,4.437573005696106,lossguide,12,0.13526444097923757,0.13526444097923757,0.13526444097923757,0.13439063238678883,0.13439063238678883,0.13439063238678883,,,
20260307_180440,diamonds,regression,RS-200,200,3,42,0.1406939973294143,200,1029.4,528.08761476568,276.88093750416374,0.9825413449591042,0.010978544573599255,9,0.0023648133095893953,0.9633262533694505,0.7608202133327723,0.6436702750623225,0.34838828686513007,1.2933932387885638,lossguide,20,0.14158850313597393,0.14112138424641896,0.1406939973294143,0.1406939973294143,0.1406939973294143,0.1406939973294143,,,
20260307_180440,diamonds,regression,RS-200,200,4,42,0.1354377254518445,200,1233.24,517.2548540838935,261.19531535579,0.9832691380696055,0.008773807263257704,8,0.08591235835042413,0.9126232773065567,0.6616522409021854,0.9507782548666001,3.7810801264164042,0.23497441801410168,depthwise,234,0.1365035101850858,0.13570946007916676,0.1354377254518445,0.1354377254518445,0.1354377254518445,0.1354377254518445,,,
20260307_180440,diamonds,regression,RS-200,200,5,42,0.13408171583607115,200,1512.66,543.2470421724723,279.30336460689523,0.981836370527166,0.005206486823752096,6,0.11455944131682563,0.9901470739394427,0.6147741597145796,0.9073543518781662,0.152252415817976,3.0506185428102506,depthwise,790,0.13493609573789359,0.13493609573789359,0.13451037224157522,0.13451037224157522,0.13408171583607115,0.13408171583607115,,,
20260307_180440,diamonds,regression,RS-200,200,6,42,0.12626539000380543,200,1247.17,555.1108339059098,275.3251065345024,0.9807175109294467,0.011415664774879285,6,0.16561306858778527,0.9585896294564009,0.8840413358062506,0.9816185776144266,0.38050422901324926,1.8975774015770295,lossguide,86,0.12735433328292836,0.12671720269114062,0.12671720269114062,0.1264991660875952,0.1264991660875952,0.12626539000380543,,,
20260307_180440,diamonds,regression,RS-200,200,7,42,0.13077279285799567,200,1222.34,514.9450640261151,259.1079782979915,0.9831652144598182,0.03126854062452198,8,1.4420154697442467,0.9973284732550383,0.9468759816139937,0.9348547987639904,1.20280230029542,2.1738449087667284,depthwise,180,0.13183542890333552,0.1310621202663879,0.13090161446072485,0.13077279285799567,0.13077279285799567,0.13077279285799567,,,
20260307_180440,diamonds,regression,RS-200,200,8,42,0.1356304688336139,200,1080.44,542.6123834361722,279.18488336436934,0.9815837248906156,0.02219015219255228,8,0.33209336808308193,0.9625817514955998,0.6852838367223739,0.667138360068202,1.6060471637546085,0.9026192802384496,lossguide,36,0.13658506010255844,0.13563841855379435,0.13563841855379435,0.13563841855379435,0.1356304688336139,0.1356304688336139,,,
20260307_180440,qsar-biodeg,classification,RS-200,200,1,42,0.22159406926788935,200,258.28,,,,0.034354511517343894,4,0.16523170420904257,0.7398252952843904,0.8518809366971254,0.8154077272862196,0.8224465875613504,0.08314696208275855,lossguide,539,0.23249757586146172,0.23019338337914114,0.22909517535130752,0.22269858481881152,0.22159406926788935,0.22159406926788935,0.946360153256705,0.8712121212121212,0.3211202072538376
20260307_180440,qsar-biodeg,classification,RS-200,200,2,42,0.3388621517853541,200,142.75,,,,0.09642627475121077,6,0.017673993996788564,0.746469996497035,0.9130549032241106,0.6738162320107222,4.502261461752933,3.2091661716185516,lossguide,200,0.34949268902990005,0.34949268902990005,0.34516523096414026,0.3388621517853541,0.3388621517853541,0.3388621517853541,0.9287356321839081,0.8712121212121212,0.32822937152939635
20260307_180440,qsar-biodeg,classification,RS-200,200,3,42,0.2391072865004101,200,272.02,,,,0.09599237611469313,10,0.00523395529775936,0.6252418652176857,0.9437873136252165,0.6524640493094921,3.1173921511548577,1.7166025394888595,depthwise,178,0.2504003922492451,0.24847330076589577,0.24847330076589577,0.2391072865004101,0.2391072865004101,0.2391072865004101,0.9284802043422733,0.8484848484848485,0.32443510558452393
20260307_180440,qsar-biodeg,classification,RS-200,200,4,42,0.28823996511240696,200,170.67,,,,0.009022696857151633,8,0.5946225937882393,0.9950196281075477,0.9934680894017219,0.718065932020545,1.5883473503851333,1.0185000288960524,depthwise,67,0.2939329808132161,0.2930988344065842,0.2914588964056665,0.2882750891173741,0.2882750891173741,0.28823996511240696,0.9191632231404958,0.8484848484848485,0.3447966325321301
20260307_180440,qsar-biodeg,classification,RS-200,200,5,42,0.23228101264191012,200,258.53,,,,0.03947764659850856,7,0.10844690762347571,0.799211572110653,0.9499791622161865,0.7209058985114097,0.7254452371974476,0.14909778201524168,depthwise,123,0.23847638680385827,0.23533765035483956,0.23228101264191012,0.23228101264191012,0.23228101264191012,0.23228101264191012,0.9302685950413223,0.8787878787878788,0.2986773759462961
20260307_180440,qsar-biodeg,classification,RS-200,200,6,42,0.26161680945007804,200,255.16,,,,0.07474118000771234,7,0.2353924924301786,0.6037296511232852,0.9526355225592852,0.9994509875774383,2.845469572687522,0.8894213435892016,lossguide,671,0.27559293919135347,0.272715189548589,0.272715189548589,0.2660319933048854,0.26161680945007804,0.26161680945007804,0.9271694214876033,0.8409090909090909,0.32762961023239107
20260307_180440,qsar-biodeg,classification,RS-200,200,7,42,0.28128793602928004,200,233.58,,,,0.04890302297518632,10,0.0178586472561607,0.724136645719409,0.6220047980546951,0.6415954425930976,3.0773252993362026,3.5096374069648797,lossguide,817,0.294635766173982,0.28901338646772357,0.28901338646772357,0.28840551026092187,0.2877616303981611,0.28128793602928004,0.9582027168234064,0.8931297709923665,0.24146811908006174
20260307_180440,qsar-biodeg,classification,RS-200,200,8,42,0.3096863874648406,200,167.7,,,,0.07100912280541816,4,0.002116878973921529,0.6482863798737526,0.9558011718094349,0.78442940749228,3.0760117835911926,2.17904380130088,depthwise,196,0.31718472009949694,0.31718472009949694,0.31718472009949694,0.3116457630115177,0.3116457630115177,0.3096863874648406,0.9284221525600836,0.8778625954198473,0.3113310616993386
20260307_180440,Fitness_Club,classification,RS-200,200,1,42,0.4928607723041071,200,31.78,,,,0.09775886178805185,7,0.9946366514472348,0.7084002669900655,0.6662673953920603,0.620761425793171,0.3128039033924229,1.5899012263661252,depthwise,676,0.49748828704528647,0.4938892940877404,0.4938892940877404,0.4938892940877404,0.4928607723041071,0.4928607723041071,0.8402303468595153,0.776595744680851,0.4458945808425031
20260307_180440,Fitness_Club,classification,RS-200,200,2,42,0.4562666922791109,200,42.23,,,,0.012796972119492512,4,4.352589531587801,0.6052062142640352,0.6328056365251541,0.8593581046909093,3.6741381774053914,3.9402054384072316,lossguide,15,0.45757246347346187,0.45757246347346187,0.4571143124240905,0.4571143124240905,0.4562666922791109,0.4562666922791109,0.8052095888576402,0.8031914893617021,0.4791429566332677
20260307_180440,Fitness_Club,classification,RS-200,200,3,42,0.47548520498872526,200,23.47,,,,0.033658045811311814,4,0.0025820330655690216,0.7784860886633396,0.7651120953261852,0.6512397132813931,0.1462640243313275,3.8579008932058705,lossguide,27,0.4782310741476653,0.4782310741476653,0.47735997379561035,0.47629101557769693,0.47629101557769693,0.47548520498872526,0.7249229945091737,0.675531914893617,0.5644992576888552
20260307_180440,Fitness_Club,classification,RS-200,200,4,42,0.47207607465386753,200,32.53,,,,0.03414146470285696,8,0.003278416618437465,0.7119911167770624,0.9455384176224471,0.6496736947447062,0.0647994733825326,4.80185722482279,depthwise,9,0.4738292347218512,0.4738292347218512,0.4735517356848802,0.4735517356848802,0.4735517356848802,0.47207607465386753,0.878800053569037,0.8457446808510638,0.40255778755245036
20260307_180440,Fitness_Club,classification,RS-200,200,5,42,0.46812418805571604,200,26.81,,,,0.058677865156983824,4,0.03765987013183915,0.779558689519763,0.9150312963873148,0.6426455818116664,2.6843711628999563,0.8689377695882693,depthwise,29,0.47156732092941916,0.47156732092941916,0.4701989704488515,0.4701989704488515,0.46812418805571604,0.46812418805571604,0.7782051282051282,0.732620320855615,0.5235872677565988
20260307_180440,Fitness_Club,classification,RS-200,200,6,42,0.5026736336497185,200,33.36,,,,0.016293525014373963,4,0.0013088282534817913,0.9134566817432642,0.8645052742213011,0.6389628365635872,0.04194755618926138,0.8542092581828125,depthwise,9,0.509581394541754,0.5062274564103948,0.5062274564103948,0.5052225828589271,0.5050905920251479,0.5026736336497185,0.8245614035087718,0.7700534759358288,0.4757334036939425
20260307_180440,Fitness_Club,classification,RS-200,200,7,42,0.46862100289860054,200,39.53,,,,0.02028036038318578,5,0.0393297306492437,0.8620249897241592,0.9813018165528774,0.9932877700775862,0.5738798734797165,3.466043870072719,lossguide,23,0.4726655162085284,0.47235508831334716,0.46862100289860054,0.46862100289860054,0.46862100289860054,0.46862100289860054,0.7914394765539804,0.7807486631016043,0.4838631216191151
20260307_180440,Fitness_Club,classification,RS-200,200,8,42,0.43443549635076384,200,40.86,,,,0.05673836969605758,6,1.6880764660309828,0.7104977156966925,0.6027659118175507,0.6218995064496994,4.585667162116524,2.715623506896943,lossguide,701,0.43583133813988617,0.4355848665952995,0.4355848665952995,0.4352927048405571,0.43487292407457007,0.43443549635076384,0.8034351145038168,0.786096256684492,0.48040886871386873
20260307_180440,Is-this-a-good-customer,classification,RS-200,200,1,42,0.3146300564735494,200,40.44,,,,0.09441334989374357,9,0.0025075943837054283,0.8850074030458928,0.8077794127166271,0.7190928470343352,4.441967437879835,2.1105744514448572,lossguide,861,0.31870575033027204,0.3184312813532745,0.3146300564735494,0.3146300564735494,0.3146300564735494,0.3146300564735494,0.7191623036649214,0.8796296296296297,0.33419131870682484
20260307_180440,Is-this-a-good-customer,classification,RS-200,200,2,42,0.31505405106367973,200,53.51,,,,0.043964243561064875,9,0.01069647649093372,0.7014028687030077,0.6077642824500799,0.6067615915089846,2.700019714132324,4.463921810893062,depthwise,322,0.31949335706184834,0.3186090800943839,0.3168715973436458,0.3168715973436458,0.31505405106367973,0.31505405106367973,0.7962303664921466,0.8888888888888888,0.2972987543278549
20260307_180440,Is-this-a-good-customer,classification,RS-200,200,3,42,0.2998882988414489,200,32.42,,,,0.0887172399443632,9,0.17650178420503537,0.8810957573354243,0.6238954205065965,0.7710429865866899,2.510785387406033,2.840148711931799,lossguide,11,0.3020522525279302,0.3020522525279302,0.3020522525279302,0.3020522525279302,0.3020522525279302,0.2998882988414489,0.7359162303664921,0.8796296296296297,0.3244378245272974
20260307_180440,Is-this-a-good-customer,classification,RS-200,200,4,42,0.3503967743168967,200,34.39,,,,0.07017115068129652,6,3.7483599873787954,0.7621114570647478,0.972337331995368,0.6990611400455237,0.04884754523253069,0.22664280060259626,lossguide,26,0.35436168928120476,0.35436168928120476,0.35365202378480254,0.3524856938345993,0.3503967743168967,0.3503967743168967,0.8442408376963351,0.8883720930232558,0.28541710971976836
20260307_180440,Is-this-a-good-customer,classification,RS-200,200,5,42,0.3141316986411854,200,28.65,,,,0.005837750751768537,8,0.8709535311376835,0.9720093786716462,0.8260236345231533,0.9312997300177812,0.9868607979563997,0.7977131570016034,lossguide,208,0.31698051683683903,0.3158256493377608,0.3147826013535964,0.3147826013535964,0.3147826013535964,0.3141316986411854,0.680846422338569,0.8651162790697674,0.34881260777721834
20260307_180440,Is-this-a-good-customer,classification,RS-200,200,6,42,0.3046981092931831,200,44.08,,,,0.045461934332250625,5,0.006425480944941149,0.6006276097148656,0.8847243890166283,0.7060973841696978,1.2540939350883478,0.5162127646836452,lossguide,64,0.30876730163075616,0.30752411825853593,0.3064132660671837,0.3046981092931831,0.3046981092931831,0.3046981092931831,0.7955933682373473,0.8930232558139535,0.29365078574914705
20260307_180440,Is-this-a-good-customer,classification,RS-200,200,7,42,0.25870415638885985,200,48.5,,,,0.07049055833458268,5,0.08843587831607504,0.6071265392005444,0.6798075761646032,0.7677611172199249,4.371115602981019,4.0468389069549735,lossguide,767,0.26126967610619906,0.2604225055933713,0.2588661868838685,0.2588661868838685,0.25870415638885985,0.25870415638885985,0.7209860383944152,0.8883720930232558,0.3380801915863345
20260307_180440,Is-this-a-good-customer,classification,RS-200,200,8,42,0.33471779016018877,200,31.82,,,,0.04321446433080242,4,4.0595387375918515,0.7668879926204681,0.9206227343529463,0.864590386301279,0.898108570100274,1.6748697152894922,lossguide,16,0.3376016600405293,0.3376016600405293,0.3367061839489107,0.3362592550544992,0.3362592550544992,0.33471779016018877,0.7313684210526316,0.8790697674418605,0.32805434371306397
20260307_180440,Marketing_Campaign,classification,RS-200,200,1,42,0.24474330918132403,200,163.41,,,,0.07247930967066848,6,4.481594983793522,0.8990631360560655,0.8660705730319023,0.8838616989552974,0.1043229093474336,2.528691875747685,lossguide,8,0.2512100436354589,0.24603317360421437,0.24603317360421437,0.24474330918132403,0.24474330918132403,0.24474330918132403,0.891213389121339,0.8857142857142857,0.2672561748706612
20260307_180440,Marketing_Campaign,classification,RS-200,200,2,42,0.2557300350117317,200,173.32,,,,0.0764664615836949,7,1.8086779403523023,0.7272565942257643,0.9501089196652174,0.9021537650376559,1.2563664610739798,1.728579150170926,lossguide,41,0.2573611425252998,0.2573611425252998,0.2573611425252998,0.2557300350117317,0.2557300350117317,0.2557300350117317,0.9132564547402796,0.8892857142857142,0.2503056381324917
20260307_180440,Marketing_Campaign,classification,RS-200,200,3,42,0.25257512320459014,200,177.44,,,,0.0887172399443632,9,0.17650178420503537,0.8810957573354243,0.6238954205065965,0.7710429865866899,2.510785387406033,2.840148711931799,lossguide,11,0.2579084724641468,0.2579084724641468,0.2535958475528394,0.25259560986703783,0.25259560986703783,0.25257512320459014,0.8970588235294118,0.8857142857142857,0.2765157818550855
20260307_180440,Marketing_Campaign,classification,RS-200,200,4,42,0.24583044338950635,200,190.43,,,,0.09254618489951766,7,0.014574240876857386,0.7176850069314241,0.8843059871345758,0.6716927953064441,1.6347171602250077,2.201188509558514,depthwise,8,0.2549977377265529,0.2501950507587336,0.2501950507587336,0.24583044338950635,0.24583044338950635,0.24583044338950635,0.858343337334934,0.8678571428571429,0.3110797856516537
20260307_180440,Marketing_Campaign,classification,RS-200,200,5,42,0.262584065303866,200,188.07,,,,0.0893956428662243,6,0.2090489921648937,0.6576781865209341,0.7594871267676353,0.7200189791619778,4.072352490832098,4.2949272614201535,lossguide,14,0.2689543211526065,0.2636942729326468,0.2636942729326468,0.2634679503451051,0.262584065303866,0.262584065303866,0.9229191676670668,0.9035714285714286,0.23122585311471866
20260307_180440,Marketing_Campaign,classification,RS-200,200,6,42,0.21780795565534938,200,160.42,,,,0.04756950293393834,6,4.771520049839525,0.9598668925464153,0.7441799588501453,0.7650304924696684,0.2647244290471077,1.7465772182863206,lossguide,91,0.22137950063978465,0.22137950063978465,0.22065230912517284,0.21809226581365154,0.21809226581365154,0.21780795565534938,0.8892557022809123,0.8642857142857143,0.28033348208490183
20260307_180440,Marketing_Campaign,classification,RS-200,200,7,42,0.27339383653572236,200,159.63,,,,0.06703106100900062,4,0.21067296349382617,0.7811435144394636,0.804721151292324,0.6403342265635729,4.829953985087014,1.6665114579285496,lossguide,188,0.2762888238682259,0.2762888238682259,0.2762888238682259,0.27339383653572236,0.27339383653572236,0.27339383653572236,0.8870048019207682,0.8607142857142858,0.29125160054576266
20260307_180440,Marketing_Campaign,classification,RS-200,200,8,42,0.2536759392709491,200,137.23,,,,0.0940530834125684,5,0.003881100648926964,0.996069049090147,0.6939656801521779,0.6158340573310852,4.279180471590813,2.852780723110866,depthwise,37,0.2569284756238651,0.2555883483450312,0.2536759392709491,0.2536759392709491,0.2536759392709491,0.2536759392709491,0.9360744297719088,0.9071428571428571,0.2320724630528804
20260307_180440,hazelnut-contaminant-detection,classification,RS-200,200,1,42,0.19475049413602236,200,874.27,,,,0.04587970691345704,4,0.006784647130176161,0.6270792715251445,0.7850354168564081,0.735914296656847,0.02426364949122071,4.04291010811925,depthwise,629,0.2045238747829209,0.20294952944005412,0.19475049413602236,0.19475049413602236,0.19475049413602236,0.19475049413602236,0.9858666666666667,0.9266666666666666,0.1569495885720515
20260307_180440,hazelnut-contaminant-detection,classification,RS-200,200,2,42,0.18646756881396045,200,724.68,,,,0.0985972027319574,5,0.006604270781151341,0.7809463683515787,0.6083018727600574,0.9040190439671278,0.8899989755500108,2.580555387043022,lossguide,13,0.1959022965567723,0.19064437185975897,0.1888553565207908,0.1885213243159364,0.1885213243159364,0.18646756881396045,0.9752888888888889,0.9333333333333333,0.18702392294458384
20260307_180440,hazelnut-contaminant-detection,classification,RS-200,200,3,42,0.23637111130334748,200,612.86,,,,0.08755277697131397,5,0.002537773646940969,0.6715612206608057,0.8521473377943038,0.9823383990675211,0.7281822836228646,3.3472007506559605,lossguide,41,0.24116849412338154,0.23999119488776954,0.23999119488776954,0.23637111130334748,0.23637111130334748,0.23637111130334748,0.9803999999999999,0.9266666666666666,0.18034191874509375
20260307_180440,hazelnut-contaminant-detection,classification,RS-200,200,4,42,0.20640584964873387,200,786.97,,,,0.08777739342358247,5,0.7769707688166674,0.9794425647705793,0.786137106642127,0.9179722785949707,0.32312304915534334,2.513877865983267,depthwise,142,0.2191763809479922,0.21497111266779467,0.21196305241059488,0.20640584964873387,0.20640584964873387,0.20640584964873387,0.9772444444444444,0.9266666666666666,0.18594605785679563
20260307_180440,hazelnut-contaminant-detection,classification,RS-200,200,5,42,0.23814099488821697,200,652.32,,,,0.07035762876585598,4,0.044485310836911464,0.7436919212341309,0.771654861047864,0.7723215386271477,0.33824633099138735,0.10543512374404819,depthwise,673,0.23987999468302806,0.23987999468302806,0.23987999468302806,0.23814099488821697,0.23814099488821697,0.23814099488821697,0.9801777777777778,0.9233333333333333,0.17499081548590947
20260307_180440,hazelnut-contaminant-detection,classification,RS-200,200,6,42,0.13405797320757337,200,958.25,,,,0.03463058113743135,4,1.9287933946780809,0.6511106271296739,0.9503044594079256,0.7300228178501129,0.0012788119419477881,1.5527058593543246,depthwise,36,0.14284871609798563,0.14031806261294813,0.14031806261294813,0.13405797320757337,0.13405797320757337,0.13405797320757337,0.9815111111111111,0.9233333333333333,0.17438010378841304
20260307_180440,hazelnut-contaminant-detection,classification,RS-200,200,7,42,0.18170440703411822,200,827.03,,,,0.02637879736739895,4,0.06857923460009624,0.8965739224106073,0.8119153637439013,0.6163025520741939,0.979069253017474,0.046598613832425334,depthwise,692,0.18299475099886936,0.18299475099886936,0.18299475099886936,0.18299475099886936,0.18299475099886936,0.18170440703411822,0.9785333333333333,0.9233333333333333,0.19088196856521852
20260307_180440,hazelnut-contaminant-detection,classification,RS-200,200,8,42,0.23152978874397814,200,726.01,,,,0.027433583701004696,8,0.0034888983132671868,0.7235303781926632,0.635142395272851,0.7863384317606688,0.0338649927360937,3.191386908709258,lossguide,24,0.24079862873221244,0.23152978874397814,0.23152978874397814,0.23152978874397814,0.23152978874397814,0.23152978874397814,0.9744888888888888,0.91,0.22480469201149178
20260307_180440,seismic-bumps,classification,RS-200,200,1,42,0.1861606976681839,200,40.38,,,,0.04387412836973219,8,0.004230942000005301,0.7589371625334025,0.7332403905689716,0.8164412498474121,2.2264372352493,4.300533985922765,lossguide,258,0.18925142770863337,0.18812255557171123,0.1878934279099213,0.18746305321780052,0.18731016867517492,0.1861606976681839,0.7450331125827814,0.934984520123839,0.22032353791809814
20260307_180440,seismic-bumps,classification,RS-200,200,2,42,0.1880044515166331,200,34.84,,,,0.0737234725485741,6,0.3678662050498953,0.6620101876556873,0.7623579870909453,0.6097829509526491,0.7312716609579512,4.313433365152311,lossguide,34,0.18990183916319037,0.18977555099483942,0.1880044515166331,0.1880044515166331,0.1880044515166331,0.1880044515166331,0.7661620939766636,0.934984520123839,0.20025203845062428
20260307_180440,seismic-bumps,classification,RS-200,200,3,42,0.23451875266175404,200,32.81,,,,0.06656564592494436,6,0.5717490875222331,0.7091691128909587,0.6096559319645166,0.852713268622756,1.8817217330031097,0.3048854543210007,depthwise,9,0.23757114274696775,0.23757114274696775,0.2360273614450533,0.23581507111611688,0.23451875266175404,0.23451875266175404,0.7846105329549038,0.934984520123839,0.2094513394585069
20260307_180440,seismic-bumps,classification,RS-200,200,4,42,0.19364275651252513,200,52.75,,,,0.07916108378385908,4,0.041324737821965024,0.9473025094717741,0.669724914804101,0.9390906471759081,1.2748966948914342,4.914473226955347,lossguide,200,0.19529670771166058,0.19529670771166058,0.19529670771166058,0.1944552622796284,0.19364275651252513,0.19364275651252513,0.8331756543677074,0.934984520123839,0.19759413504244444
20260307_180440,seismic-bumps,classification,RS-200,200,5,42,0.2025626936567408,200,41.65,,,,0.04025908346943378,5,0.0013312652870898498,0.876468650251627,0.8036566793918609,0.644401380047202,0.048669670834951106,0.35901320765335115,depthwise,9,0.20346563415737723,0.20346563415737723,0.20346563415737723,0.2025626936567408,0.2025626936567408,0.2025626936567408,0.82718385367392,0.9411764705882353,0.18937678703156827
20260307_180440,seismic-bumps,classification,RS-200,200,6,42,0.23616634119947863,200,37.25,,,,0.06842443922646593,7,0.37780394365020464,0.6864392936229706,0.7995374597609043,0.8002674259245396,0.8940079922513106,0.13869116352899,lossguide,85,0.23984327434179173,0.23984327434179173,0.23984327434179173,0.23616634119947863,0.23616634119947863,0.23616634119947863,0.771523178807947,0.934984520123839,0.21162592392982355
20260307_180440,seismic-bumps,classification,RS-200,200,7,42,0.2182448590322152,200,20.27,,,,0.043394432233447806,7,0.0018344294782333373,0.9298185404390097,0.9110760558396578,0.7742198824882507,0.8928211710954085,0.08321730812648312,lossguide,403,0.22030926744124235,0.22030926744124235,0.21986194489263555,0.2182448590322152,0.2182448590322152,0.2182448590322152,0.7109634551495017,0.9318885448916409,0.22958645068098477
20260307_180440,seismic-bumps,classification,RS-200,200,8,42,0.1687063027112102,200,36.37,,,,0.056270071178900226,10,0.004611630992568111,0.8629022434353828,0.9671436946839094,0.9973573289811611,1.6413038027418778,3.3438539422835225,lossguide,173,0.17200708728559094,0.17039564007000219,0.16966092173720376,0.1687063027112102,0.1687063027112102,0.1687063027112102,0.7168529145273332,0.9318885448916409,0.23368030114852648
20260307_180440,website_phishing,classification,RS-200,200,1,42,0.3387150992847111,200,186.39,,,,0.03530192117276432,10,0.0014091357259768413,0.9676904514431953,0.9848416164517403,0.972060227394104,0.39868058129996065,0.6043232822108082,lossguide,10,0.34415910054735677,0.3387150992847111,0.3387150992847111,0.3387150992847111,0.3387150992847111,0.3387150992847111,0.9788618784409685,0.8705882352941177,0.264492020200011
20260307_180440,website_phishing,classification,RS-200,200,2,42,0.2445917104966671,200,505.06,,,,0.09101643360882268,4,0.08943275637300342,0.8900257382541894,0.9781640503555536,0.876569927111268,1.014410375242401,0.29660920292921367,depthwise,172,0.2456722604974026,0.2456722604974026,0.2445917104966671,0.2445917104966671,0.2445917104966671,0.2445917104966671,0.9782783002350751,0.9053254437869822,0.25545308994666444
20260307_180440,website_phishing,classification,RS-200,200,3,42,0.2913369544880141,200,311.27,,,,0.014843599430417343,5,0.08484205661949702,0.8470471233129502,0.6370804212987423,0.9611482556909323,0.5624783243595622,0.934489511809405,lossguide,43,0.2963111938063215,0.29492615749560774,0.29316429696031826,0.29160047693377456,0.29160047693377456,0.2913369544880141,0.9789205694213555,0.8875739644970414,0.24325707978779684
20260307_180440,website_phishing,classification,RS-200,200,4,42,0.21025740427417475,200,426.59,,,,0.02606997800897961,5,2.5329667492963246,0.9873990163207054,0.7303995691239834,0.6169098142534494,0.18225147615280002,0.3343818200672045,depthwise,994,0.2227881560768984,0.21517542535562667,0.21201564830686362,0.21201564830686362,0.21025740427417475,0.21025740427417475,0.97627125241691,0.8875739644970414,0.26747449767769627
20260307_180440,website_phishing,classification,RS-200,200,5,42,0.277981584594813,200,402.58,,,,0.06305862361234876,9,1.3703670659120306,0.9932489935308695,0.9286015886813402,0.7912293534725905,0.5046041960088536,3.1612822198806336,depthwise,10,0.28688081199400645,0.277981584594813,0.277981584594813,0.277981584594813,0.277981584594813,0.277981584594813,0.9710746630283041,0.9053254437869822,0.26716502205028103
20260307_180440,website_phishing,classification,RS-200,200,6,42,0.28896474962806334,200,380.14,,,,0.09965869940039816,5,0.27038170602300104,0.8125174731016159,0.6689911406487227,0.667673509940505,0.4606123962963,1.8388530206607656,depthwise,193,0.29317427933280177,0.29317427933280177,0.2910138383811855,0.28896474962806334,0.28896474962806334,0.28896474962806334,0.9784923841644843,0.8994082840236687,0.25609258387216494
20260307_180440,website_phishing,classification,RS-200,200,7,42,0.2650196003058185,200,375.1,,,,0.07788562265210751,5,0.05597750134532909,0.9222268354147672,0.6031890902668238,0.9502435769885779,0.22801307932324708,2.123701012959518,depthwise,910,0.2709298493865291,0.2709298493865291,0.26719748210258737,0.2650196003058185,0.2650196003058185,0.2650196003058185,0.9789296741743119,0.8816568047337278,0.25866851216084025
20260307_180440,website_phishing,classification,RS-200,200,8,42,0.25143057808295466,200,468.75,,,,0.012414334779917286,9,0.9214526425136824,0.9537653423845768,0.7722019057720899,0.9869446456432343,0.34133986194208266,1.159407387252804,lossguide,16,0.2660052439115433,0.26017518233396697,0.25143057808295466,0.25143057808295466,0.25143057808295466,0.25143057808295466,0.9810717201036904,0.8875739644970414,0.2608959788573407
20260307_180440,credit-g,classification,RS-200,200,1,42,0.4530714719009413,200,61.48,,,,0.07141625974941296,5,0.06546276579360973,0.7900693546980619,0.9470426373183727,0.6219747480005026,1.482423810180556,2.676517956326623,depthwise,97,0.45474840793232535,0.45474840793232535,0.45474840793232535,0.45474840793232535,0.4530714719009413,0.4530714719009413,0.7737447065940714,0.752,0.5080872453829801
20260307_180440,credit-g,classification,RS-200,200,2,42,0.5501580485862975,200,40.34,,,,0.06596220335143042,10,0.01442858354964189,0.649770925194025,0.7782006178051233,0.8637562278658151,1.220281674020365,2.525692802299932,depthwise,23,0.5548230283108374,0.5548230283108374,0.5548230283108374,0.5501580485862975,0.5501580485862975,0.5501580485862975,0.809739866908651,0.776,0.4799357057906429
20260307_180440,credit-g,classification,RS-200,200,3,42,0.52605215054701,200,68.71,,,,0.09599237611469313,10,0.00523395529775936,0.6252418652176857,0.9437873136252165,0.6524640493094921,3.1173921511548577,1.7166025394888595,depthwise,178,0.5311285154051207,0.5277865517750336,0.5277865517750336,0.52605215054701,0.52605215054701,0.52605215054701,0.7444041137326074,0.752,0.5949832132257004
20260307_180440,credit-g,classification,RS-200,200,4,42,0.45939331796027155,200,47.77,,,,0.07586550721954327,5,0.1356583225843977,0.7753575682640076,0.7425890110433102,0.6719848811626434,0.6381330986059272,4.831592931027152,depthwise,81,0.46652690427139226,0.4639671409390184,0.4639671409390184,0.46158974826832927,0.46158974826832927,0.45939331796027155,0.7516636418632789,0.728,0.5234719677502002
20260307_180440,credit-g,classification,RS-200,200,5,42,0.4663239244676978,200,141.55,,,,0.09261972920948737,4,0.001630694662757646,0.9424643523991107,0.7443700715899467,0.868038497120142,1.1071016136820429,1.4979797804874369,depthwise,11,0.485135285677891,0.47387071175337203,0.47387071175337203,0.47387071175337203,0.47387071175337203,0.4663239244676978,0.7478501228501229,0.752,0.5306059362128717
20260307_180440,credit-g,classification,RS-200,200,6,42,0.459062715389716,200,94.34,,,,0.057099855297912026,9,0.1038307860237845,0.7954843658953905,0.6603352732956409,0.8731980860233306,3.5636827771499755,4.684806856193207,lossguide,211,0.46857514665070765,0.46543769684622166,0.46327846144054385,0.46327846144054385,0.45994675944800567,0.459062715389716,0.8187960687960688,0.784,0.4592161302264731
20260307_180440,credit-g,classification,RS-200,200,7,42,0.4640605756571262,200,87.22,,,,0.019128299126579193,6,0.675981400238422,0.6283016946166754,0.6275484509766102,0.8744227010756731,3.365002304325253,2.9921899300583643,depthwise,16,0.4698876229361003,0.4698876229361003,0.46523609992795467,0.4640605756571262,0.4640605756571262,0.4640605756571262,0.8037469287469288,0.76,0.4818249402749535
20260307_180440,credit-g,classification,RS-200,200,8,42,0.4539609503617679,200,105.75,,,,0.039618299772618715,10,0.5875203265357559,0.7970960840582848,0.6006266433745623,0.8901626303792,0.3718515305960551,4.389805853442848,depthwise,52,0.4621635937167676,0.4621635937167676,0.4621635937167676,0.45595805038008524,0.4539609503617679,0.4539609503617679,0.773955773955774,0.712,0.5076920059882997
