function,basis,order,mode,best_f_mean,best_f_std,best_f_min,best_f_max,best_f_median,wall_time_mean,wall_time_std,success_rate,avg_iterations,true_optimum,optimality_gap_mean,optimality_gap_median
ackley_2d,Cosine,7,adaptive,2.8254064044164195e-05,3.0434242394780616e-05,4.4537648991038736e-07,7.891757121170073e-05,2.068521633469267e-05,0.042541790008544925,0.04238695256571888,1.0,5.0,0.0,2.8254064044164195e-05,2.068521633469267e-05
ackley_2d,Cosine,5,adaptive,2.8396811511699484e-05,4.839558498971628e-05,7.58224411256947e-07,0.00016101959625025586,7.854438717203038e-06,0.043165063858032225,0.046546299350500336,1.0,5.6,0.0,2.8396811511699484e-05,7.854438717203038e-06
ackley_2d,Cosine,2,adaptive,4.1309821036117356e-05,2.815722525842294e-05,4.3776297342645876e-07,8.300172199016131e-05,3.766561002205293e-05,0.06282563209533691,0.04967044664054224,1.0,9.2,0.0,4.1309821036117356e-05,3.766561002205293e-05
ackley_2d,Cosine,3,adaptive,5.784816617140365e-05,7.058278790585411e-05,2.7315020525442435e-06,0.00020875635269446136,2.5963501587566995e-05,0.01176126003265381,0.0012785691925012253,1.0,2.0,0.0,5.784816617140365e-05,2.5963501587566995e-05
ackley_2d,Cosine,3,standard,5.784816617140365e-05,7.058278790585411e-05,2.7315020525442435e-06,0.00020875635269446136,2.5963501587566995e-05,0.009446072578430175,0.0012711942599443657,1.0,1.0,0.0,5.784816617140365e-05,2.5963501587566995e-05
ackley_2d,Cosine,1,adaptive,0.0003542055847645109,0.00028023896535652723,1.509902943563901e-06,0.0007337971333147841,0.0003797471842459377,0.008433723449707031,0.0007752619477156072,1.0,2.0,0.0,0.0003542055847645109,0.0003797471842459377
ackley_2d,Cosine,1,standard,0.0003542055847645109,0.00028023896535652723,1.509902943563901e-06,0.0007337971333147841,0.0003797471842459377,0.006783342361450196,0.0008710875481111068,1.0,1.0,0.0,0.0003542055847645109,0.0003797471842459377
ackley_2d,Legendre,5,adaptive,0.21554708926253788,0.1322278493234962,0.03587626122162613,0.38933642305291105,0.164780901417384,0.3997854948043823,0.21043729591052643,1.0,21.1,0.0,0.21554708926253788,0.164780901417384
ackley_2d,Legendre,2,adaptive,0.5502799125958207,0.6382370504556194,0.07484756599107412,1.8295710236846394,0.273930983962263,0.055334854125976565,0.023347818693895617,1.0,10.8,0.0,0.5502799125958207,0.273930983962263
ackley_2d,Legendre,7,adaptive,0.5878790231105715,0.6374327296068777,0.0862762647141766,1.7855123256486238,0.3165809894697016,0.2423147201538086,0.09497993258330226,1.0,18.8,0.0,0.5878790231105715,0.3165809894697016
ackley_2d,Legendre,3,adaptive,0.8494127116501298,0.8553639028834731,0.008078140089031738,2.206701047571654,0.4146858239579412,0.09246675968170166,0.036726204915155616,1.0,14.5,0.0,0.8494127116501298,0.4146858239579412
ackley_2d,Legendre,2,standard,2.1740316851345445,0.961952675690148,0.07484756599107412,3.2588910746529374,2.174713929346283,0.006016755104064941,0.00019963498359602686,1.0,1.0,0.0,2.1740316851345445,2.174713929346283
ackley_2d,Legendre,3,standard,4.296270660885086,1.0581976980775942,2.7834540880565957,6.367036109786297,4.086787575947291,0.008859062194824218,0.0004757795552708391,1.0,1.0,0.0,4.296270660885086,4.086787575947291
ackley_2d,Cosine,5,standard,5.937202927185883,9.55995416635316,5.649735157042812e-06,19.94654020781606,3.5074240212207286e-05,0.012079095840454102,0.0015236687929737125,1.0,1.0,0.0,5.937202927185883,3.5074240212207286e-05
ackley_2d,Legendre,1,adaptive,9.031999954765073,6.867127389744797e-09,9.031999947168497,9.031999969168886,9.031999953032877,1.6433513164520264,0.07123085772702936,1.0,25.0,0.0,9.031999954765073,9.031999953032877
ackley_2d,Cosine,7,standard,10.26164609768561,9.514683591485898,9.451633613544175e-07,20.781174356325813,11.801752116860564,0.013846397399902344,0.0028261126825046942,1.0,1.0,0.0,10.26164609768561,11.801752116860564
ackley_2d,Cosine,2,standard,11.857485119634791,10.20550293162317,9.70724891802277e-06,19.95042492510158,19.71260784166772,0.010673213005065917,0.004518094167293847,1.0,1.0,0.0,11.857485119634791,19.71260784166772
ackley_2d,Legendre,5,standard,13.301713180916025,9.447036134898939,1.04079392273179,21.401839871073225,19.797946080743003,0.060906386375427245,0.045011234523332576,1.0,1.0,0.0,13.301713180916025,19.797946080743003
ackley_2d,Legendre,7,standard,14.327307339326055,9.257219514916212,3.1019872032321913,22.19365039084736,21.160132559147307,0.019887161254882813,0.0056678867922939575,1.0,1.0,0.0,14.327307339326055,21.160132559147307
ackley_2d,Legendre,1,standard,20.06902618063887,0.3386226543103493,19.950424956357086,21.027857389066114,19.95042495642143,0.08548400402069092,0.016324417459362084,1.0,1.0,0.0,20.06902618063887,19.95042495642143
branin_2d,Legendre,2,adaptive,0.5835223597481306,0.11531955518090532,0.4683027455663531,0.7837744354168006,0.5663144901530064,1.5346621751785279,0.04124526938312529,1.0,25.0,0.397887,0.1856353597481306,0.1684274901530064
branin_2d,Legendre,5,adaptive,0.6311694637625269,0.191221045260646,0.43841506472093705,1.0300464313470314,0.5675759955146136,1.3123629331588744,0.2815415206904775,1.0,23.6,0.397887,0.23328246376252693,0.16968899551461358
branin_2d,Legendre,7,adaptive,0.7880211400594689,0.4776090058774857,0.42037077277167967,2.004296409748097,0.6572000337494224,1.0324217796325683,0.7080261371099433,1.0,18.3,0.397887,0.3901341400594689,0.2593130337494224
branin_2d,Legendre,1,adaptive,0.8448037966180504,0.0,0.8448037966180504,0.8448037966180504,0.8448037966180504,1.6244592189788818,0.017366861120399812,1.0,25.0,0.397887,0.4469167966180504,0.4469167966180504
branin_2d,Legendre,3,adaptive,1.1266364113684924,0.7485384093403926,0.47644194999780254,2.7895007237057294,0.8173400488041702,0.9941588640213013,0.6465450673178071,1.0,21.7,0.397887,0.7287494113684924,0.4194530488041702
branin_2d,Cosine,7,adaptive,8.31192680020798,2.5525924102238826,5.8749970123565,12.600043864737927,6.888503946423509,0.10094594955444336,0.07258473697779268,1.0,10.7,0.397887,7.91403980020798,6.4906169464235095
branin_2d,Cosine,5,adaptive,9.98517335666526,3.494156518493201,5.862777021156943,17.183943857690437,10.21672817537922,0.07927494049072266,0.0761897099205606,1.0,9.6,0.397887,9.58728635666526,9.81884117537922
branin_2d,Cosine,3,adaptive,11.719358964782732,7.625756067725968,5.874997157997904,26.62273558493966,6.869053668843419,0.08011913299560547,0.10271406031613887,1.0,9.5,0.397887,11.32147196478273,6.471166668843419
branin_2d,Cosine,2,adaptive,12.636756950852169,4.064487069582294,7.290258243356818,17.22334159073169,14.724019305779812,0.014927983283996582,0.006788661832569156,1.0,3.5,0.397887,12.238869950852168,14.326132305779812
branin_2d,Cosine,3,standard,15.76527293357753,8.290632857699404,5.994171725188215,26.62273558493966,20.395904208033528,0.007012295722961426,0.0010975677776057188,1.0,1.0,0.397887,15.367385933577529,19.998017208033527
branin_2d,Legendre,7,standard,16.115879922040612,7.685723063145425,6.277222007935931,31.61787096091667,15.61231092699924,0.027415537834167482,0.030303447799646534,1.0,1.0,0.397887,15.717992922040612,15.21442392699924
branin_2d,Cosine,2,standard,16.87970628644569,7.6364544034514985,7.290258243356818,32.0186457613013,17.226188609028192,0.006322288513183593,0.000982607349421321,1.0,1.0,0.397887,16.48181928644569,16.82830160902819
branin_2d,Legendre,5,standard,17.050313539704128,3.6567212864739593,11.096432511308413,21.280136482696072,18.630840225765503,0.011388850212097169,0.002079480338224324,1.0,1.0,0.397887,16.652426539704127,18.232953225765502
branin_2d,Legendre,1,standard,17.19656082784059,8.185573376229767e-10,17.196560827581738,17.196560830170245,17.196560827581738,0.08172173500061035,0.004767765991909154,1.0,1.0,0.397887,16.798673827840588,16.798673827581737
branin_2d,Legendre,3,standard,17.58601778581518,8.938955188530052,8.06066935986552,33.122760968279046,15.0749023468018,0.018648290634155275,0.022682930288257717,1.0,1.0,0.397887,17.18813078581518,14.677015346801799
branin_2d,Cosine,5,standard,21.00436415223868,9.921025268653693,11.396498630926125,43.67593882063311,17.472348682215454,0.008756470680236817,0.0014130783735640743,1.0,1.0,0.397887,20.60647715223868,17.074461682215453
branin_2d,Cosine,7,standard,21.509216009908503,14.313489172162772,7.246626062011383,56.57737947964357,21.08998512475415,0.010312604904174804,0.0018182755401671153,1.0,1.0,0.397887,21.111329009908502,20.69209812475415
branin_2d,Cosine,1,adaptive,26.622735984736444,1.7445101656210867e-05,26.622687503668192,26.622746923621445,26.62274234172701,0.006734395027160644,0.0009188546627483517,1.0,2.0,0.397887,26.224848984736443,26.22485534172701
branin_2d,Cosine,1,standard,26.622735984736444,1.7445101656210867e-05,26.622687503668192,26.622746923621445,26.62274234172701,0.005391693115234375,0.0009215210888999334,1.0,1.0,0.397887,26.224848984736443,26.22485534172701
branin_2d,Legendre,2,standard,36.832712482709965,3.9305663925535024,30.627617130082644,43.53550930825575,36.229291404749304,0.003950095176696778,0.00043725394612444064,1.0,1.0,0.397887,36.43482548270997,35.83140440474931
camel16_2d,Legendre,7,adaptive,-0.7419199522233326,0.8632176205523744,-1.0295263933379473,1.7144297983929058,-1.015539443258785,0.20562617778778075,0.04050686757504036,1.0,13.1,-1.0316,0.28968004777666745,0.016060556741215093
camel16_2d,Legendre,3,adaptive,-0.2081850094003584,0.30984187702600885,-0.9992391688953698,-0.025270538159824635,-0.054471489437200454,0.1023747444152832,0.1820135694787794,1.0,9.7,-1.0316,0.8234149905996417,0.9771285105627996
camel16_2d,Legendre,2,adaptive,-0.01429026243359408,0.020483153032806685,-0.06691120443635298,0.006013492063894405,-0.009629979116490071,0.010962605476379395,0.003871465486290105,1.0,3.1,-1.0316,1.017309737566406,1.02197002088351
camel16_2d,Legendre,1,adaptive,-0.0008997143061759167,0.1441126293911229,-0.12058165350871106,0.335330310323662,-0.02912700595380685,1.6705908298492431,0.12646936826844984,1.0,22.5,-1.0316,1.030700285693824,1.0024729940461932
camel16_2d,Cosine,1,adaptive,7.693628699434307e-17,1.4805608645498722e-15,-2.319241771359192e-15,2.6937201396730143e-15,-2.4003191867688076e-16,0.007084846496582031,0.0006173551797956297,1.0,2.0,-1.0316,1.0316,1.0315999999999999
camel16_2d,Cosine,1,standard,7.693628699434307e-17,1.4805608645498722e-15,-2.319241771359192e-15,2.6937201396730143e-15,-2.4003191867688076e-16,0.005493855476379395,0.0006019948254159809,1.0,1.0,-1.0316,1.0316,1.0315999999999999
camel16_2d,Legendre,2,standard,0.0038517212762314195,0.03451380650174608,-0.06691120443635298,0.051630398996902194,-0.00028788602043479904,0.004031467437744141,0.0004709696148211734,1.0,1.0,-1.0316,1.0354517212762315,1.0313121139795653
camel16_2d,Legendre,5,adaptive,0.018691123955093824,1.609196380657416,-1.0287879615028523,2.9044220124567626,-0.9335142785102735,0.114752197265625,0.04534002960840508,1.0,10.3,-1.0316,1.0502911239550938,0.09808572148972661
camel16_2d,Legendre,3,standard,0.020397428925163667,0.20895194624190558,-0.42513912175552676,0.296482306308502,-0.010096645739199304,0.006926798820495605,0.0005483434905256127,1.0,1.0,-1.0316,1.0519974289251637,1.0215033542608007
camel16_2d,Cosine,5,adaptive,0.08570329743797087,0.5531419874895883,-0.6805128896180208,1.5375458639977317,-2.1535392724771232e-16,0.05283312797546387,0.02628470821765806,1.0,5.7,-1.0316,1.1173032974379709,1.0315999999999999
camel16_2d,Cosine,7,adaptive,0.44018917509463595,1.032722019562946,-0.9956596004283893,2.301086029623392,3.2229950841362066e-16,0.07759644985198974,0.04876594381544399,1.0,7.5,-1.0316,1.471789175094636,1.0316000000000003
camel16_2d,Cosine,2,adaptive,2.1075931124394045,2.9271311170976344,-0.9847822426406092,7.582874292399541,2.3993844512786406,0.04172685146331787,0.010495719076028143,1.0,7.5,-1.0316,3.1391931124394046,3.4309844512786407
camel16_2d,Cosine,3,adaptive,6.489608634711895,11.983093423595841,-0.512732725480836,38.34399076403369,2.057764730723549,0.035696005821228026,0.023388924458312636,1.0,5.0,-1.0316,7.521208634711895,3.089364730723549
camel16_2d,Legendre,7,standard,7.730077612918684,10.32505980963753,-0.8486238968072346,32.70705371786937,2.9798394220375597,0.020882892608642577,0.00445556885547177,1.0,1.0,-1.0316,8.761677612918685,4.01143942203756
camel16_2d,Legendre,5,standard,11.595438883975326,8.83991424806969,0.641329017374514,29.58036285394314,9.067793098287485,0.01422898769378662,0.0017975066735401988,1.0,1.0,-1.0316,12.627038883975327,10.099393098287486
camel16_2d,Cosine,2,standard,28.312166536248622,8.796561368748828,12.974468267442903,38.72109159569966,29.38917946178516,0.00731353759765625,0.000810576588719769,1.0,1.0,-1.0316,29.343766536248623,30.420779461785163
camel16_2d,Cosine,7,standard,63.32159604330102,83.42622139406166,2.301086029623392,230.46051717350008,26.548747897768543,0.018524670600891115,0.007531250774146782,1.0,1.0,-1.0316,64.35319604330103,27.580347897768544
camel16_2d,Cosine,3,standard,68.9396866802182,56.455836744861664,1.8394385090424605e-16,185.44590018077452,60.1440448329558,0.010228729248046875,0.004454030420622966,1.0,1.0,-1.0316,69.9712866802182,61.1756448329558
camel16_2d,Cosine,5,standard,160.76519367639122,173.49944331919568,-3.7432806079293637e-16,467.5904388835891,117.14050988824033,0.014693450927734376,0.006739043620263496,1.0,1.0,-1.0316,161.79679367639122,118.17210988824033
camel16_2d,Legendre,1,standard,6395.833333333333,26.35231383473646,6370.833333333333,6420.833333333333,6395.833333333333,0.07213368415832519,0.006026412777592884,1.0,1.0,-1.0316,6396.864933333333,6396.864933333333
dixon_price,Legendre,2,adaptive,2.3861476603460057,0.40171679514311376,1.8510429782068778,3.2536955659856606,2.310081586524219,1.2433478116989136,0.11243547052582849,1.0,25.0,0.0,2.3861476603460057,2.310081586524219
dixon_price,Cosine,1,adaptive,9.477351506314827,17.74441501502218,0.9999999276734179,59.10716952836116,3.748368515331263,0.5158853769302368,0.05744886141478246,1.0,24.6,0.0,9.477351506314827,3.748368515331263
dixon_price,Legendre,3,adaptive,30.74753784743557,19.84929408785009,7.493398701867326,63.27668443419924,27.190816994362045,1.8345882892608643,0.3180067581481999,1.0,25.0,0.0,30.74753784743557,27.190816994362045
dixon_price,Legendre,5,adaptive,47.568693888140196,16.9154105121408,27.290135398284693,69.29656473098937,45.98546712082067,2.755603241920471,0.263503725856486,1.0,25.0,0.0,47.568693888140196,45.98546712082067
dixon_price,Legendre,7,adaptive,63.99599498006936,29.45280774656431,23.538232098564112,125.14435126136466,64.58205497339128,4.041685938835144,0.39825923239168215,1.0,25.0,0.0,63.99599498006936,64.58205497339128
dixon_price,Cosine,1,standard,184.99999896539924,159.1086271943875,0.9999999276734179,320.9999998162456,280.9999987328707,0.03113102912902832,0.004222036245562496,1.0,1.0,0.0,184.99999896539924,280.9999987328707
dixon_price,Cosine,3,adaptive,274.8051898879023,122.69355869255693,100.31768102173395,469.0560577635469,301.08239431166965,1.470030951499939,0.15864077995216155,1.0,25.0,0.0,274.8051898879023,301.08239431166965
dixon_price,Legendre,2,standard,319.891877231876,167.13581370649234,39.70962277571208,581.0335544438485,334.28986216588805,0.05492675304412842,0.020665153366986086,1.0,1.0,0.0,319.891877231876,334.28986216588805
dixon_price,Legendre,3,standard,406.07402767243985,269.97039615090205,135.03675830546274,830.699463697449,310.0588667945209,0.0666860818862915,0.020841515139667244,1.0,1.0,0.0,406.07402767243985,310.0588667945209
dixon_price,Cosine,7,adaptive,568.9926157053551,436.3416118408503,53.69491669778155,1393.335500837456,512.0471960819884,3.146114945411682,0.14683417537253812,1.0,25.0,0.0,568.9926157053551,512.0471960819884
dixon_price,Cosine,5,adaptive,599.2866811854024,708.5376060549072,50.57116365832397,1994.363885918353,328.4265410882583,2.2090903997421263,0.2501479412051622,1.0,25.0,0.0,599.2866811854024,328.4265410882583
dixon_price,Cosine,2,adaptive,1099.8482886658487,442.58612400356134,448.1527069525408,1662.5262993243427,1027.1623395665601,1.0871325254440307,0.09431784657703447,1.0,25.0,0.0,1099.8482886658487,1027.1623395665601
dixon_price,Legendre,1,adaptive,5434.170924181557,1059.9759885104559,3621.8676285292927,7182.3133142281695,5198.727805153824,8.895525097846985,0.08908662986490704,1.0,25.0,0.0,5434.170924181557,5198.727805153824
dixon_price,Legendre,5,standard,22848.596923562796,8051.76398246284,6975.001146786599,32597.839723607158,24688.272155063725,0.12209925651550294,0.02252906293235105,1.0,1.0,0.0,22848.596923562796,24688.272155063725
dixon_price,Cosine,2,standard,31778.98873448102,6294.422080196537,22755.594221036317,41365.926245792914,29531.94498985575,0.04271831512451172,0.008187187761198627,1.0,1.0,0.0,31778.98873448102,29531.94498985575
dixon_price,Cosine,5,standard,61637.30596999201,54440.54736859821,14167.598741764994,182096.2650823047,39922.06228785444,0.10514299869537354,0.032403478067793735,1.0,1.0,0.0,61637.30596999201,39922.06228785444
dixon_price,Cosine,3,standard,62140.5299571686,17203.735495668272,29800.84490141553,85120.97194513948,64129.233412080546,0.06831929683685303,0.017524287879008484,1.0,1.0,0.0,62140.5299571686,64129.233412080546
dixon_price,Legendre,7,standard,76203.59514364149,67061.18239277774,28173.560393647407,255610.12460378127,59090.060352727975,0.16696670055389404,0.05484492778545971,1.0,1.0,0.0,76203.59514364149,59090.060352727975
dixon_price,Cosine,7,standard,77164.47914666431,36384.5298368974,20415.77908506638,147743.85242619,80431.55414069601,0.14520816802978515,0.028913555184806216,1.0,1.0,0.0,77164.47914666431,80431.55414069601
dixon_price,Legendre,1,standard,2047113.0,74657.3346549271,1949481.0,2221521.0,2033521.0,0.3528662443161011,0.016045015479257775,1.0,1.0,0.0,2047113.0,2033521.0
griewank_10d,Legendre,2,adaptive,1.0971461773083162,0.05867984874570002,1.0281217656192494,1.2174527237092645,1.0772025467189303,1.0889600038528442,0.11420743095123959,1.0,25.0,0.0,1.0971461773083162,1.0772025467189303
griewank_10d,Legendre,3,adaptive,1.2153366394419725,0.09723818232444562,1.0983781049654329,1.3650142090315938,1.2022133460763902,1.692136287689209,0.35718775275563314,1.0,25.0,0.0,1.2153366394419725,1.2022133460763902
griewank_10d,Legendre,5,adaptive,1.5919583891544697,0.24454857848338826,1.2693894039760065,2.0153465469563248,1.6083142752070054,2.333565044403076,0.33260522739503,1.0,25.0,0.0,1.5919583891544697,1.6083142752070054
griewank_10d,Legendre,7,adaptive,1.7307383518782093,0.4593320349031189,1.2546647372620798,2.567076798252841,1.5901260867215503,3.4356648206710814,0.4002966528364484,1.0,25.0,0.0,1.7307383518782093,1.5901260867215503
griewank_10d,Legendre,2,standard,2.7384200850211577,0.6545970187585458,1.7455415893056705,4.082147358631296,2.7926896823019236,0.03457026481628418,0.00017110958128846101,1.0,1.0,0.0,2.7384200850211577,2.7926896823019236
griewank_10d,Legendre,3,standard,5.168404441551979,1.8962155111885752,3.138649913150564,9.486438796079339,4.714586588523539,0.052440762519836426,0.0013966679895883734,1.0,1.0,0.0,5.168404441551979,4.714586588523539
griewank_10d,Cosine,3,adaptive,20.008111950496563,3.8728963645166457,12.193155391824206,25.53920411800797,20.487182666149835,0.8586812019348145,0.031158634136271998,1.0,25.0,0.0,20.008111950496563,20.487182666149835
griewank_10d,Cosine,2,adaptive,22.49352571646674,5.043011563828205,16.15503869191586,32.091798706503155,21.2619465055417,0.8731260776519776,0.03492618082379099,1.0,25.0,0.0,22.49352571646674,21.2619465055417
griewank_10d,Cosine,5,adaptive,24.05125547141237,6.5819363487226905,13.41044916934718,32.7890101848988,23.200754620621787,1.1305465698242188,0.03834437358524294,1.0,25.0,0.0,24.05125547141237,23.200754620621787
griewank_10d,Cosine,7,adaptive,24.573271253044727,10.030797941058173,13.319899782941503,44.96097695939917,21.949803616708962,1.326737403869629,0.051479742928681384,1.0,25.0,0.0,24.573271253044727,21.949803616708962
griewank_10d,Cosine,1,adaptive,24.943004539589772,1.4982789970345478,21.89458644465182,25.998518592317982,25.796625086078528,0.4849059581756592,0.037196087382830735,1.0,25.0,0.0,24.943004539589772,25.796625086078528
griewank_10d,Cosine,1,standard,25.998458090264357,0.00021193062811265055,25.998092970698202,25.99884433401013,25.998494225978632,0.035106992721557616,0.001192709488882103,1.0,1.0,0.0,25.998458090264357,25.998494225978632
griewank_10d,Legendre,5,standard,31.058367408403864,37.77575319892986,6.191459099476653,118.87498261255747,17.793118953680818,0.09363996982574463,0.025884328872132673,1.0,1.0,0.0,31.058367408403864,17.793118953680818
griewank_10d,Legendre,7,standard,39.786369395548526,27.231900765834997,4.540750224221974,92.01613589429974,31.586755016286503,0.12692728042602539,0.03960293696388195,1.0,1.0,0.0,39.786369395548526,31.586755016286503
griewank_10d,Cosine,3,standard,42.09735081418627,22.093728173884386,23.096124127059944,89.62793353728155,33.81709403585888,0.04978442192077637,0.001892104948473401,1.0,1.0,0.0,42.09735081418627,33.81709403585888
griewank_10d,Legendre,1,adaptive,46.15065628144426,5.9586957990834195,39.61056220449483,59.557955966519884,44.165401595976626,7.185823655128479,0.32360488097748,1.0,25.0,0.0,46.15065628144426,44.165401595976626
griewank_10d,Cosine,2,standard,53.22400606347863,23.569001297216637,21.254636153038916,101.46896970656664,52.74654393529894,0.0440864086151123,0.002873307180934747,1.0,1.0,0.0,53.22400606347863,52.74654393529894
griewank_10d,Cosine,5,standard,89.54373261597303,31.049024222028386,59.262070909865336,142.92013331638967,75.09599283149007,0.05812270641326904,0.002963285500307014,1.0,1.0,0.0,89.54373261597303,75.09599283149007
griewank_10d,Cosine,7,standard,168.51876522088406,39.207706282801865,128.55882407505408,243.0290475374208,160.74674426476852,0.0619239330291748,0.003073902973939664,1.0,1.0,0.0,168.51876522088406,160.74674426476852
griewank_10d,Legendre,1,standard,626.0061998734213,1.1087647140425153e-09,626.006199871989,626.0061998757151,626.0061998734427,0.38468332290649415,0.0173643953654844,1.0,1.0,0.0,626.0061998734213,626.0061998734427
levy,Legendre,2,adaptive,0.20528271626483074,0.057015052960264836,0.11197671581049189,0.28867028969365355,0.2053990637770578,0.6130221605300903,0.10119837963758758,1.0,25.0,0.0,0.20528271626483074,0.2053990637770578
levy,Legendre,5,adaptive,0.4393774892143276,0.17162720870832426,0.12761288572854185,0.7034361145958501,0.4512872384413312,1.6620078325271606,0.2773262713259769,1.0,25.0,0.0,0.4393774892143276,0.4512872384413312
levy,Legendre,3,adaptive,0.48399076820535375,0.05469063499259468,0.4154436767317445,0.5621045056945576,0.4669315994116229,1.0536516904830933,0.15973406120370776,1.0,25.0,0.0,0.48399076820535375,0.4669315994116229
levy,Legendre,7,adaptive,1.0532972040341968,0.4114846237543255,0.47068867583261736,1.809605456741183,0.9872659212769421,3.409142351150513,0.4699171843596999,1.0,25.0,0.0,1.0532972040341968,0.9872659212769421
levy,Cosine,1,adaptive,1.3231285986148993,0.179131783679672,0.9331873892780185,1.4426047815258898,1.4425959396105013,0.40635132789611816,0.09613211740022377,1.0,24.5,0.0,1.3231285986148993,1.4425959396105013
levy,Cosine,2,adaptive,1.7910879278897547,0.9074778487007925,1.1074838139032732,4.03527399013731,1.4225408648797653,0.5788521289825439,0.04460503163457591,1.0,25.0,0.0,1.7910879278897547,1.4225408648797653
levy,Legendre,2,standard,2.0600379239980366,3.0254572572939757,0.46325598733801787,10.35750480679455,1.0389776753701712,0.022323346138000487,0.013012230508597835,1.0,1.0,0.0,2.0600379239980366,1.0389776753701712
levy,Cosine,3,adaptive,2.180881064610171,1.7520218527942626,0.7460836043355411,6.162821963151073,1.8566829231111266,0.7554964780807495,0.08317194878277329,1.0,25.0,0.0,2.180881064610171,1.8566829231111266
levy,Cosine,1,standard,2.9415524370084283,4.740099317685434,1.4425910615420034,16.432111598369495,1.4426012636796575,0.024655961990356447,0.002553428390843267,1.0,1.0,0.0,2.9415524370084283,1.4426012636796575
levy,Legendre,3,standard,4.05902543846827,3.2262605816852084,1.7782651893412067,12.71830613713126,3.3992299622277815,0.04123842716217041,0.017453972373599448,1.0,1.0,0.0,4.05902543846827,3.3992299622277815
levy,Cosine,7,adaptive,4.984088381563372,2.4869887341140924,0.9908549088224062,9.577404983580648,4.910560953154516,1.325052547454834,0.12596371798121786,1.0,25.0,0.0,4.984088381563372,4.910560953154516
levy,Cosine,5,adaptive,5.658411373456152,3.083019058308217,0.9166956265720023,9.431038178153509,5.300380121473179,1.0913103103637696,0.09458453647044181,1.0,25.0,0.0,5.658411373456152,5.300380121473179
levy,Cosine,3,standard,11.045006887215226,11.855335755564154,1.5249961620952306,36.19212208201098,4.361967541001002,0.03474667072296143,0.0018397911971471939,1.0,1.0,0.0,11.045006887215226,4.361967541001002
levy,Legendre,1,adaptive,12.562045316021521,2.384910513519424,9.2454733507284,16.436323751579906,13.249121428018903,9.69293839931488,0.0717740825039396,1.0,25.0,0.0,12.562045316021521,13.249121428018903
levy,Cosine,2,standard,16.259242361315895,10.068442030078025,3.191484484661406,32.6921339333562,14.094629897810867,0.030650615692138672,0.0019677621032587857,1.0,1.0,0.0,16.259242361315895,14.094629897810867
levy,Legendre,5,standard,19.527611880438766,8.095570728033163,6.5972419332513565,30.290653089629775,20.524685871390243,0.06356427669525147,0.004113512008244792,1.0,1.0,0.0,19.527611880438766,20.524685871390243
levy,Cosine,7,standard,29.73735932735325,9.064683542415489,12.465686977191467,42.115334967300434,31.89037724850268,0.04608738422393799,0.0023244619780477295,1.0,1.0,0.0,29.73735932735325,31.89037724850268
levy,Cosine,5,standard,37.89976213908003,16.857316956121338,16.665258707992724,70.12475805972913,34.5323996073209,0.03804137706756592,0.0019338190228059867,1.0,1.0,0.0,37.89976213908003,34.5323996073209
levy,Legendre,7,standard,43.512296539269315,16.86939524527023,13.957655131460907,63.850135944773534,50.787106753905036,0.073203444480896,0.00325992616360152,1.0,1.0,0.0,43.512296539269315,50.787106753905036
levy,Legendre,1,standard,507.9690507509067,18.397005533514275,491.1493200487256,543.8817557193677,506.8324289663861,0.4052847146987915,0.010348556006928989,1.0,1.0,0.0,507.9690507509067,506.8324289663861
michalewicz,Legendre,7,adaptive,-8.060859716965023,0.8465962237245543,-9.181786196959912,-6.22431452274074,-8.244657494646312,1.941928744316101,0.7328265449351434,1.0,18.1,-9.66015,1.5992902830349767,1.4154925053536882
michalewicz,Legendre,5,adaptive,-7.88292436504828,0.5487744955667604,-8.836063263389535,-7.310957051940294,-7.7157472618021306,2.0572986602783203,0.4862639696050385,1.0,22.3,-9.66015,1.7772256349517201,1.9444027381978692
michalewicz,Legendre,3,adaptive,-6.429140332005069,0.8000984488883504,-7.57145068163151,-4.721053394732313,-6.540793287999399,2.3128551721572874,0.42551090636445876,1.0,23.6,-9.66015,3.2310096679949307,3.1193567120006005
michalewicz,Cosine,5,adaptive,-6.309678928201791,1.0071979673520801,-8.015889845090788,-5.326663428273683,-5.869256217622523,0.7859515428543091,0.24505537185349463,1.0,17.3,-9.66015,3.350471071798209,3.790893782377477
michalewicz,Cosine,7,adaptive,-6.214348850370578,0.7055663943643617,-7.402307880364504,-5.368301225752827,-6.034940425545981,0.7911673069000245,0.3717644214529603,1.0,14.6,-9.66015,3.445801149629422,3.6252095744540185
michalewicz,Cosine,3,adaptive,-5.474688156553138,1.0238277559960776,-7.018941483175534,-3.5654302208106583,-5.67176869410479,0.9191478013992309,0.23917002355121297,1.0,22.0,-9.66015,4.185461843446862,3.98838130589521
michalewicz,Legendre,2,adaptive,-5.365622379427783,0.6362767684067077,-6.209176988760814,-4.164996153684773,-5.369022494860941,4.2815892696380615,0.5187064240334732,1.0,24.1,-9.66015,4.294527620572217,4.291127505139059
michalewicz,Cosine,2,adaptive,-4.737050154622031,0.7084829968735276,-6.029315444859979,-3.633941059620063,-4.672307891998942,0.8156370401382447,0.16042618695219568,1.0,22.8,-9.66015,4.923099845377969,4.9878421080010575
michalewicz,Cosine,1,adaptive,-3.6451615074612307,0.6746986619101631,-5.09996591621053,-3.0048789805271383,-3.721395821268269,0.8236144065856934,0.6784564653067092,1.0,16.2,-9.66015,6.0149884925387695,5.938754178731731
michalewicz,Cosine,7,standard,-3.140676237265553,0.700923125572113,-4.257994414158179,-1.6584266115463446,-3.105344271734226,0.05766994953155517,0.006460390224991287,1.0,1.0,-9.66015,6.519473762734447,6.554805728265774
michalewicz,Cosine,1,standard,-3.0047853913039386,0.00030857238282059815,-3.0048903660366184,-3.003907230668328,-3.0048826756614093,0.024129962921142577,0.0025968203768184615,1.0,1.0,-9.66015,6.655364608696061,6.65526732433859
michalewicz,Legendre,1,adaptive,-2.9112883538632333,0.5086689819033009,-4.0525594429777065,-2.232407185615227,-2.7913892418713475,8.261519742012023,0.8643816838465105,1.0,23.1,-9.66015,6.748861646136767,6.868760758128652
michalewicz,Legendre,7,standard,-2.772742749267459,0.9682009374621712,-4.906899118947751,-1.73706954625019,-2.751092286978932,0.13038361072540283,0.07704661953151333,1.0,1.0,-9.66015,6.887407250732541,6.909057713021068
michalewicz,Cosine,5,standard,-2.528803087619408,0.6514247178108363,-3.7752591429589595,-1.6968848182140623,-2.495061083781425,0.044864654541015625,0.009440325551891133,1.0,1.0,-9.66015,7.131346912380591,7.165088916218575
michalewicz,Cosine,2,standard,-2.391625055953581,1.261576643377273,-3.753901663966962,-0.06163471367668942,-2.660605609441358,0.0335097074508667,0.003958145614545257,1.0,1.0,-9.66015,7.268524944046419,6.999544390558642
michalewicz,Cosine,3,standard,-2.3423993235650835,1.2130329269767912,-3.5393293434874384,-0.17911604053692284,-2.7033924874461093,0.03969240188598633,0.008793864972764678,1.0,1.0,-9.66015,7.317750676434916,6.9567575125538905
michalewicz,Legendre,2,standard,-2.3350725762817373,0.8383470583965112,-3.3563214927980236,-0.847318157461621,-2.278133605306827,0.023950576782226562,0.01263516465504508,1.0,1.0,-9.66015,7.3250774237182625,7.3820163946931725
michalewicz,Legendre,3,standard,-2.039252578834134,0.8748088677427278,-3.409331125867044,-0.9095975651878693,-1.7876447137269975,0.06925673484802246,0.05303856216529999,1.0,1.0,-9.66015,7.620897421165866,7.872505286273002
michalewicz,Legendre,5,standard,-1.8384055756597395,0.7173564409861775,-2.923891927171581,-0.8686622073574258,-1.8576294297769211,0.08270804882049561,0.03676240924414623,1.0,1.0,-9.66015,7.8217444243402605,7.802520570223079
michalewicz,Legendre,1,standard,-0.061658092033566717,0.19498000700635393,-0.6165809203356671,-1.1514011762718239e-150,-1.1879300906546016e-146,0.34783482551574707,0.017750711256051103,1.0,1.0,-9.66015,9.598491907966434,9.66015
rastrigin_10d,Cosine,1,adaptive,5.334399588718952e-10,4.0995187970976674e-10,1.2875034371973015e-11,1.0307505959872287e-09,4.906528516812614e-10,0.5112601757049561,0.33356933811701456,1.0,18.9,0.0,5.334399588718952e-10,4.906528516812614e-10
rastrigin_10d,Cosine,1,standard,5.334399588718952e-10,4.0995187970976674e-10,1.2875034371973015e-11,1.0307505959872287e-09,4.906528516812614e-10,0.02286546230316162,0.0013622446569537168,1.0,1.0,0.0,5.334399588718952e-10,4.906528516812614e-10
rastrigin_10d,Legendre,7,adaptive,3.559829097856403,1.3962397147665158,0.7487999950061504,5.541773093193861,3.625195600299893,2.5188434600830076,0.2951601009872546,1.0,25.0,0.0,3.559829097856403,3.625195600299893
rastrigin_10d,Legendre,5,adaptive,5.618669748224875,2.122194762059883,2.263058404984438,8.553576885081839,5.395117482389581,2.0949041843414307,0.130389765686837,1.0,25.0,0.0,5.618669748224875,5.395117482389581
rastrigin_10d,Cosine,3,adaptive,21.453729387101504,11.939032796687151,7.18397449838587,43.389161259457666,20.651498326185582,0.7625900745391846,0.06793782033508046,1.0,24.9,0.0,21.453729387101504,20.651498326185582
rastrigin_10d,Legendre,3,adaptive,25.531416973345813,8.977032494806048,14.511268787239203,42.118716094425196,23.106547315188116,1.7594461917877198,0.2597496062057866,1.0,25.0,0.0,25.531416973345813,23.106547315188116
rastrigin_10d,Cosine,5,adaptive,27.696586304570946,5.725641792810772,21.71141659009334,39.04231572715214,26.277085125074763,1.0500415086746215,0.052653908243499206,1.0,25.0,0.0,27.696586304570946,26.277085125074763
rastrigin_10d,Cosine,7,adaptive,28.832236432187955,9.146612310302338,14.067053158770438,41.37858685850085,32.272181780675425,1.3271084785461427,0.056532580571920905,1.0,25.0,0.0,28.832236432187955,32.272181780675425
rastrigin_10d,Cosine,2,adaptive,30.70012143195612,10.662378277761897,12.772750504019019,49.18026155359413,31.500694168284213,0.7315548181533813,0.06221565726784271,1.0,24.7,0.0,30.70012143195612,31.500694168284213
rastrigin_10d,Legendre,2,adaptive,33.99453336842984,5.152867106320082,25.538067481782583,41.40174103844283,33.31366400035165,3.090827465057373,0.3893264557361458,1.0,25.0,0.0,33.99453336842984,33.31366400035165
rastrigin_10d,Cosine,3,standard,38.54086645493628,17.978631246781827,7.18397449838587,68.14401366098733,41.76433080122166,0.03347821235656738,0.001375328056342928,1.0,1.0,0.0,38.54086645493628,41.76433080122166
rastrigin_10d,Cosine,2,standard,53.04259497537949,20.333373845638953,12.772750504019019,77.99527800799291,56.61941483153322,0.02867465019226074,0.0020873109526808467,1.0,1.0,0.0,53.04259497537949,56.61941483153322
rastrigin_10d,Legendre,2,standard,54.26632100840834,19.24800778498947,34.05133597420181,92.1548955717086,45.26400120980313,0.01582486629486084,0.00046779557474774323,1.0,1.0,0.0,54.26632100840834,45.26400120980313
rastrigin_10d,Cosine,5,standard,65.29306015283893,19.295070491923447,38.80335129306606,89.38267873063108,64.22099061553484,0.04285063743591309,0.003756021368296927,1.0,1.0,0.0,65.29306015283893,64.22099061553484
rastrigin_10d,Legendre,1,adaptive,77.64389049744082,14.125221981428183,59.13519413295776,98.94224198472935,75.86120345427764,9.452203583717345,0.1492022984058962,1.0,25.0,0.0,77.64389049744082,75.86120345427764
rastrigin_10d,Legendre,3,standard,102.84758603759283,18.114745635381023,62.02709456972572,122.37594412513161,102.73872080170341,0.03144059181213379,0.0016364656764155875,1.0,1.0,0.0,102.84758603759283,102.73872080170341
rastrigin_10d,Legendre,5,standard,111.34388887770528,15.442568291807703,92.54553421877026,140.53346763150904,108.77459666089892,0.06131386756896973,0.02083982331580869,1.0,1.0,0.0,111.34388887770528,108.77459666089892
rastrigin_10d,Legendre,7,standard,113.25474042571014,17.29317082082689,73.37633474396259,137.18874377029857,117.91476929906095,0.12602524757385253,0.05320651943041568,1.0,1.0,0.0,113.25474042571014,117.91476929906095
rastrigin_10d,Cosine,7,standard,116.2121967632842,34.936969910106455,66.93911942722325,183.25512294798855,120.51328278190809,0.05369710922241211,0.010318171767421457,1.0,1.0,0.0,116.2121967632842,120.51328278190809
rastrigin_10d,Legendre,1,standard,289.24713718713895,7.295844734206333e-08,289.2471370867327,289.247137257859,289.24713720856306,0.3583126783370972,0.012102399724910864,1.0,1.0,0.0,289.24713718713895,289.24713720856306
rastrigin_2d,Cosine,3,adaptive,2.197616311150341e-10,5.591747458741707e-10,2.1316282072803006e-14,1.7895480652896367e-09,9.772627151960478e-12,0.00866396427154541,0.000647712339352841,1.0,2.0,0.0,2.197616311150341e-10,9.772627151960478e-12
rastrigin_2d,Cosine,1,adaptive,2.3614994404397295e-10,3.973190606568251e-10,1.4921397450962104e-13,1.2008616323555543e-09,2.5975666062549863e-11,0.0066962003707885746,0.0006938560556462093,1.0,2.0,0.0,2.3614994404397295e-10,2.5975666062549863e-11
rastrigin_2d,Cosine,1,standard,2.3614994404397295e-10,3.973190606568251e-10,1.4921397450962104e-13,1.2008616323555543e-09,2.5975666062549863e-11,0.005134153366088867,0.0006499349239808496,1.0,1.0,0.0,2.3614994404397295e-10,2.5975666062549863e-11
rastrigin_2d,Cosine,3,standard,1.600848609228933e-08,4.9854197986472005e-08,3.0020430585864233e-13,1.5788726592802504e-07,2.1726620502704463e-11,0.006568622589111328,0.0007152161834517765,1.0,1.0,0.0,1.600848609228933e-08,2.1726620502704463e-11
rastrigin_2d,Cosine,2,adaptive,3.0771559167419583e-08,9.697953706062775e-08,3.730349362740526e-14,3.067796008338064e-07,1.1657341758564144e-11,0.011171698570251465,0.005595897434782355,1.0,2.8,0.0,3.0771559167419583e-08,1.1657341758564144e-11
rastrigin_2d,Cosine,5,adaptive,0.275694610319014,0.6084363359504474,1.5987211554602254e-14,1.7602139638412648,8.073541835074138e-13,0.023322129249572755,0.011101676385584243,1.0,3.6,0.0,0.275694610319014,8.073541835074138e-13
rastrigin_2d,Legendre,2,adaptive,0.9294526227984321,1.0833644569859862,0.02078205882444273,3.324208745701318,0.6253218951864223,0.04520225524902344,0.062498337494636506,1.0,5.6,0.0,0.9294526227984321,0.6253218951864223
rastrigin_2d,Legendre,5,adaptive,1.0308066928567792,1.6869807979349631,0.003266211429590271,5.087607076050897,0.2266270499315972,0.23482840061187743,0.12847759667367495,1.0,14.8,0.0,1.0308066928567792,0.2266270499315972
rastrigin_2d,Cosine,7,adaptive,1.4976322260374222,1.771804284007115,1.4210854715202004e-14,3.993278777013087,1.004101992704034,0.04723057746887207,0.01958706573426919,1.0,5.3,0.0,1.4976322260374222,1.004101992704034
rastrigin_2d,Legendre,7,adaptive,2.0785499557963063,1.7464210161056501,0.014488559813869983,4.8654209596796845,1.8506391436426655,0.2227853536605835,0.052618790769027646,1.0,11.4,0.0,2.0785499557963063,1.8506391436426655
rastrigin_2d,Legendre,3,adaptive,2.2443720194982375,4.818109249989112,0.029072703461929805,15.510324126109253,0.2204769223866876,0.3223518133163452,0.2570179260396852,1.0,13.8,0.0,2.2443720194982375,0.2204769223866876
rastrigin_2d,Legendre,2,standard,2.6517501704386044,2.1034327536382755,0.05961085444691783,5.817140453264188,2.0575198023212975,0.00386502742767334,0.0003741065904012556,1.0,1.0,0.0,2.6517501704386044,2.0575198023212975
rastrigin_2d,Legendre,1,adaptive,2.8283810238284985,0.0,2.8283810238284985,2.8283810238284985,2.8283810238284985,1.796072006225586,0.14417457134009726,1.0,23.4,0.0,2.8283810238284985,2.8283810238284985
rastrigin_2d,Cosine,2,standard,3.6773479813899868,6.776162859440519,3.730349362740526e-14,17.898725287514004,3.14300585557703e-10,0.006046032905578614,0.000848910386590133,1.0,1.0,0.0,3.6773479813899868,3.14300585557703e-10
rastrigin_2d,Cosine,5,standard,8.501789378938014,13.471707454674121,5.6203930398623925e-12,42.73130131835144,2.3229840799556056,0.010460519790649414,0.003092231093085375,1.0,1.0,0.0,8.501789378938014,2.3229840799556056
rastrigin_2d,Legendre,3,standard,10.290775856600536,7.4644676602948286,2.311282582785272,24.979748179890944,7.20519192186309,0.006747579574584961,0.0007384775681853139,1.0,1.0,0.0,10.290775856600536,7.20519192186309
rastrigin_2d,Legendre,5,standard,11.079749060557907,8.37502533607789,2.6287987345275505,23.484185811898985,8.600683582572312,0.01034531593322754,0.0010503420104727896,1.0,1.0,0.0,11.079749060557907,8.600683582572312
rastrigin_2d,Cosine,7,standard,22.89082775553958,11.502305256108036,6.660981397226701,41.235734855177,25.681314645359144,0.010805439949035645,0.0026090925776394275,1.0,1.0,0.0,22.89082775553958,25.681314645359144
rastrigin_2d,Legendre,7,standard,24.188685066970066,11.635879165037386,9.237448508335746,37.22434451897963,26.992892040686755,0.03804638385772705,0.0433956950195713,1.0,1.0,0.0,24.188685066970066,26.992892040686755
rastrigin_2d,Legendre,1,standard,57.849427422359554,5.230219134435981e-08,57.84942730014819,57.84942745157179,57.84942745157179,0.06868946552276611,0.008267288051037954,1.0,1.0,0.0,57.849427422359554,57.84942745157179
rosenbrock_10d,Legendre,2,adaptive,198.32618300341338,86.76375219853449,96.76193635873705,376.2308218779047,169.59660538419047,1.4220640420913697,0.19186474461803998,1.0,25.0,0.0,198.32618300341338,169.59660538419047
rosenbrock_10d,Legendre,7,adaptive,1650.4815434080397,672.2538643963086,630.7589274075572,2665.525689584687,1806.6183023624308,5.378962993621826,0.4804834810705461,1.0,25.0,0.0,1650.4815434080397,1806.6183023624308
rosenbrock_10d,Legendre,3,adaptive,1940.7930037912483,672.4477254220767,1173.58019570943,2781.1622158675227,1858.3242483624233,2.5752350330352782,0.37369647529406724,1.0,25.0,0.0,1940.7930037912483,1858.3242483624233
rosenbrock_10d,Legendre,5,adaptive,1969.8606950343285,788.6088551227316,961.3945167246784,2866.874483870381,2008.3247088736439,3.98116021156311,0.2519069695690594,1.0,25.0,0.0,1969.8606950343285,2008.3247088736439
rosenbrock_10d,Legendre,2,standard,7605.780819668378,3283.655235653798,2837.668964047884,10135.65921471176,9457.830491905574,0.06679580211639405,0.006404309172016028,1.0,1.0,0.0,7605.780819668378,9457.830491905574
rosenbrock_10d,Cosine,1,adaptive,11501.12007274732,2918.342544836657,6509.3214523676625,16726.990471409503,12676.499737660586,0.68786461353302,0.17719504234441913,1.0,22.6,0.0,11501.12007274732,12676.499737660586
rosenbrock_10d,Legendre,1,adaptive,11725.088358116147,1413.2665859422673,9594.115740500283,14298.83771830681,11390.457956210263,7.9355744361877445,0.10283907062439039,1.0,25.0,0.0,11725.088358116147,11390.457956210263
rosenbrock_10d,Cosine,5,adaptive,14259.550274318233,5005.512504444619,7744.783587106358,22948.20281852002,13515.662101226106,2.5506670236587525,0.17634632222800078,1.0,25.0,0.0,14259.550274318233,13515.662101226106
rosenbrock_10d,Cosine,3,adaptive,14401.187682384098,4714.023472226633,5478.913354001392,21454.1907784709,14957.577896833001,1.6205670833587646,0.13374768680706875,1.0,25.0,0.0,14401.187682384098,14957.577896833001
rosenbrock_10d,Cosine,7,adaptive,16172.419043863556,6652.602212551495,8134.6784450982395,26066.264575091835,14137.946291023156,3.4415199995040893,0.12938107027583168,1.0,25.0,0.0,16172.419043863556,14137.946291023156
rosenbrock_10d,Cosine,1,standard,17176.49995804707,5809.4749656908025,12676.499399350214,23926.49999300849,12676.500245316784,0.030567574501037597,0.003060767932627827,1.0,1.0,0.0,17176.49995804707,12676.500245316784
rosenbrock_10d,Cosine,2,adaptive,21882.090776247085,10212.690269867253,5206.640923593863,35458.38290063755,20552.32486180048,1.2610625743865966,0.07590835683050572,1.0,25.0,0.0,21882.090776247085,20552.32486180048
rosenbrock_10d,Legendre,3,standard,73534.51874818932,40266.30026323743,16160.060921298378,146488.07621664315,80241.40915274556,0.1308875560760498,0.04221115939361053,1.0,1.0,0.0,73534.51874818932,80241.40915274556
rosenbrock_10d,Legendre,5,standard,85270.76614087174,32744.565828348434,53155.859739733176,156750.6988850965,79073.30075424892,0.1273648738861084,0.038980863453034545,1.0,1.0,0.0,85270.76614087174,79073.30075424892
rosenbrock_10d,Cosine,2,standard,169482.77710452792,92528.54676758488,22022.43033477913,301517.06047647324,200404.22796824633,0.04251494407653809,0.006158907153693687,1.0,1.0,0.0,169482.77710452792,200404.22796824633
rosenbrock_10d,Cosine,3,standard,194142.27839692237,150765.88786411943,17220.705220343483,403358.57874820445,161417.16436916415,0.06396288871765136,0.01830062761372769,1.0,1.0,0.0,194142.27839692237,161417.16436916415
rosenbrock_10d,Cosine,5,standard,240285.84665499878,136674.6122916409,104621.29973447991,532132.5737153315,187310.26967553492,0.09838378429412842,0.020592437208229886,1.0,1.0,0.0,240285.84665499878,187310.26967553492
rosenbrock_10d,Legendre,7,standard,307363.6895272919,418136.3999772665,57478.04972521791,1148211.5305299808,118597.03737352899,0.1788335084915161,0.03969299527200537,1.0,1.0,0.0,307363.6895272919,118597.03737352899
rosenbrock_10d,Cosine,7,standard,576177.2455845634,306193.33008666,97144.01055174625,1105852.7077879813,513197.8960064541,0.11985540390014648,0.01670258588880249,1.0,1.0,0.0,576177.2455845634,513197.8960064541
rosenbrock_10d,Legendre,1,standard,756324.0,28460.498941515412,742824.0,810324.0,742824.0,0.31788201332092286,0.014588439610491354,1.0,1.0,0.0,756324.0,742824.0
rosenbrock_2d,Legendre,1,adaptive,0.0006187156587929502,1.6455557011056665e-13,0.0006187156583246169,0.0006187156588449873,0.0006187156588449873,1.1353429555892944,0.07147926343024788,1.0,13.3,0.0,0.0006187156587929502,0.0006187156588449873
rosenbrock_2d,Legendre,7,adaptive,0.0631191182544788,0.026161548458730054,0.02004232893857891,0.08770534171199247,0.07177933284086571,0.4644176721572876,0.24279954685559846,1.0,13.2,0.0,0.0631191182544788,0.07177933284086571
rosenbrock_2d,Legendre,5,adaptive,0.09581848480817742,0.10957511807964529,0.019467300621913507,0.40199449269547716,0.06505236091443356,0.2903716564178467,0.27968552287177717,1.0,9.3,0.0,0.09581848480817742,0.06505236091443356
rosenbrock_2d,Legendre,3,adaptive,0.18346375865435582,0.0921067294414031,0.07467846639341567,0.33086961515727237,0.1626549771337088,0.1341327905654907,0.13150275710094997,1.0,7.7,0.0,0.18346375865435582,0.1626549771337088
rosenbrock_2d,Legendre,2,adaptive,0.18905202817826905,0.09664038691196461,0.06617440165985934,0.33906532993799654,0.18845054077581075,0.055979132652282715,0.07079772642020436,1.0,6.9,0.0,0.18905202817826905,0.18845054077581075
rosenbrock_2d,Legendre,5,standard,0.6460263946413548,0.4214330294628299,0.07370713743562232,1.2972744071882132,0.5118673156949962,0.021523714065551758,0.02597798774031908,1.0,1.0,0.0,0.6460263946413548,0.5118673156949962
rosenbrock_2d,Legendre,7,standard,0.7818337906281843,0.37900051006858215,0.31972890480240446,1.5609438888418472,0.6623062850844652,0.02687842845916748,0.032823008037047276,1.0,1.0,0.0,0.7818337906281843,0.6623062850844652
rosenbrock_2d,Cosine,7,adaptive,0.8405773359232862,0.31744509523989695,0.23768475182060184,1.169798979821483,1.0000000128500042,0.03872203826904297,0.018942994069049653,1.0,4.7,0.0,0.8405773359232862,1.0000000128500042
rosenbrock_2d,Cosine,2,adaptive,0.9338634648270722,1.1079828275981474,0.1661638175192012,2.6625307658096977,0.27114370407377525,0.01361069679260254,0.0028443058257169086,1.0,2.9,0.0,0.9338634648270722,0.27114370407377525
rosenbrock_2d,Cosine,5,adaptive,0.9832305742596368,0.13221873423197059,0.6224031113429858,1.1118724937849074,1.0000000370043622,0.023412108421325684,0.00918768526536714,1.0,3.6,0.0,0.9832305742596368,1.0000000370043622
rosenbrock_2d,Cosine,1,adaptive,1.0000000505944688,5.58382138791124e-07,0.9999987669616204,1.0000008105457816,1.0000000159216467,0.006134510040283203,0.0008426284437809756,1.0,2.0,0.0,1.0000000505944688,1.0000000159216467
rosenbrock_2d,Cosine,1,standard,1.0000000505944688,5.58382138791124e-07,0.9999987669616204,1.0000008105457816,1.0000000159216467,0.004884123802185059,0.0009510595268020247,1.0,1.0,0.0,1.0000000505944688,1.0000000159216467
rosenbrock_2d,Cosine,3,adaptive,1.0000001005351113,3.9519750977951935e-07,0.9999995447844688,1.000000831905295,1.0000000131789415,0.013004899024963379,0.005813655961423125,1.0,2.9,0.0,1.0000001005351113,1.0000000131789415
rosenbrock_2d,Cosine,3,standard,1.190911171493665,0.294321767335137,0.9999995447844688,1.7996778701002913,1.038707822433069,0.007309627532958984,0.0009515049937923415,1.0,1.0,0.0,1.190911171493665,1.038707822433069
rosenbrock_2d,Legendre,2,standard,1.3957488614562827,0.46711977390872383,0.7440963341008932,2.202575388647114,1.290857397695032,0.006774187088012695,0.011366092904746687,1.0,1.0,0.0,1.3957488614562827,1.290857397695032
rosenbrock_2d,Legendre,3,standard,1.640066825797097,0.6727117032909752,0.7485706671395502,2.6412847878534684,1.5118103474886202,0.022416281700134277,0.02602961352704417,1.0,1.0,0.0,1.640066825797097,1.5118103474886202
rosenbrock_2d,Cosine,2,standard,1.7098123281366533,1.301831318283425,0.1661638175192012,2.9240175049439223,2.615105736489553,0.006459784507751465,0.0009596276895091251,1.0,1.0,0.0,1.7098123281366533,2.615105736489553
rosenbrock_2d,Cosine,5,standard,1.9672447057391913,0.8463125134023386,1.0000000271780272,3.40732248458868,1.889817513976588,0.008621144294738769,0.0007478218489492836,1.0,1.0,0.0,1.9672447057391913,1.889817513976588
rosenbrock_2d,Cosine,7,standard,2.264215043901577,2.0182147376479067,0.23768475182060184,7.56038342457326,1.8163326648573306,0.01080935001373291,0.0021771602579263873,1.0,1.0,0.0,2.264215043901577,1.8163326648573306
rosenbrock_2d,Legendre,1,standard,3.4016144302080003,0.0,3.401614430208,3.401614430208,3.401614430208,0.08111920356750488,0.0031821499693877814,1.0,1.0,0.0,3.4016144302080003,3.401614430208
schwefel,Legendre,2,adaptive,1241.8911831853266,440.41981024606656,672.6727550650476,1936.6501170612705,1130.0501143349247,5.480956125259399,0.5178461493672457,1.0,25.0,0.0,1241.8911831853266,1130.0501143349247
schwefel,Legendre,1,adaptive,1663.921137143275,269.28414013920394,1197.1085868427717,2084.964500435522,1679.6596180461422,6.8877300262451175,0.18032671349370621,1.0,25.0,0.0,1663.921137143275,1679.6596180461422
schwefel,Legendre,5,adaptive,2141.3926471607683,427.80688747203504,1486.971165292352,2565.7608367801126,2289.363686678662,5.442559432983399,0.8663266396485582,1.0,25.0,0.0,2141.3926471607683,2289.363686678662
schwefel,Legendre,7,adaptive,2321.404301224833,242.36544137402052,1949.4996827489686,2756.7584580612715,2314.007784449635,5.263884663581848,0.6010795515930282,1.0,25.0,0.0,2321.404301224833,2314.007784449635
schwefel,Cosine,3,adaptive,2506.1200993570224,447.1245432417622,1846.9871054180157,3202.964062290052,2474.9353691083193,0.9963491201400757,0.055076731496167666,1.0,25.0,0.0,2506.1200993570224,2474.9353691083193
schwefel,Legendre,7,standard,2595.202724730963,320.83901283712,2155.3179169540404,2948.0422470794665,2624.607294687942,0.15705497264862062,0.04533999875336372,1.0,1.0,0.0,2595.202724730963,2624.607294687942
schwefel,Cosine,7,adaptive,2615.024143493322,307.0571341142563,2070.3202472686203,3100.396486739606,2637.7359697034394,1.4113134622573853,0.04339919912237276,1.0,25.0,0.0,2615.024143493322,2637.7359697034394
schwefel,Cosine,5,adaptive,2645.3195499395106,437.0635818068583,2092.647033345306,3305.2137441156,2477.960248257915,1.1673305988311768,0.05382182931246058,1.0,25.0,0.0,2645.3195499395106,2477.960248257915
schwefel,Cosine,2,adaptive,2694.673364877863,402.87289763799646,1930.3669589121205,3112.8921043716273,2763.1863859088494,0.9625678300857544,0.04506374012736072,1.0,25.0,0.0,2694.673364877863,2763.1863859088494
schwefel,Legendre,3,adaptive,2890.746333145824,389.18027495991646,2067.095981060063,3461.7838407596273,2999.5433652690253,4.766159224510193,0.6896714140179991,1.0,25.0,0.0,2890.746333145824,2999.5433652690253
schwefel,Cosine,1,adaptive,2951.262903794795,415.4511367825031,2227.2650378161416,3523.428816904749,3057.8634434867045,0.928220796585083,0.05861927069192074,1.0,25.0,0.0,2951.262903794795,3057.8634434867045
schwefel,Legendre,5,standard,3615.879309236957,637.9941899521123,2747.44059087621,4429.635568454319,3622.7613498806454,0.17575693130493164,0.08194767281912312,1.0,1.0,0.0,3615.879309236957,3622.7613498806454
schwefel,Cosine,7,standard,4056.8482742617584,611.9303898159294,2501.8301367203494,4641.6250407881535,4191.407084668874,0.0632979393005371,0.009709363104357082,1.0,1.0,0.0,4056.8482742617584,4191.407084668874
schwefel,Cosine,1,standard,4063.139609417667,255.65115188830137,3467.695099033591,4370.419097032072,4009.252693521433,0.05819947719573974,0.011772641793854366,1.0,1.0,0.0,4063.139609417667,4009.252693521433
schwefel,Cosine,5,standard,4066.913883056127,491.45684622047247,3326.217458700211,4565.714801368031,4261.209391211078,0.05709593296051026,0.007247706544746774,1.0,1.0,0.0,4066.913883056127,4261.209391211078
schwefel,Cosine,2,standard,4135.741412933099,434.8990381469457,3597.341105015052,4827.721787126906,4264.971895383778,0.053681039810180665,0.00816082639702295,1.0,1.0,0.0,4135.741412933099,4264.971895383778
schwefel,Cosine,3,standard,4244.270454672051,490.83411865317373,3462.874419266274,5055.050528573018,4131.045607818563,0.05045342445373535,0.005660746966745445,1.0,1.0,0.0,4244.270454672051,4131.045607818563
schwefel,Legendre,3,standard,5179.382690017893,254.6580743039447,4736.985551803215,5695.758525126178,5188.531319781483,0.2970764398574829,0.05411103554404244,1.0,1.0,0.0,5179.382690017893,5188.531319781483
schwefel,Legendre,2,standard,5362.43889181835,533.30339224697,4268.262593862643,5995.720585283045,5474.412465608128,0.42368464469909667,0.07944796081306102,1.0,1.0,0.0,5362.43889181835,5474.412465608128
schwefel,Legendre,1,standard,5995.720585309475,5.781898624469662e-09,5995.720585297951,5995.720585313918,5995.720585312096,0.4394248962402344,0.01297853884279652,1.0,1.0,0.0,5995.720585309475,5995.720585312096
sphere,Cosine,1,adaptive,4.68962759603032e-12,4.0718213045316684e-12,5.119111362861508e-14,1.0679364558642615e-11,3.676661417639466e-12,0.177109694480896,0.05385709125791079,1.0,15.2,0.0,4.68962759603032e-12,3.676661417639466e-12
sphere,Cosine,1,standard,4.68962759603032e-12,4.0718213045316684e-12,5.119111362861508e-14,1.0679364558642615e-11,3.676661417639466e-12,0.022268199920654298,0.001355144797226024,1.0,1.0,0.0,4.68962759603032e-12,3.676661417639466e-12
sphere,Legendre,2,adaptive,0.005426834475882899,0.002703044309487564,0.002911616462273305,0.011945837336017874,0.004858778342864618,0.3388895750045776,0.04547325621381084,1.0,22.5,0.0,0.005426834475882899,0.004858778342864618
sphere,Legendre,3,adaptive,0.020318320946850984,0.00748626949850109,0.007043295166816644,0.03235134916754759,0.021436262956917154,0.6270962476730346,0.06352117246497913,1.0,25.0,0.0,0.020318320946850984,0.021436262956917154
sphere,Legendre,5,adaptive,0.043557555764994885,0.011694583487456256,0.02588520201430509,0.06181628418469138,0.04513602859852306,1.0724612474441528,0.06951914040525119,1.0,25.0,0.0,0.043557555764994885,0.04513602859852306
sphere,Legendre,7,adaptive,0.11524262373125316,0.04435499100649391,0.06898535687592852,0.19822691157358027,0.09416183366818068,1.675052809715271,0.09344698380797033,1.0,25.0,0.0,0.11524262373125316,0.09416183366818068
sphere,Cosine,3,adaptive,0.1807090664882964,0.14011500533833685,3.669986707077561e-11,0.441444712835275,0.1824935460823202,0.47639782428741456,0.06672543269491614,1.0,23.5,0.0,0.1807090664882964,0.1824935460823202
sphere,Legendre,2,standard,0.19985140721931674,0.11512796897237847,0.06976624151427079,0.4733110323656908,0.20150628934869866,0.01535639762878418,0.000530982331004973,1.0,1.0,0.0,0.19985140721931674,0.20150628934869866
sphere,Cosine,2,adaptive,0.7202072385716607,0.18765012115978444,0.38576491986793093,1.06737343694187,0.7363994398517465,0.5356760740280151,0.01618316709335308,1.0,25.0,0.0,0.7202072385716607,0.7363994398517465
sphere,Cosine,5,adaptive,0.9445079883683342,0.4832566587357184,0.3289542447085336,1.7454479166990273,0.8435591688517969,0.7891073226928711,0.03767007462799073,1.0,25.0,0.0,0.9445079883683342,0.8435591688517969
sphere,Legendre,3,standard,1.0632048878193623,0.3201063508390972,0.7231001428975008,1.7089314329997325,1.0107504595510792,0.03089313507080078,0.001269356376769531,1.0,1.0,0.0,1.0632048878193623,1.0107504595510792
sphere,Cosine,7,adaptive,1.2549348888944039,0.5385046681440804,0.45249858545799376,2.0802514618543224,1.3326787349573248,1.046813154220581,0.04358173386715627,1.0,25.0,0.0,1.2549348888944039,1.3326787349573248
sphere,Legendre,5,standard,2.7417217892688033,0.7757503980767401,1.5634531723589795,4.249259686877195,2.520360805965201,0.052200698852539064,0.0036435220643905005,1.0,1.0,0.0,2.7417217892688033,2.520360805965201
sphere,Cosine,3,standard,3.0459903445254852,3.1117843149160613,3.669986707077561e-11,10.556702028455238,2.2570268241940408,0.03179852962493897,0.0017994641868969254,1.0,1.0,0.0,3.0459903445254852,2.2570268241940408
sphere,Cosine,2,standard,6.008902089699729,2.1427294428643004,2.4250217724631677,8.78019734147784,6.1897898696014195,0.029292798042297362,0.0016975458062974446,1.0,1.0,0.0,6.008902089699729,6.1897898696014195
sphere,Legendre,1,adaptive,12.248165603736563,0.7797334205308794,11.343531201076727,13.173562593800906,12.249156049610926,9.478317165374756,0.1363980932832843,1.0,25.0,0.0,12.248165603736563,12.249156049610926
sphere,Cosine,5,standard,12.433929049102447,7.517102613300925,3.4469360029741325,24.46673956480901,10.916811498958033,0.04111638069152832,0.001773703784971715,1.0,1.0,0.0,12.433929049102447,10.916811498958033
sphere,Legendre,7,standard,13.791237987927314,11.676074473441744,1.30150686524142,33.27259415489042,11.856068086604484,0.09580020904541016,0.04248793729885536,1.0,1.0,0.0,13.791237987927314,11.856068086604484
sphere,Cosine,7,standard,29.72533035506035,13.853070333752935,11.250455969613366,56.48485767180439,27.94248661241333,0.0496330976486206,0.0054443697139290445,1.0,1.0,0.0,29.72533035506035,27.94248661241333
sphere,Legendre,1,standard,262.14399994874066,5.283112295042725e-08,262.14399985596987,262.14399999996607,262.14399996297277,0.3579562187194824,0.012406629605930832,1.0,1.0,0.0,262.14399994874066,262.14399996297277
styblinski_tang,Legendre,2,adaptive,-375.23504246856044,8.50031633882759,-388.61303806617065,-357.8488221699184,-376.5883774849277,8.067487144470215,0.5842248142629036,1.0,24.0,-391.6599,16.424857531439557,15.071522515072274
styblinski_tang,Legendre,3,adaptive,-373.9184301027211,14.13580098474591,-387.5865216407724,-340.343348420112,-376.1470905431383,6.3831806659698485,0.7271487584148244,1.0,24.7,-391.6599,17.741469897278876,15.512809456861703
styblinski_tang,Legendre,1,adaptive,-371.077407379448,9.178685889978645,-381.53661144608026,-353.0997689945331,-370.1846657916392,7.434554600715638,0.5423626241434841,1.0,23.9,-391.6599,20.58249262055199,21.475234208360803
styblinski_tang,Legendre,7,adaptive,-323.29954262968346,21.12452335178445,-359.7312741437724,-290.61767003099277,-324.9488024874714,5.714494109153748,0.7576345457469666,1.0,25.0,-391.6599,68.36035737031654,66.71109751252857
styblinski_tang,Legendre,5,adaptive,-322.4348611168404,17.531996841782618,-348.16927489622265,-291.6986208980629,-326.5237900829356,5.374884915351868,0.5680767151633415,1.0,25.0,-391.6599,69.22503888315958,65.1361099170644
styblinski_tang,Legendre,5,standard,-318.54247371249664,17.729015695192867,-344.9083357861963,-287.41167052813387,-322.21924580519607,0.05835697650909424,0.002974606127495809,1.0,1.0,-391.6599,73.11742628750335,69.44065419480393
styblinski_tang,Legendre,7,standard,-315.5789081071984,24.785390574971547,-359.7312741437724,-277.4420247062444,-317.431764490818,0.07751164436340333,0.004178137578895466,1.0,1.0,-391.6599,76.08099189280159,74.22813550918198
styblinski_tang,Cosine,5,adaptive,-312.4780431633874,18.859661561282657,-345.89309762107814,-288.2810603740768,-309.67013129449833,1.6587736845016479,0.13855946887729104,1.0,25.0,-391.6599,79.18185683661261,81.98976870550166
styblinski_tang,Cosine,2,adaptive,-311.1449136453348,18.2037974873115,-355.08335743389034,-289.64425047232015,-306.6906025327968,1.8291722536087036,0.18588596979152275,1.0,25.0,-391.6599,80.51498635466521,84.9692974672032
styblinski_tang,Cosine,1,adaptive,-310.95000333020664,18.120026419884915,-341.0420867298578,-285.5149563515168,-312.19229982067895,2.4849721908569338,0.5545274442312871,1.0,23.0,-391.6599,80.70989666979335,79.46760017932104
styblinski_tang,Cosine,3,adaptive,-310.73944882511535,24.83433411057858,-347.9738127987267,-275.7374602971394,-306.2674801010634,1.8164705276489257,0.18099135708854913,1.0,25.0,-391.6599,80.92045117488465,85.39241989893657
styblinski_tang,Cosine,7,adaptive,-307.07878107123463,27.139176639904875,-349.9145482925409,-274.1686173774587,-311.4372929761793,1.865838623046875,0.08518421510460324,1.0,25.0,-391.6599,84.58111892876536,80.22260702382067
styblinski_tang,Cosine,2,standard,-283.0382357141092,13.049140461550763,-315.3478774061048,-268.1879650186843,-280.0884911590581,0.028715109825134276,0.0019613392485877575,1.0,1.0,-391.6599,108.6216642858908,111.5714088409419
styblinski_tang,Cosine,3,standard,-254.898518802033,28.59719128150016,-294.6348638826693,-190.48302001510226,-255.1051913711495,0.03259682655334473,0.001847975227625713,1.0,1.0,-391.6599,136.76138119796698,136.5547086288505
styblinski_tang,Cosine,5,standard,-248.81999233263846,31.160080641919404,-330.06160088828295,-223.3908399574822,-240.8324255352817,0.04318931102752686,0.0029441265884922636,1.0,1.0,-391.6599,142.83990766736153,150.8274744647183
styblinski_tang,Cosine,7,standard,-232.41240007697252,29.498420115504054,-291.2346730187362,-204.0235495547364,-226.60829854206384,0.049520349502563475,0.0032180216201724396,1.0,1.0,-391.6599,159.24749992302748,165.05160145793616
styblinski_tang,Legendre,3,standard,-43.92187617545478,12.228440176887915,-64.12789959874011,-22.857587718990633,-43.90899966018411,0.032704734802246095,0.0016537703361653314,1.0,1.0,-391.6599,347.7380238245452,347.75090033981587
styblinski_tang,Legendre,2,standard,-34.0817372740007,10.097615783759368,-57.58550503540441,-19.640359603414485,-33.483637241659615,0.01620042324066162,0.0003452011451393684,1.0,1.0,-391.6599,357.5781627259993,358.1762627583404
styblinski_tang,Cosine,1,standard,2.891512301145967e-07,3.0070874644553207e-06,-4.822275741191913e-06,6.515989257701601e-06,-2.938408379838442e-08,0.022897219657897948,0.0011042549835032587,1.0,1.0,-391.6599,391.6599002891512,391.6598999706159
styblinski_tang,Legendre,1,standard,1002.5,7.90569415042094,1000.0,1025.0,1000.0,0.30708096027374265,0.010148095220779824,1.0,1.0,-391.6599,1394.1599,1391.6599
sum_of_different_powers,Cosine,1,adaptive,4.111518214096091e-13,9.340605991528349e-13,2.8626904588323155e-17,2.865265423637608e-12,6.046117176446351e-16,0.03227202892303467,0.003686919557479181,1.0,2.1,0.0,4.111518214096091e-13,6.046117176446351e-16
sum_of_different_powers,Cosine,1,standard,4.111518214096091e-13,9.340605991528349e-13,2.8626904588323155e-17,2.865265423637608e-12,6.046117176446351e-16,0.020836997032165527,0.0010362575188112221,1.0,1.0,0.0,4.111518214096091e-13,6.046117176446351e-16
sum_of_different_powers,Legendre,2,adaptive,9.512308462064825e-06,7.555565655698935e-06,2.908339356756511e-07,2.2320299748700216e-05,7.520984277472119e-06,2.9485157251358034,0.23621968503487678,1.0,25.0,0.0,9.512308462064825e-06,7.520984277472119e-06
sum_of_different_powers,Legendre,3,adaptive,7.08165112545201e-05,4.648834848263963e-05,2.9261030261012425e-05,0.000155274407667335,5.173792921470754e-05,2.3853337287902834,0.22893134640163124,1.0,24.9,0.0,7.08165112545201e-05,5.173792921470754e-05
sum_of_different_powers,Legendre,5,adaptive,0.00013979618835212597,8.603270980701149e-05,2.238791650397444e-05,0.00025809887770011615,0.00012474415449308004,2.53816978931427,0.20356930041592194,1.0,25.0,0.0,0.00013979618835212597,0.00012474415449308004
sum_of_different_powers,Legendre,7,adaptive,0.00018137659410141462,0.00013093005110517366,1.0355174928675039e-05,0.00042400475065401807,0.00017741691971060372,3.0184256553649904,0.5040889435295351,1.0,24.8,0.0,0.00018137659410141462,0.00017741691971060372
sum_of_different_powers,Legendre,2,standard,0.0005727251630724236,0.0008048062132561488,4.532545480863737e-06,0.002132729513528025,0.00013217101708408045,0.014597773551940918,0.0004393493618340193,1.0,1.0,0.0,0.0005727251630724236,0.00013217101708408045
sum_of_different_powers,Cosine,7,adaptive,0.001007228548206357,0.0014836253118107093,0.00011381358744511821,0.004243108304296714,0.0003511001660680623,1.1468621969223023,0.191928529623052,1.0,23.3,0.0,0.001007228548206357,0.0003511001660680623
sum_of_different_powers,Cosine,5,adaptive,0.0011314741885819102,0.001001493531458822,1.7979983483583186e-05,0.002688994157675779,0.0007874973758095491,0.911276912689209,0.11014989899156455,1.0,23.4,0.0,0.0011314741885819102,0.0007874973758095491
sum_of_different_powers,Cosine,2,adaptive,0.004051809928216727,0.0035429243901163397,0.0007732928175251474,0.010735462074053952,0.0025401799143594927,0.8199900388717651,0.06393272212426308,1.0,25.0,0.0,0.004051809928216727,0.0025401799143594927
sum_of_different_powers,Legendre,3,standard,0.004148755781680528,0.004420701778394858,4.204974903186525e-05,0.012614432967178915,0.0027979305333712665,0.028601431846618654,0.000968058714480249,1.0,1.0,0.0,0.004148755781680528,0.0027979305333712665
sum_of_different_powers,Cosine,3,adaptive,0.007793981687910766,0.016395543980194483,6.057576504076142e-05,0.05377759186769874,0.0019796485034547224,0.5773816108703613,0.3003244738854852,1.0,18.4,0.0,0.007793981687910766,0.0019796485034547224
sum_of_different_powers,Legendre,5,standard,0.05245530006085549,0.02742961260180567,0.024157049737040397,0.1029902555598969,0.04396196103962008,0.055710244178771975,0.004677555676004948,1.0,1.0,0.0,0.05245530006085549,0.04396196103962008
sum_of_different_powers,Cosine,2,standard,0.06288966644947662,0.02329818765164073,0.043034343745353074,0.11991520180034031,0.055447018098643164,0.02892935276031494,0.0021998659407676986,1.0,1.0,0.0,0.06288966644947662,0.055447018098643164
sum_of_different_powers,Legendre,1,adaptive,0.0648423234120806,0.013300547632495552,0.04829843646954138,0.08862109412063925,0.0636161166138868,8.770575690269471,0.09676567165226778,1.0,25.0,0.0,0.0648423234120806,0.0636161166138868
sum_of_different_powers,Cosine,3,standard,0.08632507907749846,0.03986703642030243,0.023087007595101863,0.13800656713501197,0.08325107942035684,0.0325577974319458,0.00199873331145605,1.0,1.0,0.0,0.08632507907749846,0.08325107942035684
sum_of_different_powers,Cosine,5,standard,0.13594702580587129,0.0460345764352936,0.07106410324829329,0.20033132007836107,0.13823230974387946,0.040318632125854494,0.0033563537195409545,1.0,1.0,0.0,0.13594702580587129,0.13823230974387946
sum_of_different_powers,Legendre,7,standard,0.17979005599351022,0.3115061961549885,0.01993182788105444,1.0531117642125012,0.07560863336416196,0.08345470428466797,0.03219907846925476,1.0,1.0,0.0,0.17979005599351022,0.07560863336416196
sum_of_different_powers,Cosine,7,standard,0.3192337391253167,0.36988397659434946,0.024254447138266945,1.2444798520290807,0.19831854608779442,0.047862672805786134,0.004599545853655746,1.0,1.0,0.0,0.3192337391253167,0.19831854608779442
sum_of_different_powers,Legendre,1,standard,9.99999988845305,5.990923971892274e-08,9.999999785064759,9.999999950694342,9.999999900594416,0.33676676750183104,0.014183969860631852,1.0,1.0,0.0,9.99999988845305,9.999999900594416
zakharov,Legendre,7,adaptive,201125.0250094151,228338.83913126978,414.904600749718,643665.8883253748,132531.03342860885,6.482191109657288,0.36086963929271243,1.0,25.0,0.0,201125.0250094151,132531.03342860885
zakharov,Legendre,2,adaptive,236612.9453319285,353090.8537720082,13.793251665414344,989278.0655853719,29516.94974267667,3.246733212471008,0.341697163179111,1.0,25.0,0.0,236612.9453319285,29516.94974267667
zakharov,Legendre,5,adaptive,368171.1082126555,245044.97409149312,13.499717854895392,747795.0770685688,389235.80880513496,5.150982236862182,0.5676340352635884,1.0,25.0,0.0,368171.1082126555,389235.80880513496
zakharov,Legendre,3,adaptive,574536.2288214036,466092.62150182104,1386.0075982431138,1536160.8197928723,592035.9627082781,4.089321422576904,0.49259956114175973,1.0,25.0,0.0,574536.2288214036,592035.9627082781
zakharov,Legendre,1,adaptive,2735948.276275299,2965385.606339082,4306.887167545902,8083357.092013593,2236795.137693165,4.4058633804321286,0.5862051656611543,1.0,24.7,0.0,2735948.276275299,2236795.137693165
zakharov,Cosine,1,adaptive,3463541.2108937204,2140060.006914879,162015.34047061106,7287709.42813453,3472356.87902987,1.0216729164123535,0.06581085927711815,1.0,25.0,0.0,3463541.2108937204,3472356.87902987
zakharov,Cosine,2,adaptive,4538286.1292174645,5599537.235244165,76807.37210947416,15860127.166612383,2100968.422316055,1.2772764921188355,0.08463475502778148,1.0,25.0,0.0,4538286.1292174645,2100968.422316055
zakharov,Cosine,3,adaptive,5997712.446991684,4959164.520354888,128413.07511960022,13545793.139140164,4715327.228302909,1.84081871509552,0.08701136815384028,1.0,25.0,0.0,5997712.446991684,4715327.228302909
zakharov,Cosine,5,adaptive,7479552.5148989055,9353119.654442796,200.6862362852717,32682614.526593775,5350040.732521402,2.7827072381973266,0.10880653678340337,1.0,25.0,0.0,7479552.5148989055,5350040.732521402
zakharov,Cosine,7,adaptive,8645153.98262974,7353188.506137347,212.38718240561548,22816729.318687435,8967546.594972461,3.62507426738739,0.15358709872886794,1.0,25.0,0.0,8645153.98262974,8967546.594972461
zakharov,Legendre,7,standard,17511100.939243637,39891388.50175243,414.904600749718,129280285.65136538,1050322.285958492,0.16579411029815674,0.01920488192115257,1.0,1.0,0.0,17511100.939243637,1050322.285958492
zakharov,Cosine,1,standard,25767096.42180113,17725355.392436206,3264445.4667976927,69340219.5330198,24989388.530837163,0.02708766460418701,0.001339705870305122,1.0,1.0,0.0,25767096.42180113,24989388.530837163
zakharov,Cosine,2,standard,26761712.20968341,28534749.015164267,4354196.82616323,95052429.0673865,15038663.01934693,0.03838536739349365,0.0084347848544275,1.0,1.0,0.0,26761712.20968341,15038663.01934693
zakharov,Cosine,5,standard,40163780.40738781,42267818.61706453,2512807.5961077358,114493566.092618,21220863.539978564,0.1098759651184082,0.024905289779143663,1.0,1.0,0.0,40163780.40738781,21220863.539978564
zakharov,Cosine,7,standard,44354316.88212,63793884.97630146,212.38718240561548,216050927.2604581,19020853.432880133,0.14643504619598388,0.03096235063866696,1.0,1.0,0.0,44354316.88212,19020853.432880133
zakharov,Cosine,3,standard,47385307.01614656,58673632.68027496,387906.0518901604,165860479.15948853,13075136.905361764,0.06636056900024415,0.009699342983769293,1.0,1.0,0.0,47385307.01614656,13075136.905361764
zakharov,Legendre,5,standard,79113095.3675215,90143293.8856812,5352495.714865107,244850251.47717616,40096024.99759789,0.10260186195373536,0.01633529598111278,1.0,1.0,0.0,79113095.3675215,40096024.99759789
zakharov,Legendre,3,standard,137917410.10426545,64731153.446601935,45607722.522211604,253885820.89961168,126137071.24902906,0.06499848365783692,0.004656653359105753,1.0,1.0,0.0,137917410.10426545,126137071.24902906
zakharov,Legendre,2,standard,221577308.52221918,69626378.01859425,86717183.21482317,291854252.4673963,234705774.2884851,0.05307037830352783,0.013922417798371653,1.0,1.0,0.0,221577308.52221918,234705774.2884851
zakharov,Legendre,1,standard,357465445.3125,0.0,357465445.3125,357465445.3125,357465445.3125,0.04403655529022217,0.00445502161593276,1.0,1.0,0.0,357465445.3125,357465445.3125
