date,traffic
2017-01-01,0.724647326336052
2017-01-02,0.799947435433052
2017-01-03,0.7854768139432254
2017-01-04,0.7387140654225253
2017-01-05,0.7289732869366193
2017-01-06,0.6907242208773373
2017-01-07,0.7699988769422401
2017-01-08,0.7740599569586779
2017-01-09,0.8164457745014185
2017-01-10,0.8043268955662236
2017-01-11,0.6361400044747327
2017-01-12,0.6246125313838659
2017-01-13,0.6489840014591077
2017-01-14,0.6489367486847692
2017-01-15,0.6399800339945079
2017-01-16,0.6687768812426393
2017-01-17,0.6464891579929454
2017-01-18,0.6300939708421918
2017-01-19,0.6454534134698191
2017-01-20,0.6492383972599358
2017-01-21,0.6093627767928691
2017-01-22,0.6147782930032961
2017-01-23,0.6354793785530505
2017-01-24,0.6279515806633373
2017-01-25,0.6348744735351752
2017-01-26,0.6699646239745012
2017-01-27,0.6424665404894291
2017-01-28,0.6085247351840135
2017-01-29,0.61479657699528
2017-01-30,0.6560390200462558
2017-01-31,0.6315654068308341
2017-02-01,0.6630975363759724
2017-02-02,0.6608643793028433
2017-02-03,0.656790140298819
2017-02-04,0.6412299242408126
2017-02-05,0.6963205062775463
2017-02-06,0.6546081983367107
2017-02-07,0.6555477864411413
2017-02-08,0.6863811423701309
2017-02-09,0.6899405318731738
2017-02-10,0.8561875583499988
2017-02-11,0.7784089742974849
2017-02-12,0.788132071473277
2017-02-13,1.020885082141008
2017-02-14,0.999349159275116
2017-02-15,1.0360997432647443
2017-02-16,1.0770701378016903
2017-02-17,1.0370516633429085
2017-02-18,0.7603560053757368
2017-02-19,0.7659153040713063
2017-02-20,1.023830495669832
2017-02-21,1.0806414383551652
2017-02-22,0.9607156968897855
2017-02-23,1.0350040184997613
2017-02-24,0.7771661945233997
2017-02-25,0.6241662881311786
2017-02-26,0.7409761931965796
2017-02-27,1.001269723482099
2017-02-28,1.0052976731464667
2017-03-01,1.0201543132341964
2017-03-02,1.1663401513160605
2017-03-03,0.973018066293554
2017-03-04,0.7918668194390642
2017-03-05,0.7387154003340961
2017-03-06,1.0965729911219089
2017-03-07,1.1271985150954937
2017-03-08,1.0631071511202133
2017-03-09,1.0888773673447387
2017-03-10,1.2623517513258746
2017-03-11,1.1297527948553963
2017-03-12,1.0988827773997514
2017-03-13,1.2933851698720646
2017-03-14,1.3846174331738648
2017-03-15,1.4029812330117961
2017-03-16,1.4603941872958646
2017-03-17,1.2754688137431105
2017-03-18,0.8872283371274016
2017-03-19,0.9197984992851145
2017-03-20,1.2087943173388684
2017-03-21,1.194442591934157
2017-03-22,1.2151882081470131
2017-03-23,1.3364902852691674
2017-03-24,1.3126423908298401
2017-03-25,1.0315410640127851
2017-03-26,1.118724221423389
2017-03-27,1.3253928568901596
2017-03-28,1.2709600626165014
2017-03-29,1.2293439838227813
2017-03-30,1.348691139422407
2017-03-31,1.3260406535697287
2017-04-01,1.1495898221405256
2017-04-02,1.171376309508371
2017-04-03,1.3461399893400208
2017-04-04,1.3788202634986906
2017-04-05,1.3691569554497875
2017-04-06,1.44009954362614
2017-04-07,1.3136176965440822
2017-04-08,1.156693185534792
2017-04-09,1.1346788186570058
2017-04-10,1.4608560302722111
2017-04-11,1.4672071637348891
2017-04-12,1.4286002227979742
2017-04-13,1.413819704020215
2017-04-14,1.2300102278282368
2017-04-15,1.0363631502588804
2017-04-16,0.9649427220257573
2017-04-17,1.3459273797813323
2017-04-18,1.3880093037709234
2017-04-19,1.4055237818767983
2017-04-20,1.3599310172680328
2017-04-21,1.359956491973648
2017-04-22,1.1460375984886193
2017-04-23,1.035871578373535
2017-04-24,1.3479829318831995
2017-04-25,1.3379046015602325
2017-04-26,1.2676832384917271
2017-04-27,1.2349300080712338
2017-04-28,1.0741127450519496
2017-04-29,0.9278994909555607
2017-04-30,0.9872719221485526
2017-05-01,1.2083246636862617
2017-05-02,1.4406971972614613
2017-05-03,1.3906854140665286
2017-05-04,1.3944847794210826
2017-05-05,1.2617861765066851
2017-05-06,1.1507391272675298
2017-05-07,1.1130117943215945
2017-05-08,1.5002909267187228
2017-05-09,1.576925684268187
2017-05-10,1.3368471371695652
2017-05-11,1.348250594615168
2017-05-12,1.147101096992377
2017-05-13,1.0378818555409544
2017-05-14,0.8483503294658085
2017-05-15,1.3076535507270455
2017-05-16,1.2755138713958372
2017-05-17,1.3628052140352775
2017-05-18,1.357170372900318
2017-05-19,1.2452733247097034
2017-05-20,1.0900634073660278
2017-05-21,1.0084776858507916
2017-05-22,1.4033804637488314
2017-05-23,1.4354762859581407
2017-05-24,1.1881999809058528
2017-05-25,1.3762845471071903
2017-05-26,1.4096370338523485
2017-05-27,1.207492979828551
2017-05-28,1.222339966915698
2017-05-29,1.4596913827561702
2017-05-30,1.5190471295707328
2017-05-31,1.5398785633421552
2017-06-01,1.5062179869960781
2017-06-02,1.6316949895875588
2017-06-03,1.2791408454768594
2017-06-04,1.3159677369478024
2017-06-05,1.6847311722477734
2017-06-06,1.68752285459439
2017-06-07,1.730309820560636
2017-06-08,1.7804834214478638
2017-06-09,1.6734553358050253
2017-06-10,1.5166620036991207
2017-06-11,1.4605403055224748
2017-06-12,1.7362421997497133
2017-06-13,1.7723776252630963
2017-06-14,1.8932235284043246
2017-06-15,1.842075862854953
2017-06-16,1.6324639816936404
2017-06-17,1.3974945907342171
2017-06-18,1.3829290323770236
2017-06-19,1.7925324154610198
2017-06-20,1.833771721468371
2017-06-21,1.8606958672280158
2017-06-22,1.6816267286686966
2017-06-23,1.4900109444587615
2017-06-24,1.0392458945841345
2017-06-25,0.7762957886981964
2017-06-26,0.8305009520856121
2017-06-27,1.0027847080314627
2017-06-28,1.379520280665369
2017-06-29,1.331356323679621
2017-06-30,1.2325998239789895
2017-07-01,1.05445051532922
2017-07-02,0.9887425987885021
2017-07-03,1.307379505382063
2017-07-04,1.4092905465239327
2017-07-05,1.396620074004313
2017-07-06,1.3479407020323686
2017-07-07,1.2784044656715188
2017-07-08,1.0457851223232955
2017-07-09,0.9494235885512634
2017-07-10,1.3217303333210424
2017-07-11,1.4369390244756266
2017-07-12,1.3077845305658915
2017-07-13,1.3543694856688535
2017-07-14,1.3507353990683226
2017-07-15,0.980255233434108
2017-07-16,0.9524428468424122
2017-07-17,1.2263464521537883
2017-07-18,1.4122741394975935
2017-07-19,1.364897264762249
2017-07-20,1.4398565331845838
2017-07-21,1.3429102222341573
2017-07-22,1.0229686487861256
2017-07-23,0.9718712244163881
2017-07-24,1.4442654936293504
2017-07-25,1.4492895850521026
2017-07-26,1.3595697249977619
2017-07-27,1.4248929216797634
2017-07-28,1.507909903426331
2017-07-29,1.0631088498032288
2017-07-30,0.9789507883727865
2017-07-31,1.5974995532963372
2017-08-01,1.5044233591372693
2017-08-02,1.5541460137201515
2017-08-03,1.490720450172327
2017-08-04,1.49271442701023
2017-08-05,1.0896432170190073
2017-08-06,1.0616744019662967
2017-08-07,1.4644884224051955
2017-08-08,1.515687583021085
2017-08-09,1.4605653672590586
2017-08-10,1.5041228235496127
2017-08-11,1.4519914189834728
2017-08-12,1.0443001107015584
2017-08-13,1.075438815294687
2017-08-14,1.3781935075594944
2017-08-15,1.3538634956788511
2017-08-16,1.4443859510372534
2017-08-17,1.4486573433297025
2017-08-18,1.4968913859462496
2017-08-19,1.1404752589773597
2017-08-20,1.102747643551814
2017-08-21,1.491485492217008
2017-08-22,1.5305022059131814
2017-08-23,1.6631315512873623
2017-08-24,1.5743881189061113
2017-08-25,1.4339403830194029
2017-08-26,1.140378084282647
2017-08-27,1.015725788845751
2017-08-28,1.2848105691648768
2017-08-29,1.3505886926552915
2017-08-30,1.2005883193320699
2017-08-31,1.0444133843870564
2017-09-01,0.7290136430112228
2017-09-02,0.7631157604927161
2017-09-03,0.8594082143059977
2017-09-04,1.1160774557626898
2017-09-05,1.405085832704526
2017-09-06,1.6169162014299998
2017-09-07,1.5757294366646326
2017-09-08,1.6187652376509019
2017-09-09,1.228406715123625
2017-09-10,1.243182767872117
2017-09-11,1.5007430343013382
2017-09-12,1.6972775984273487
2017-09-13,1.7553102994257426
2017-09-14,1.655727573964434
2017-09-15,1.509176667654602
2017-09-16,1.2563243702940594
2017-09-17,1.2243054345710012
2017-09-18,1.400515314508569
2017-09-19,1.5502695594053195
2017-09-20,1.5228593203822478
2017-09-21,1.6863662246068043
2017-09-22,1.7344765089997756
2017-09-23,1.5253284562870164
2017-09-24,1.4936050839430746
2017-09-25,1.7654630294837292
2017-09-26,1.9129009160234185
2017-09-27,1.8609424302627144
2017-09-28,1.8322255426234237
2017-09-29,1.834077002254228
2017-09-30,1.7801376580484964
2017-10-01,2.0001630717843457
2017-10-02,2.021887601811752
2017-10-03,2.0007226027829663
2017-10-04,2.1493887991980367
2017-10-05,2.0906874692858257
2017-10-06,2.006007712843953
2017-10-07,1.7779224439032202
2017-10-08,1.9198011880068655
2017-10-09,2.061211938298008
2017-10-10,2.0972277681446894
2017-10-11,2.1467248642082466
2017-10-12,2.057069278571402
2017-10-13,1.9252323621361835
2017-10-14,1.73326198855816
2017-10-15,1.8888141977277364
2017-10-16,2.0183617355798713
2017-10-17,2.0737901490479045
2017-10-18,1.932050779381618
2017-10-19,1.9609176915776618
2017-10-20,1.8636677385211455
2017-10-21,1.5630467249548063
2017-10-22,1.603291401840405
2017-10-23,1.8663494712107307
2017-10-24,2.1261106862263506
2017-10-25,2.1041789776098416
2017-10-26,2.2794646320648546
2017-10-27,2.100264256028904
2017-10-28,1.8484078380969806
2017-10-29,1.875323267974269
2017-10-30,2.1005972545988922
2017-10-31,2.3528358258068476
2017-11-01,2.352093512836986
2017-11-02,2.3302531892872165
2017-11-03,2.247484778890946
2017-11-04,2.065472795784796
2017-11-05,2.1101861418257246
2017-11-06,2.2863826642824163
2017-11-07,2.1796570442405048
2017-11-08,2.118863872771868
2017-11-09,2.1146045803319486
2017-11-10,1.9046176526106415
2017-11-11,2.101597326418535
2017-11-12,2.0925182345745537
2017-11-13,2.1573213430288902
2017-11-14,2.465666881817812
2017-11-15,2.40928251916047
2017-11-16,2.3230934573037016
2017-11-17,2.462955067950438
2017-11-18,2.07674034411612
2017-11-19,2.1945739904907935
2017-11-20,2.4882142382267123
2017-11-21,2.7064044059363077
2017-11-22,2.999835348151571
2017-11-23,3.516229553508321
2017-11-24,4.896287375956375
2017-11-25,2.65130540952281
2017-11-26,2.4786548356187197
2017-11-27,2.5170778266579923
2017-11-28,2.3531242160322954
2017-11-29,2.1338439349595335
2017-11-30,2.5054009902047305
2017-12-01,2.5656907074037143
2017-12-02,2.1264583806524544
2017-12-03,2.1068519341239695
2017-12-04,2.7120388169697707
2017-12-05,2.65457424774767
2017-12-06,2.68451720289961
2017-12-07,2.5481093104621326
2017-12-08,2.4143201046396414
2017-12-09,1.9290224134149205
2017-12-10,1.9992291275411531
2017-12-11,2.072016618122979
2017-12-12,1.6977984777262027
2017-12-13,1.7935310317811672
2017-12-14,1.6809650117839172
2017-12-15,1.6703380200200368
2017-12-16,1.475580200775146
2017-12-17,1.5746177546510178
2017-12-18,1.8933682717549372
2017-12-19,1.8145069471705242
2017-12-20,1.8623652621866609
2017-12-21,2.316435255657053
2017-12-22,2.025845790309087
2017-12-23,1.6225399661647666
2017-12-24,1.6566172901010092
2017-12-25,1.6342554349272658
2017-12-26,1.5859263171886686
2017-12-27,1.4962783603929417
2017-12-28,1.4627617287584882
2017-12-29,1.369366050783457
2017-12-30,1.155259833863427
2017-12-31,0.7742540994409451
2018-01-01,0.994695778489644
2018-01-02,1.243852762148628
2018-01-03,1.3206318244841688
2018-01-04,1.2509567017250953
2018-01-05,1.2604897420547818
2018-01-06,1.0400714966386833
2018-01-07,0.7099009215951096
2018-01-08,1.1326794783175271
2018-01-09,1.1032367446929636
2018-01-10,1.1868162660438726
2018-01-11,1.2383492939039267
2018-01-12,1.2293366704534228
2018-01-13,1.0827467393230286
2018-01-14,1.153122619690502
2018-01-15,1.2581655588100693
2018-01-16,1.2819252380096922
2018-01-17,1.2611134674471502
2018-01-18,1.2747585992636556
2018-01-19,1.0646827554385658
2018-01-20,0.9050149013396711
2018-01-21,1.0039176911529548
2018-01-22,1.2567654966076425
2018-01-23,1.208868687694797
2018-01-24,1.3068376616063302
2018-01-25,1.3863725074069533
2018-01-26,1.2608417624773625
2018-01-27,1.074090105223077
2018-01-28,1.0106610215623577
2018-01-29,1.2135962209277933
2018-01-30,1.2139684797804478
2018-01-31,1.231336689273186
2018-02-01,1.283896326095306
2018-02-02,1.1464112265691386
2018-02-03,1.0545011121674013
2018-02-04,1.057877818368727
2018-02-05,0.9802787690630387
2018-02-06,0.9569794387457111
2018-02-07,1.218759879146059
2018-02-08,1.2656886754260617
2018-02-09,1.2797730652097659
2018-02-10,1.0855379054531102
2018-02-11,1.1481836787998287
2018-02-12,1.2035359976280902
2018-02-13,1.1881349676653306
2018-02-14,1.0719353204811166
2018-02-15,1.2448244367929557
2018-02-16,1.1842413873217232
2018-02-17,0.9623766732485248
2018-02-18,0.917101616402731
2018-02-19,1.1025683089213594
2018-02-20,1.2109837115805147
2018-02-21,1.2153516945242222
2018-02-22,1.1937912577801328
2018-02-23,1.2028509977567108
2018-02-24,1.0377886765483888
2018-02-25,1.0176847581449295
2018-02-26,1.1783970870957428
2018-02-27,1.1450610550949682
2018-02-28,1.1725795759092923
2018-03-01,1.1667166875184969
2018-03-02,1.045266718983322
2018-03-03,0.9346376204741468
2018-03-04,0.9533233243390732
2018-03-05,1.1445059458353222
2018-03-06,1.118280982721618
2018-03-07,1.0595218237526112
2018-03-08,1.1111155951194351
2018-03-09,0.9888011992779161
2018-03-10,0.8227807081146254
2018-03-11,0.8168669436891556
2018-03-12,1.045669089810801
2018-03-13,1.1256074130715785
2018-03-14,1.0498078009769434
2018-03-15,1.070005301562958
2018-03-16,1.1049539349056965
2018-03-17,0.9599507348697927
2018-03-18,0.9791939583281724
2018-03-19,1.2346261099026785
2018-03-20,1.385525150887486
2018-03-21,1.411494392928779
2018-03-22,1.3665038160396767
2018-03-23,1.2571259211825971
2018-03-24,1.1239619619792982
2018-03-25,1.1303635685226454
2018-03-26,1.3981137883428971
2018-03-27,1.3971383870275602
2018-03-28,1.416044034709496
2018-03-29,1.4769401897071954
2018-03-30,1.2699864003474475
2018-03-31,1.0740064166804666
2018-04-01,1.076198532743497
2018-04-02,1.3025359460072217
2018-04-03,1.1135882843004021
2018-04-04,1.1632582867655525
2018-04-05,1.165994957945751
2018-04-06,1.209190107955752
2018-04-07,1.1185204705800336
2018-04-08,1.292247689646631
2018-04-09,1.4181086078408687
2018-04-10,1.3739216791245248
2018-04-11,1.3502722907550533
2018-04-12,1.4972237083691806
2018-04-13,1.2726618923938582
2018-04-14,1.0412521946621407
2018-04-15,1.0641038731210846
2018-04-16,1.3319068624013006
2018-04-17,1.3141298688425032
2018-04-18,1.2309383761097612
2018-04-19,1.2237682773660417
2018-04-20,1.3074479511553627
2018-04-21,1.1091420007653776
2018-04-22,1.0355046418106142
2018-04-23,1.0277810049350724
2018-04-24,1.142865169928292
2018-04-25,1.2943006389910812
2018-04-26,1.278195296227658
2018-04-27,1.2326484004582041
2018-04-28,1.0005379520790905
2018-04-29,1.0217306306571448
2018-04-30,1.2784513826238149
2018-05-01,1.2825539171636977
2018-05-02,1.2274087314142348
2018-05-03,1.3015325885645057
2018-05-04,1.1642482736470692
2018-05-05,1.102592708332831
2018-05-06,1.1788079804325473
2018-05-07,1.381921613206053
2018-05-08,1.3750710410710962
2018-05-09,1.3671771997126028
2018-05-10,1.440213474759209
2018-05-11,1.4057196720459628
2018-05-12,1.223267509341067
2018-05-13,0.9937853513245016
2018-05-14,1.1782922158577969
2018-05-15,1.130249071254503
2018-05-16,1.2734311341549562
2018-05-17,1.367104095384327
2018-05-18,1.3595140835949975
2018-05-19,0.0
2018-05-20,0.5804390755338523
2018-05-21,1.099473337683105
2018-05-22,1.6370427925110418
2018-05-23,1.5664680408808782
2018-05-24,1.6206390594014004
2018-05-25,1.9284343782042577
2018-05-26,1.742401900200906
2018-05-27,1.6341972647969436
2018-05-28,1.6923165159088471
2018-05-29,1.6156146603034705
2018-05-30,1.5755717349594027
2018-05-31,1.8370597450154922
2018-06-01,1.6922567420927839
2018-06-02,1.4035104150132023
2018-06-03,1.4140980612890244
2018-06-04,1.7011837005832722
2018-06-05,1.509062516287262
2018-06-06,1.716052227995331
2018-06-07,1.701557157828015
2018-06-08,1.663768835604726
2018-06-09,1.4438537576813029
2018-06-10,1.4688707915491035
2018-06-11,1.7166681148984295
2018-06-12,1.5985197578019967
2018-06-13,1.4099075376749606
2018-06-14,1.2403650983531127
2018-06-15,0.7944186850068782
2018-06-16,0.8830057157055181
2018-06-17,1.1189305242709862
2018-06-18,1.4590539766142725
2018-06-19,1.4540772696673043
2018-06-20,1.4217243602056344
2018-06-21,1.4506393110957851
2018-06-22,1.3373348848388678
2018-06-23,1.1750959500608484
2018-06-24,0.98938295036031
2018-06-25,1.376155931572273
2018-06-26,1.5000932264505515
2018-06-27,1.621463947794667
2018-06-28,1.7048767733459937
2018-06-29,1.7261160964424525
2018-06-30,1.2808266304193614
2018-07-01,1.187658779709552
2018-07-02,1.3782922319197843
2018-07-03,1.519434625367615
2018-07-04,1.4834386486336957
2018-07-05,1.4366249466400705
2018-07-06,1.4817612374037201
2018-07-07,1.2096431418813112
2018-07-08,1.2117459717263381
2018-07-09,1.5041536756645622
2018-07-10,1.5400350623565204
2018-07-11,1.4016789298305001
2018-07-12,1.4348341080997384
2018-07-13,1.4766197680993454
2018-07-14,1.2041488952677661
2018-07-15,1.2754021630241987
2018-07-16,1.434783920203814
2018-07-17,1.4026262608780693
2018-07-18,1.46970980733269
2018-07-19,1.4968714629775992
2018-07-20,1.4648108432423677
2018-07-21,1.1122912300253935
2018-07-22,1.0446596928334506
2018-07-23,1.3655744976759423
2018-07-24,1.3559546019586002
2018-07-25,1.3607584663263559
2018-07-26,1.3637188423468825
2018-07-27,1.3001796817985563
2018-07-28,1.1585437371959566
2018-07-29,1.1448769066662965
2018-07-30,1.318401891119655
2018-07-31,1.3982497472075353
2018-08-01,1.3446614742626335
2018-08-02,1.318191801743901
2018-08-03,1.386384563263271
2018-08-04,1.094745352412829
2018-08-05,1.0849007381671436
2018-08-06,1.7008240345386585
2018-08-07,1.543643638890984
2018-08-08,1.4780977380176863
2018-08-09,1.3394777756689686
2018-08-10,1.242473568953836
2018-08-11,1.0897699888634897
2018-08-12,1.1110728565872976
2018-08-13,1.3768520820844787
2018-08-14,1.3850621161000054
2018-08-15,1.1661926776617642
2018-08-16,1.135643814091901
2018-08-17,1.1119091229807747
2018-08-18,0.9201022358819018
2018-08-19,0.8611947938521568
2018-08-20,0.814574929855409
2018-08-21,0.6173314544438723
2018-08-22,0.6493887066647602
2018-08-23,0.7364659697303675
2018-08-24,0.797652921710751
2018-08-25,0.9042304321592367
2018-08-26,0.9638782151150644
2018-08-27,1.190477450361929
2018-08-28,1.3120881464365117
2018-08-29,1.3155753771903498
2018-08-30,1.2523547675372206
2018-08-31,1.2148557735578558
2018-09-01,1.0504725143125813
2018-09-02,1.1212590599864765
2018-09-03,1.3086907612186542
2018-09-04,1.2887144282850334
2018-09-05,1.3579534532583184
2018-09-06,1.4435161309120965
2018-09-07,1.3725857927453924
2018-09-08,1.2230705862616955
2018-09-09,1.1855276638878514
2018-09-10,1.5446966746718704
2018-09-11,1.4616579622852983
2018-09-12,1.4359575651651295
2018-09-13,1.3867175901039885
2018-09-14,1.4097479928295618
2018-09-15,1.2262315945465512
2018-09-16,1.2156441141644478
2018-09-17,1.3980860186118849
2018-09-18,1.4003722689601392
2018-09-19,1.3830420547886526
2018-09-20,1.460452945833873
2018-09-21,1.4295403781599327
2018-09-22,1.214065294740043
2018-09-23,1.2655484949209685
2018-09-24,1.5480047743253402
2018-09-25,1.6507274972268213
2018-09-26,1.6167542654624947
2018-09-27,1.4939841333131045
2018-09-28,1.6313549546339328
2018-09-29,1.426899056370627
2018-09-30,1.5416741073337676
2018-10-01,1.6167991949845526
2018-10-02,1.5514726874754536
2018-10-03,1.4477946308934908
2018-10-04,1.4184865014625339
2018-10-05,1.4633318147409584
2018-10-06,1.3318341380189018
2018-10-07,1.3579175403905732
2018-10-08,1.4363867006436482
2018-10-09,1.48644690678611
2018-10-10,1.5027732919668089
2018-10-11,1.6272078138688315
2018-10-12,1.6146095657037587
2018-10-13,1.5589374026208467
2018-10-14,1.566916864680068
2018-10-15,1.541356767860089
2018-10-16,1.5290056605492461
2018-10-17,1.5753429669201475
2018-10-18,1.6487814342400144
2018-10-19,1.4962275998668026
2018-10-20,1.4179101075522496
2018-10-21,1.5925105000431996
2018-10-22,1.4642426777720785
2018-10-23,1.4761079779837245
2018-10-24,1.4937702040777234
2018-10-25,1.5992447101049676
2018-10-26,1.539725876232847
2018-10-27,1.228662422066544
2018-10-28,1.2288053321188228
2018-10-29,1.1792019368881161
2018-10-30,1.4893080763187339
2018-10-31,1.3889948541873558
2018-11-01,1.5310287838950343
2018-11-02,1.335998296253973
2018-11-03,1.2754493006150878
2018-11-04,1.3586220699237885
2018-11-05,1.4953574747028582
2018-11-06,1.4461521296468707
2018-11-07,1.3452006703401702
2018-11-08,1.4981967491400596
2018-11-09,2.0639724997447004
2018-11-10,1.6167907400589585
2018-11-11,2.025481208352638
2018-11-12,1.4056912091514624
2018-11-13,1.306201161781865
2018-11-14,1.3435328642633302
2018-11-15,1.4140796499302293
2018-11-16,1.371513577953078
2018-11-17,1.388796522243284
2018-11-18,1.5451948179250354
2018-11-19,1.6688457691411676
2018-11-20,2.6955566571357936
2018-11-21,2.5052500651546867
2018-11-22,3.1374255088634104
2018-11-23,4.336708248479736
2018-11-24,2.167402042576704
2018-11-25,1.9768113467117823
2018-11-26,1.7270095060915867
2018-11-27,1.4779569275917812
2018-11-28,1.4107917759545714
2018-11-29,1.5568681242174922
2018-11-30,1.5182601493625407
2018-12-01,1.3832162238649406
2018-12-02,1.3545828223208543
2018-12-03,1.6077451346764229
2018-12-04,1.5529718544312756
2018-12-05,1.5622287889535327
2018-12-06,1.5551649367153941
2018-12-07,1.4874836690227735
2018-12-08,1.3434550007969945
2018-12-09,1.3622571498670615
2018-12-10,1.5815814225761957
2018-12-11,1.4801819273808334
2018-12-12,1.6581233179017514
2018-12-13,1.5743856490624788
2018-12-14,1.554757718487936
2018-12-15,1.459349719023491
2018-12-16,1.4405057938371781
2018-12-17,1.5991464174471766
2018-12-18,1.6043853277605233
2018-12-19,1.6676293306361636
2018-12-20,1.959673423760101
2018-12-21,2.3055506448823198
2018-12-22,1.8157807906862566
2018-12-23,1.9364492411843384
2018-12-24,1.757216797766166
2018-12-25,1.9011049777307163
2018-12-26,1.6624637070703256
2018-12-27,1.640606042144759
2018-12-28,1.4652793987720016
2018-12-29,1.3325624894862114
2018-12-30,1.3274843003882861
2018-12-31,0.892367793232216
2019-01-01,0.9761877564446598
2019-01-02,1.4255394914963895
2019-01-03,1.5003138468873707
2019-01-04,1.4738236054560108
2019-01-05,1.2883290300338808
2019-01-06,1.3630421915231536
2019-01-07,1.4283244858623614
2019-01-08,1.4142821574438509
2019-01-09,1.305757931521209
2019-01-10,1.3401146825626886
2019-01-11,1.4094884563970371
2019-01-12,1.237848228930983
2019-01-13,1.2168470508383742
2019-01-14,1.2655041248656518
2019-01-15,1.3295682960614599
2019-01-16,1.3522844641877232
2019-01-17,1.4309075931287967
2019-01-18,1.3512181107027896
2019-01-19,1.1664228183382148
2019-01-20,1.223577547084903
2019-01-21,1.3876020989457427
2019-01-22,1.3127964370433114
2019-01-23,1.3529371620677366
2019-01-24,1.338129738995749
2019-01-25,1.3437858259962179
2019-01-26,1.1918412678938262
2019-01-27,1.2075843594610625
2019-01-28,1.2637290351775985
2019-01-29,1.312967576039104
2019-01-30,1.3945329266808857
2019-01-31,1.4846499082960982
2019-02-01,1.6172139311952318
2019-02-02,1.338999192339441
2019-02-03,1.5931748240017103
2019-02-04,1.4563239468123386
2019-02-05,1.357310132810798
2019-02-06,1.4773319494570634
2019-02-07,1.7285941667508833
2019-02-08,1.5620628521376263
2019-02-09,1.368339224607005
2019-02-10,1.4919380178438157
2019-02-11,1.5168079941757382
2019-02-12,1.6107526738985325
2019-02-13,1.6079464343955192
2019-02-14,1.412139942436035
2019-02-15,1.3446048590811601
2019-02-16,1.4049041878385373
2019-02-17,1.2019564911994476
2019-02-18,1.3275845153780188
2019-02-19,1.256400793578616
2019-02-20,1.2680159649532223
2019-02-21,1.4053642679546487
2019-02-22,1.438497764135056
2019-02-23,1.4535423383986874
2019-02-24,1.9385201677123338
2019-02-25,1.6003546882498512
2019-02-26,1.4193133759338628
2019-02-27,1.4953988960745879
2019-02-28,1.4195775432323756
2019-03-01,1.1768428813318048
2019-03-02,1.139785418261117
2019-03-03,1.2004891373322497
2019-03-04,1.4827462736604589
2019-03-05,1.300912732940294
2019-03-06,1.2953988139529826
2019-03-07,1.2687461271296232
2019-03-08,1.2723531926157718
2019-03-09,1.218768953773712
2019-03-10,1.2431622112653067
2019-03-11,1.3269603215066343
2019-03-12,1.3599931224317363
2019-03-13,1.280278904770492
2019-03-14,1.2413342970429444
2019-03-15,1.2728374474062676
2019-03-16,1.2315471362998118
2019-03-17,1.2418593379187173
2019-03-18,1.3479632437405742
2019-03-19,1.288008847795115
2019-03-20,1.3702265036817207
2019-03-21,1.7998363955613728
2019-03-22,1.3641296468090205
2019-03-23,1.2104926490709638
2019-03-24,1.2560460460588951
2019-03-25,1.3031748208318201
2019-03-26,1.2347676213865233
2019-03-27,1.3538590816612932
2019-03-28,1.3123745549172794
2019-03-29,1.2916704303941453
2019-03-30,1.1155794961822798
2019-03-31,1.038725570435707
2019-04-01,1.1401746833532442
2019-04-02,1.269200864846243
2019-04-03,1.215181016541118
2019-04-04,1.1888872496092548
2019-04-05,1.0363260764341926
2019-04-06,1.0153447036430723
2019-04-07,1.0308012595969913
2019-04-08,1.1567943669097218
2019-04-09,1.4097421076380756
2019-04-10,1.3600392095029719
2019-04-11,1.261933895142496
2019-04-12,1.1955314570476112
2019-04-13,1.1111060579369711
2019-04-14,1.1376552971457659
2019-04-15,1.3874203107303351
2019-04-16,1.3509826744570697
2019-04-17,1.2436899944367692
2019-04-18,1.2958289468354685
2019-04-19,1.4073149645993301
2019-04-20,1.4818568685733156
2019-04-21,1.3002336096573688
2019-04-22,1.3862381737385339
2019-04-23,1.145904541305408
2019-04-24,1.1905678242594424
2019-04-25,1.1895369347811386
2019-04-26,1.1784175674187019
2019-04-27,1.039894902641376
2019-04-28,1.0805935523192716
2019-04-29,1.2306562394718883
2019-04-30,1.220075518495844
2019-05-01,1.2454668386521472
2019-05-02,1.4267093357555836
2019-05-03,1.3722111350941564
2019-05-04,1.1916809112476874
2019-05-05,1.2136670122338165
2019-05-06,1.218534907138086
2019-05-07,1.2465214996516445
2019-05-08,1.4078193710694096
2019-05-09,1.4748579408833062
2019-05-10,1.5258432675744313
2019-05-11,1.466636290511637
2019-05-12,1.381125102457579
2019-05-13,1.3861079644004248
2019-05-14,1.405111472414102
2019-05-15,1.3915373061986802
2019-05-16,1.768413357982641
2019-05-17,2.192332457426405
2019-05-18,1.7681939602380814
2019-05-19,1.5812292318034318
2019-05-20,1.7358189777869653
2019-05-21,1.50408629807282
2019-05-22,1.5276594529584222
2019-05-23,1.503720482475481
2019-05-24,1.4784473459158887
2019-05-25,1.4499763631322817
2019-05-26,1.4035875182373285
2019-05-27,1.4375122283119435
2019-05-28,1.374334895026952
2019-05-29,1.3364394065896466
2019-05-30,1.1887871441750388
2019-05-31,1.0577539443257802
2019-06-01,0.9814032236857005
2019-06-02,0.9934902015279459
2019-06-03,0.9557547246344421
2019-06-04,0.68654695423811
2019-06-05,0.7483778465805695
2019-06-06,0.8732904711530298
2019-06-07,1.0549938756365085
2019-06-08,1.0091639516085764
2019-06-09,1.1073684397382173
2019-06-10,1.2604623539661697
2019-06-11,1.4189263324445387
2019-06-12,1.2562643044750597
2019-06-13,1.2453448726924825
2019-06-14,1.1083146835051185
2019-06-15,1.0195667351007407
2019-06-16,1.0152794569556347
2019-06-17,1.2173453374392356
2019-06-18,1.2267573586105338
2019-06-19,1.1800281896846345
2019-06-20,1.3388545861779009
2019-06-21,1.4814599709022092
2019-06-22,1.0838633838095175
2019-06-23,1.0243378677718122
2019-06-24,1.1638860754387892
2019-06-25,1.2977360508558813
2019-06-26,1.3124429506594515
2019-06-27,1.2633362779963595
2019-06-28,1.1643422595465482
2019-06-29,1.0218315902088595
2019-06-30,1.0886924582451076
2019-07-01,1.217845640722116
2019-07-02,1.2687815900880235
2019-07-03,1.3513785330970833
2019-07-04,1.2709214795183177
2019-07-05,1.3463743547488445
2019-07-06,1.1340712227857805
2019-07-07,1.1116209806940893
2019-07-08,1.4718465305941053
2019-07-09,1.3120055599426463
2019-07-10,1.2062781880863025
2019-07-11,1.3888074394642853
2019-07-12,1.2435625861251274
2019-07-13,1.118176147147444
2019-07-14,1.1134936188922957
2019-07-15,1.1903837283050542
2019-07-16,1.2306267088295906
2019-07-17,1.2280436327535507
2019-07-18,1.2396875528199922
2019-07-19,1.2337607233960683
2019-07-20,1.019563985745081
2019-07-21,1.0427910228294237
2019-07-22,1.457778078090834
2019-07-23,1.3467791235084787
2019-07-24,1.3353455051002983
2019-07-25,1.4534110381959784
2019-07-26,1.4549625340249945
2019-07-27,1.1928004709677396
2019-07-28,1.198354651316126
2019-07-29,1.3398463880716691
2019-07-30,1.340207708421157
2019-07-31,1.3540395526409712
2019-08-01,1.3498036634252795
2019-08-02,1.3273181020614369
2019-08-03,1.2137641790572538
2019-08-04,1.2621728151536562
2019-08-05,1.4905937805866234
2019-08-06,1.4063477241884876
2019-08-07,1.2596302244704862
2019-08-08,1.2565117271377448
2019-08-09,1.1809255152912157
2019-08-10,0.9794575765490694
2019-08-11,0.7707136292531379
2019-08-12,0.8403056455030355
2019-08-13,0.9255261950019583
2019-08-14,1.0592986069035002
2019-08-15,1.2164562925909674
2019-08-16,1.2058575878560611
2019-08-17,1.1831449321926817
2019-08-18,1.1789418540298688
2019-08-19,1.2496172968895025
2019-08-20,1.3947942196448055
2019-08-21,1.4040631666560426
2019-08-22,1.5039938094921002
2019-08-23,1.557471985393598
2019-08-24,1.349792326507253
2019-08-25,1.3216279823488692
2019-08-26,1.4458506227033037
2019-08-27,1.3859293312364591
2019-08-28,1.4569292669005591
2019-08-29,1.3982645531697462
2019-08-30,1.2513517454913985
2019-08-31,1.1840857267167553
2019-09-01,1.2513008293947403
2019-09-02,1.3132364603483944
2019-09-03,1.3362270365284488
2019-09-04,1.3220362577400422
2019-09-05,1.2964486730668763
2019-09-06,1.2625044249295545
2019-09-07,1.203281086655042
2019-09-08,1.2666948730950311
2019-09-09,1.1348877158686657
2019-09-10,1.1486665752966836
2019-09-11,1.238012761557883
2019-09-12,1.2463878326703761
2019-09-13,1.291368168120204
2019-09-14,1.1302086658639285
2019-09-15,1.2626938642663648
2019-09-16,1.3061470420899515
2019-09-17,1.3354877904239002
2019-09-18,1.2868870767071425
2019-09-19,1.3180040657219536
2019-09-20,1.4326537761354563
2019-09-21,1.338121796700566
2019-09-22,1.4368104977723128
2019-09-23,1.544577588330697
2019-09-24,1.5221854304775906
2019-09-25,1.5389216320680044
2019-09-26,1.26721020863969
2019-09-27,1.4064279216020548
2019-09-28,1.3345548920728978
2019-09-29,1.3327730537230624
2019-09-30,1.4648656363987536
2019-10-01,1.60003472510145
2019-10-02,1.5576766521694754
2019-10-03,1.5466171430231392
2019-10-04,1.5385236564286253
2019-10-05,1.476486825715619
2019-10-06,1.5768172008688643
2019-10-07,1.6906279021101125
2019-10-08,1.8397626753181917
2019-10-09,1.716204579795123
2019-10-10,1.568583401251651
2019-10-11,1.604101823998292
2019-10-12,1.4492766327839204
2019-10-13,1.552886743404024
2019-10-14,1.5665060481285231
2019-10-15,1.8068722590282447
2019-10-16,1.92196100176237
2019-10-17,1.916580674552337
2019-10-18,1.8065282385339112
2019-10-19,1.6657812201301139
2019-10-20,1.8253292883032741
2019-10-21,2.0044619390468075
2019-10-22,2.0247294726278913
2019-10-23,1.9221365330568188
2019-10-24,1.9847189585591751
2019-10-25,1.8305444771807369
2019-10-26,1.6386339046552132
2019-10-27,1.6504651094636034
2019-10-28,1.704930172015371
2019-10-29,1.863839677183957
2019-10-30,1.788714219733858
2019-10-31,1.8281469649776136
2019-11-01,1.9850000643756271
2019-11-02,1.736142554885186
2019-11-03,1.7855748218015832
2019-11-04,2.07837209834222
2019-11-05,2.0290818805873525
2019-11-06,3.137349896463059
2019-11-07,2.927862946404274
2019-11-08,3.1271032124174103
2019-11-09,3.5369681296881517
2019-11-10,2.9228067764207917
2019-11-11,3.4341183184580606
2019-11-12,2.4804918281751216
2019-11-13,2.093297298059108
2019-11-14,2.156524849457354
2019-11-15,2.0792099330021068
2019-11-16,1.9450345174332342
2019-11-17,2.065744443302227
2019-11-18,2.3552644280931285
2019-11-19,2.2235955543740658
2019-11-20,2.134831557049806
2019-11-21,2.503439542616575
2019-11-22,2.9068928880033225
2019-11-23,2.387340965284503
2019-11-24,2.538515360716298
2019-11-25,3.7897279851854515
2019-11-26,3.7634616745205136
2019-11-27,3.6439960237391995
2019-11-28,4.047558104107468
2019-11-29,4.949793724499671
2019-11-30,2.870426029326512
2019-12-01,2.9267892461878064
2019-12-02,2.617282883994907
2019-12-03,2.500564363727846
2019-12-04,2.722510305907313
2019-12-05,2.4946577601752824
2019-12-06,2.2012134226247997
2019-12-07,1.9941512209162608
2019-12-08,2.132768558228215
2019-12-09,2.2439004961012534
2019-12-10,2.3818761808195656
2019-12-11,2.273079873367883
2019-12-12,2.193058433304795
2019-12-13,2.269397857410629
2019-12-14,2.4971946302915033
2019-12-15,2.7744306146245252
2019-12-16,2.2721275332495994
2019-12-17,2.251197155050387
2019-12-18,2.2545846592126932
2019-12-19,2.575777009119402
2019-12-20,2.655885667625179
2019-12-21,2.5553401932597293
2019-12-22,2.6778510230894974
2019-12-23,3.295077491997505
2019-12-24,2.903823152600501
2019-12-25,2.503248537181064
2019-12-26,2.3961470733765906
2019-12-27,2.24245545598579
2019-12-28,2.157048512547955
2019-12-29,2.2747857237742415
2019-12-30,2.4762428157859437
2019-12-31,1.7543030917338038
2020-01-01,1.887981902672815
2020-01-02,3.1538151880790806
2020-01-03,2.306771342062831
2020-01-04,2.1887519111212135
2020-01-05,2.274307420936384
2020-01-06,2.308518435774956
2020-01-07,2.3020107243400885
2020-01-08,2.034104998039414
2020-01-09,1.8865871481145007
2020-01-10,1.9109414608745803
2020-01-11,1.9588085674169315
2020-01-12,2.801194806952607
2020-01-13,2.327069751295333
2020-01-14,2.2655837773296303
2020-01-15,2.2527039307424226
2020-01-16,2.3117829346705894
2020-01-17,2.3850631138313445
2020-01-18,2.261265113566645
2020-01-19,2.3031516790995243
2020-01-20,2.162931774076376
2020-01-21,2.3786327433745944
2020-01-22,2.0599821169129897
2020-01-23,2.120770755659325
2020-01-24,2.255783552662738
2020-01-25,1.9447775021476275
2020-01-26,1.951183370914553
2020-01-27,2.163392511069122
2020-01-28,2.1990857472832572
2020-01-29,2.387822831438954
2020-01-30,2.4955948407409907
2020-01-31,2.5317142612214028
2020-02-01,2.74736141081404
2020-02-02,3.141743783176611
2020-02-03,2.1739322041963494
2020-02-04,1.9820843435016768
2020-02-05,2.1818881318443024
2020-02-06,2.349063983737808
2020-02-07,3.5955362041612564
2020-02-08,2.381843524035296
2020-02-09,2.4189871901620994
2020-02-10,2.5596700558648866
2020-02-11,2.5401359522815365
2020-02-12,2.688495278393963
2020-02-13,2.9087371067155487
2020-02-14,2.344840632072599
2020-02-15,2.8625601385058324
2020-02-16,3.095667613968136
2020-02-17,2.5407222437498653
2020-02-18,2.400128451418998
2020-02-19,2.257369376553326
2020-02-20,2.603393271168617
2020-02-21,2.800520203547486
2020-02-22,2.523792119606101
2020-02-23,2.4382907846364246
2020-02-24,2.38609157219806
2020-02-25,2.3694100550296864
2020-02-26,2.244460544066487
2020-02-27,2.1440572434567526
2020-02-28,2.0746627949401955
2020-02-29,1.885330961952588
2020-03-01,1.7493718102017661
2020-03-02,1.8114777851434454
2020-03-03,1.919251768439776
2020-03-04,2.1337375817225803
2020-03-05,2.4311348557803347
2020-03-06,2.234658304457317
2020-03-07,1.983127897860788
2020-03-08,2.102795178642061
2020-03-09,2.292727180879497
2020-03-10,2.30102984560562
2020-03-11,1.9181534021775015
2020-03-12,2.093592801323639
2020-03-13,1.9695444210084754
2020-03-14,1.9945961859355419
2020-03-15,2.1506437090516908
2020-03-16,1.918347603926093
2020-03-17,1.8227284720676453
2020-03-18,1.9823839293082588
2020-03-19,1.9614576583513632
2020-03-20,2.318292640540075
2020-03-21,1.952988470917148
2020-03-22,1.8835243252241196
2020-03-23,1.9348522409177398
2020-03-24,2.199281013846826
2020-03-25,2.260720184987466
2020-03-26,2.161953225699257
2020-03-27,2.2634325923826286
2020-03-28,2.1351857669167393
2020-03-29,2.067247808704971
2020-03-30,2.0730073766248687
2020-03-31,2.033037506252862
2020-04-01,1.8997000192854046
2020-04-02,1.8841170262750655
2020-04-03,1.8478102178402782
2020-04-04,1.8996164646258866
2020-04-05,1.8079716143523377
2020-04-06,1.931822675698479
2020-04-07,1.9132034764039556
2020-04-08,2.031378554009899
2020-04-09,2.740472554338607
2020-04-10,2.3357173660903316
2020-04-11,2.1963988051753
2020-04-12,2.204589079513643
2020-04-13,1.9734059097841592
2020-04-14,2.0497096500031473
2020-04-15,2.212744786146353
2020-04-16,2.1045746334404076
2020-04-17,1.874230152254517
2020-04-18,2.097587972939647
2020-04-19,2.170877346624154
2020-04-20,1.9396375095685403
2020-04-21,2.0394103293125094
2020-04-22,1.990073578383824
2020-04-23,2.157328356112512
2020-04-24,2.366600233632736
2020-04-25,2.5177583639528107
2020-04-26,2.4202477323898397
2020-04-27,2.226200245538982
2020-04-28,2.222167182886338
2020-04-29,2.4714845994325616
2020-04-30,2.4792350445126696
2020-05-01,2.8227417001569077
2020-05-02,2.9058347405570513
2020-05-03,2.8994494547016476
2020-05-04,2.456628094111419
2020-05-05,2.4141969739613707
2020-05-06,2.5095582965619907
2020-05-07,2.5572976675409613
2020-05-08,2.672052280355715
2020-05-09,2.802144460445066
2020-05-10,2.5092886922964013
2020-05-11,2.4240323915202926
2020-05-12,2.460380437962542
2020-05-13,3.4114957428084263
2020-05-14,3.258111642293748
2020-05-15,2.861525525610509
2020-05-16,3.414798027633657
2020-05-17,3.258602586034197
2020-05-18,2.80696463499075
2020-05-19,2.582565957830076
2020-05-20,2.4113011657785948
2020-05-21,2.3470073273145693
2020-05-22,2.134851274507319
2020-05-23,2.045652909163572
2020-05-24,3.083833085880104
2020-05-25,2.654778888518398
2020-05-26,2.4415998350015973
2020-05-27,2.278899006418108
2020-05-28,2.217825181826421
2020-05-29,2.0162768304524055
2020-05-30,2.428576122236537
2020-05-31,2.4116141973690013
2020-06-01,2.28800387778507
2020-06-02,2.2486563280536336
2020-06-03,2.108789935875805
2020-06-04,2.540762660205262
2020-06-05,2.1465863467530886
2020-06-06,2.1302429902193647
2020-06-07,2.1879770453463436
2020-06-08,2.533507104121808
2020-06-09,2.401882886474469
2020-06-10,2.2549758498138663
2020-06-11,2.147699578786179
2020-06-12,1.8816943346008617
2020-06-13,1.7929909203318661
2020-06-14,1.7753898101272565
2020-06-15,1.6555005639335538
2020-06-16,1.5976602257816004
2020-06-17,1.3495276293342127
2020-06-18,1.905343674611142
2020-06-19,2.1927424979020516
2020-06-20,2.295648256370751
2020-06-21,2.0969754895776456
2020-06-22,2.0884867927623514
2020-06-23,2.126859060279375
2020-06-24,1.9911784576279568
2020-06-25,2.1099434396703702
2020-06-26,1.8441276646264155
2020-06-27,1.793500481880548
2020-06-28,1.473741875517006
2020-06-29,2.2279166958539958
2020-06-30,2.018348893203097
2020-07-01,1.9998578092141048
2020-07-02,1.8329571734148755
2020-07-03,1.6379857614040005
2020-07-04,1.5620034075310203
2020-07-05,1.4991667025138522
2020-07-06,1.4655655359201925
2020-07-07,1.5699692638785567
2020-07-08,1.5494293457954127
2020-07-09,1.553324623692691
2020-07-10,1.5328172695951003
2020-07-11,1.695602317913453
2020-07-12,1.7873836820465707
2020-07-13,1.766786602884731
2020-07-14,1.7939502844047324
2020-07-15,1.7591388502042224
2020-07-16,1.6344184323556952
2020-07-17,1.8557768083602013
2020-07-18,1.8269930578555704
2020-07-19,1.7494443648399935
2020-07-20,1.8211876218501977
2020-07-21,1.7651604078356156
2020-07-22,1.6717368771513943
2020-07-23,1.662751747897637
2020-07-24,1.647694570901136
2020-07-25,1.6338549152314945
2020-07-26,1.3788108034160813
2020-07-27,1.1650105172315193
2020-07-28,1.5806281138650746
2020-07-29,1.401171083261252
2020-07-30,1.205724503337447
2020-07-31,1.0002151478641605
2020-08-01,0.14624106313147758
2020-08-02,0.6632422197859735
2020-08-03,1.5588975887164092
2020-08-04,1.720366446081682
2020-08-05,1.7286904827104994
2020-08-06,1.8266848149919919
2020-08-07,1.8458021350987306
2020-08-08,1.7151030727363303
2020-08-09,1.7546778087866601
2020-08-10,1.831117199263853
2020-08-11,1.9151256033605972
2020-08-12,1.7874288064765782
2020-08-13,1.8845706469969747
2020-08-14,1.812564117152896
2020-08-15,1.697372740338581
2020-08-16,1.7702426766029042
2020-08-17,1.875763146007918
2020-08-18,2.088241634251924
2020-08-19,1.913318503814869
2020-08-20,0.9424143364904669
2020-08-21,1.4905078985274738
2020-08-22,1.4358807742978246
2020-08-23,1.6727261674939162
2020-08-24,2.169144740667908
2020-08-25,2.0776363626567114
2020-08-26,2.2804274853049744
2020-08-27,2.2184077098415864
2020-08-28,2.331307270889827
2020-08-29,1.8334525308825598
2020-08-30,2.47396035630377
2020-08-31,2.2951918017435995
2020-09-01,2.2798936642587577
2020-09-02,2.092262481354496
2020-09-03,2.027347628223659
2020-09-04,2.1003923211150823
2020-09-05,2.160257284180249
2020-09-06,2.1127587916409736
2020-09-07,2.0806661079557136
2020-09-08,2.1910949497814234
2020-09-09,2.3416720570544767
2020-09-10,2.461465348367244
2020-09-11,2.3051200579288884
2020-09-12,2.0204002524581006
2020-09-13,2.0251638977973556
2020-09-14,2.111294625572612
2020-09-15,2.0831471159253474
2020-09-16,2.0623671350250437
2020-09-17,2.1417318936930907
2020-09-18,2.0187900679977004
2020-09-19,2.18216702400126
2020-09-20,2.2138091791532704
2020-09-21,1.846987034809947
2020-09-22,2.1666243386239663
2020-09-23,2.2865075984178254
2020-09-24,2.026293008822787
2020-09-25,1.9617639919791392
2020-09-26,2.0182362204138453
2020-09-27,2.0044398094336913
2020-09-28,2.486648538097312
2020-09-29,2.610419730735585
2020-09-30,2.463333306338707
2020-10-01,2.5381818163228416
2020-10-02,2.506587897220741
2020-10-03,2.237185982978378
2020-10-04,2.1268343506214777
2020-10-05,2.050246386895986
2020-10-06,2.0595423955035708
2020-10-07,1.9658126965298588
2020-10-08,2.223631870306057
2020-10-09,2.2522298780171273
2020-10-10,2.203802559194902
2020-10-11,2.2268425931424938
2020-10-12,2.4767102489749577
2020-10-13,2.6369242538711295
2020-10-14,2.2568632798886377
2020-10-15,2.4656852051574054
2020-10-16,2.5164185200208946
2020-10-17,2.4785680606815275
2020-10-18,2.632338675294873
2020-10-19,2.661422479925535
2020-10-20,2.6414427306991812
2020-10-21,2.581604836017704
2020-10-22,2.3702067865006873
2020-10-23,2.139898251862444
2020-10-24,1.9931625015681895
2020-10-25,2.131599474679912
2020-10-26,2.135878648908271
2020-10-27,2.0739280720211553
2020-10-28,2.1076727022862025
2020-10-29,2.615122961024631
2020-10-30,2.029885908180308
2020-10-31,2.0514040428261984
2020-11-01,2.179375669450697
2020-11-02,2.2100497229539506
2020-11-03,2.2488043234903863
2020-11-04,2.723302237191112
2020-11-05,3.1094857733283394
2020-11-06,3.070990665457467
2020-11-07,2.8636788329137475
2020-11-08,2.901172522446931
2020-11-09,3.647801250257852
2020-11-10,3.8893433590807374
2020-11-11,4.472425170475607
2020-11-12,3.2465555134784125
2020-11-13,3.100406886797405
2020-11-14,2.9688497747609377
2020-11-15,3.1132742473826394
2020-11-16,2.6415234206210307
2020-11-17,2.5557330865897967
2020-11-18,2.6230985427662183
2020-11-19,2.773962812990252
2020-11-20,3.570814204412984
2020-11-21,3.523770585200479
2020-11-22,3.931955278352117
2020-11-23,3.920323136828367
2020-11-24,4.161387528179742
2020-11-25,4.524507087539185
2020-11-26,4.60042966787421
2020-11-27,5.479515827373152
2020-11-28,4.495254746132566
2020-11-29,4.169909983925295
2020-11-30,3.45066752158726
2020-12-01,2.9877211514966735
2020-12-02,3.0037933301205437
2020-12-03,3.0514508992852054
2020-12-04,3.052980308770259
2020-12-05,4.09968185934251
2020-12-06,4.076694341982424
2020-12-07,4.1091841464506675
2020-12-08,4.0292872904864865
2020-12-09,3.9768820881193263
2020-12-10,4.063897954619863
2020-12-11,4.352572259260438
2020-12-12,4.328738015048972
2020-12-13,4.125977166573812
2020-12-14,4.059029489327735
2020-12-15,4.256743222066624
2020-12-16,3.885214673987179
2020-12-17,3.6249310181100336
2020-12-18,4.06192160708038
2020-12-19,4.28691150589108
2020-12-20,4.237799883478156
2020-12-21,4.396616190931013
2020-12-22,4.038323620878538
2020-12-23,4.0694879064652305
2020-12-24,3.8146475346743265
2020-12-25,3.7935116846787458
2020-12-26,3.6935736752423445
2020-12-27,3.549148898537164
2020-12-28,3.455754558472089
2020-12-29,3.3993515500838094
2020-12-30,2.283471420470062
2020-12-31,2.390639731642328
2021-01-01,3.1518743743184983
2021-01-02,4.121220955245504
2021-01-03,3.6810775946323893
2021-01-04,3.3941388424363703
2021-01-05,3.5143889483603075
2021-01-06,3.517693059430442
2021-01-07,3.4567232309667824
2021-01-08,3.485453333274962
2021-01-09,3.61809389110364
2021-01-10,3.626115766779381
2021-01-11,3.4715167619475977
2021-01-12,3.7031007517141172
2021-01-13,3.6430976163471165
2021-01-14,3.4190300941836154
2021-01-15,3.5421931111913536
2021-01-16,3.62694945801291
2021-01-17,3.6371949238292145
2021-01-18,3.504599961547931
2021-01-19,3.469882246871683
2021-01-20,3.4170356293101616
2021-01-21,3.4977954930052766
2021-01-22,3.5464125049309763
2021-01-23,3.651674295235681
2021-01-24,3.5042096553139706
2021-01-25,3.515008517390004
2021-01-26,3.4405854410430585
2021-01-27,3.454067121102043
2021-01-28,3.6264266434524153
2021-01-29,3.8789272329445175
2021-01-30,3.8150159957061764
2021-01-31,3.7658266124546835
2021-02-01,4.103256500614128
2021-02-02,3.9938002923610165
2021-02-03,3.8025125125897388
2021-02-04,3.692120750489871
2021-02-05,3.9162255079777006
2021-02-06,3.301019210289555
2021-02-07,3.469957020478911
2021-02-08,3.2770602858430635
2021-02-09,3.201811557194794
2021-02-10,3.459373868012812
2021-02-11,3.4304765238648955
2021-02-12,3.6969658601209066
2021-02-13,3.761531917246188
2021-02-14,3.438161953543029
2021-02-15,3.656206217481956
2021-02-16,3.704685928707619
2021-02-17,3.4363924891155575
2021-02-18,3.3817886809300046
2021-02-19,3.2990686636539612
2021-02-20,3.4718921991699547
2021-02-21,3.468429305195616
2021-02-22,3.410673453109892
2021-02-23,3.4910606487812963
2021-02-24,3.409678917336408
2021-02-25,3.263292739472124
2021-02-26,3.4958483524132786
2021-02-27,3.7276330546935315
2021-02-28,3.4868224481503267
2021-03-01,3.2535469518505744
2021-03-02,3.0002589593346967
2021-03-03,3.6442723372928096
2021-03-04,3.870767442139159
2021-03-05,3.6693741443752153
2021-03-06,3.9932561677859537
2021-03-07,4.44811265548381
2021-03-08,3.6842443358741646
2021-03-09,3.491126814452847
2021-03-10,3.835977472667307
2021-03-11,3.6014703039442333
2021-03-12,4.022903064116578
2021-03-13,3.8835900678644353
2021-03-14,4.417000682934635
2021-03-15,4.098645520010998
2021-03-16,4.185750125983287
2021-03-17,4.127075631717528
2021-03-18,4.454135792867826
2021-03-19,4.461613483230806
2021-03-20,4.240296734121069
2021-03-21,4.517880291443068
2021-03-22,3.9764132104532184
2021-03-23,4.065054916861721
2021-03-24,3.792822767205543
2021-03-25,3.970692442996376
2021-03-26,3.9072923931383254
2021-03-27,3.663271050301869
2021-03-28,3.9773228300855474
2021-03-29,4.05483997749212
2021-03-30,3.724865292336315
2021-03-31,3.7730947655097897
2021-04-01,3.7232901144813475
2021-04-02,3.520002331628722
2021-04-03,4.071805683639461
2021-04-04,4.383487620649028
2021-04-05,3.809039287560503
2021-04-06,3.360788102394703
2021-04-07,3.7980480945015223
2021-04-08,3.754721339971601
2021-04-09,3.817876909568223
2021-04-10,4.678133071105475
2021-04-11,4.263365637793924
2021-04-12,3.5591820606258464
2021-04-13,3.434204876397904
2021-04-14,3.4600583239945033
2021-04-15,3.463535510452375
2021-04-16,4.074300729570724
2021-04-17,4.508316350609802
2021-04-18,4.451681178809894
2021-04-19,3.8941486979030335
2021-04-20,3.789105229328137
2021-04-21,3.7536848074881513
2021-04-22,4.017921696786103
2021-04-23,4.460004978865742
2021-04-24,4.580128179136253
2021-04-25,4.306718757184515
2021-04-26,3.854496714917117
2021-04-27,3.4058443652210264
2021-04-28,3.417503863050289
2021-04-29,3.624575692817524
2021-04-30,4.412886623876162
2021-05-01,4.941286589371325
2021-05-02,4.798596652656504
2021-05-03,4.730484083113654
2021-05-04,4.904833441629117
2021-05-05,4.779951043270677
2021-05-06,4.916603681828318
2021-05-07,5.12980621362739
2021-05-08,4.834761532588464
2021-05-09,4.709662451732473
2021-05-10,4.789209838394414
2021-05-11,4.557029987205058
2021-05-12,4.3190482604969835
2021-05-13,3.899019074447044
2021-05-14,4.286343516357833
2021-05-15,4.148239467041017
2021-05-16,4.233489055263211
2021-05-17,3.7719084624044292
2021-05-18,3.6912374635162255
2021-05-19,3.3756620401019166
2021-05-20,3.660215584352537
2021-05-21,3.9872025259612
2021-05-22,4.673575405869749
2021-05-23,4.197961104829246
2021-05-24,3.8310353735017366
2021-05-25,4.027772755382626
2021-05-26,4.056820371389229
2021-05-27,3.998970639814033
2021-05-28,3.8830967860315972
2021-05-29,4.442491701641774
2021-05-30,4.333441538362751
2021-05-31,3.606459960165335
2021-06-01,4.059263935298595
2021-06-02,3.8351803265890045
2021-06-03,3.7805307178813017
2021-06-04,3.7646924495177956
2021-06-05,3.5651998163238323
2021-06-06,4.39721681043007
2021-06-07,4.092114863632993
2021-06-08,4.0670877858752705
2021-06-09,4.034414445278665
2021-06-10,3.9707067251999337
2021-06-11,3.8406344129259677
2021-06-12,3.6857219029783375
2021-06-13,4.390538473386632
2021-06-14,4.018625284049202
2021-06-15,3.8571567250722354
2021-06-16,4.056415518780449
2021-06-17,3.9860418351841327
2021-06-18,4.134220434336157
2021-06-19,4.034474229960678
2021-06-20,4.463537047933901
2021-06-21,4.393732818451545
2021-06-22,3.997300351016024
2021-06-23,3.796587692720022
2021-06-24,3.749748745134471
2021-06-25,3.876790787734592
2021-06-26,3.5052974200533855
2021-06-27,4.216899838269169
2021-06-28,3.7885995839591065
2021-06-29,3.815411945455525
2021-06-30,3.4912197377918104
2021-07-01,4.022763627810798
2021-07-02,4.138953061604108
2021-07-03,4.365841120224109
2021-07-04,4.30526472754845
2021-07-05,4.533477399945207
2021-07-06,4.10839290571484
2021-07-07,4.345073790343834
2021-07-08,4.553986968341033
2021-07-09,4.571174998763076
2021-07-10,4.570185235695689
2021-07-11,4.544560873143769
2021-07-12,4.562430364715163
2021-07-13,4.4583890463376274
2021-07-14,4.425353342652177
2021-07-15,4.655648395308687
2021-07-16,4.555015330719245
2021-07-17,4.614488243128537
2021-07-18,4.379907351682673
2021-07-19,4.602826686895391
2021-07-20,4.541977460962881
2021-07-21,4.384238136109481
2021-07-22,4.584415494977075
2021-07-23,4.4528082977306465
2021-07-24,4.534514062038187
2021-07-25,4.517272615092567
2021-07-26,4.620581217711167
2021-07-27,4.78057791282505
2021-07-28,4.579150421865088
2021-07-29,4.546964255015683
2021-07-30,4.2351160142167625
2021-07-31,4.466359136327334
2021-08-01,4.022771277904956
2021-08-02,4.138960837229498
2021-08-03,4.365846576230478
2021-08-04,4.305269810053973
2021-08-05,4.533483692383837
2021-08-06,4.108397797033519
2021-08-07,4.345080119361206
2021-08-08,4.553994580569728
2021-08-09,4.571181483535275
2021-08-10,4.570190434977831
2021-08-11,4.544566145641022
2021-08-12,4.5624364707660385
2021-08-13,4.4583936642859925
2021-08-14,4.425359157451602
2021-08-15,4.6556545586235405
2021-08-16,4.555020983025825
2021-08-17,4.6144929878923495
2021-08-18,4.379912521089015
2021-08-19,4.602832217218495
2021-08-20,4.541982621547588
2021-08-21,4.384243985208446
2021-08-22,4.584422391437224
2021-08-23,4.452813378919227
2021-08-24,4.534518765202747
2021-08-25,4.517277509281115
2021-08-26,4.62058755121679
2021-08-27,4.780583583630366
2021-08-28,4.5791568210233455
2021-08-29,4.546971437877614
2021-08-30,4.235122798047642
2021-08-31,4.466364605031783
2021-09-01,4.901054061248965
2021-09-02,4.804863442299214
2021-09-03,4.772322669959591
2021-09-04,4.601405622814763
2021-09-05,5.101432788461824
2021-09-06,5.072452719704693
2021-09-07,4.893032818165734
2021-09-08,4.930863799574989
2021-09-09,4.702495148812124
2021-09-10,5.470582835426322
2021-09-11,4.6636341292254375
2021-09-12,5.053722039249466
2021-09-13,5.502391468638943
2021-09-14,5.389617365902398
2021-09-15,4.993483876402899
2021-09-16,5.707626856519465
2021-09-17,5.158665457181999
2021-09-18,5.008220701251728
2021-09-19,5.6470096263116485
2021-09-20,5.159233370641183
2021-09-21,4.99086124717577
2021-09-22,5.812744597760253
2021-09-23,5.452351102151063
2021-09-24,5.042168369493555
2021-09-25,4.962126553378814
2021-09-26,4.9107003599714885
2021-09-27,5.083813698302137
2021-09-28,4.851099810831039
2021-09-29,5.616892850980619
2021-09-30,4.777571706063839
2021-10-01,3.9035355998382566
2021-10-02,3.7078541803684573
2021-10-03,3.4031775471652055
2021-10-04,4.321950594929696
2021-10-05,5.66416654683924
2021-10-06,5.082412917051493
2021-10-07,4.833818051815955
2021-10-08,5.771047745916647
2021-10-09,5.655620543646098
2021-10-10,5.334241903226497
2021-10-11,5.56444851628564
2021-10-12,5.460206974495366
2021-10-13,5.455667353324285
2021-10-14,5.644428532899957
2021-10-15,5.528497043377226
2021-10-16,5.666383203509858
2021-10-17,6.075404301326256
2021-10-18,5.583072779388391
2021-10-19,5.714607208670238
2021-10-20,5.256739005887424
2021-10-21,5.640621248752709
2021-10-22,5.384058884859272
2021-10-23,5.597289357856984
2021-10-24,4.872871399637925
2021-10-25,5.602648557391375
2021-10-26,5.49185678391519
2021-10-27,5.820955305248551
2021-10-28,5.608594356091823
2021-10-29,5.904601908686388
2021-10-30,5.879866163538145
2021-10-31,5.207512246680102
2021-11-01,6.069854102787605
2021-11-02,6.408525247197088
2021-11-03,6.347852338169369
2021-11-04,6.110120312354681
2021-11-05,5.651223090986454
2021-11-06,5.846661379468269
2021-11-07,6.079211945899663
2021-11-08,5.705269011529523
2021-11-09,5.257897216271853
2021-11-10,6.300715738361596
2021-11-11,6.812971503674166
2021-11-12,5.736771144849211
2021-11-13,5.7160412028789125
2021-11-14,5.841832006923734
2021-11-15,5.729669952464922
2021-11-16,5.246897265128227
2021-11-17,5.085562212018793
2021-11-18,4.889570098533284
2021-11-19,5.345491796243618
2021-11-20,5.578338151710881
2021-11-21,5.7933880665722395
2021-11-22,6.042776137305255
2021-11-23,5.758620245049226
2021-11-24,6.407877822099951
2021-11-25,6.684876853798196
2021-11-26,7.265857419263985
2021-11-27,6.244037535759781
2021-11-28,6.093719317112296
2021-11-29,5.2934368544191015
2021-11-30,5.180236649709053
2021-12-01,5.368118293987556
2021-12-02,5.705595786260741
2021-12-03,5.493722089656515
2021-12-04,5.6541150472800155
2021-12-05,5.765002434935517
2021-12-06,5.5504654667096744
2021-12-07,5.353825553391137
2021-12-08,5.715754638490951
2021-12-09,6.431999595855402
2021-12-10,6.301044582446112
2021-12-11,6.400735820882827
2021-12-12,6.945002840388051
2021-12-13,6.281155969671098
2021-12-14,6.447239196460089
2021-12-15,6.712124790216675
2021-12-16,5.920603940679033
2021-12-17,5.7962733132115085
2021-12-18,6.566459996325351
2021-12-19,6.862355551363693
2021-12-20,5.965705803068619
2021-12-21,5.6467501470015415
2021-12-22,5.440929393830585
2021-12-23,5.478701497035608
2021-12-24,5.457940272902889
2021-12-25,5.345538214529945
2021-12-26,5.7530340282118
2021-12-27,5.349006817458802
2021-12-28,5.1244670789308
2021-12-29,5.162116163892806
2021-12-30,4.942134461038896
2021-12-31,3.9818518907344154
2022-01-01,4.853237321800822
2022-01-02,5.423971921181488
2022-01-03,5.051896533754117
2022-01-04,4.783395645990895
2022-01-05,5.39001301655915
2022-01-06,5.151128720343527
2022-01-07,5.052453684465261
2022-01-08,5.209331496920168
2022-01-09,5.641975602245532
2022-01-10,5.414202198683334
2022-01-11,5.0757356417323685
2022-01-12,5.482208824738094
2022-01-13,5.443172010633207
2022-01-14,5.08148223820934
2022-01-15,5.273055795834962
2022-01-16,5.538775887591285
2022-01-17,5.461081457875149
2022-01-18,5.522372167283859
2022-01-19,5.674283652153465
2022-01-20,5.585937621566222
2022-01-21,5.684949931137828
2022-01-22,5.7314296328505785
2022-01-23,5.896611780863719
2022-01-24,5.46683493271817
2022-01-25,5.587409961320623
2022-01-26,5.6173832332314655
2022-01-27,5.64625830494804
2022-01-28,5.595511178272159
2022-01-29,6.122356936671879
2022-01-30,5.825395815521547
2022-01-31,5.806164994969363
2022-02-01,6.631785449603084
2022-02-02,6.150337679789104
2022-02-03,5.71770830308056
2022-02-04,5.808426404983486
2022-02-05,5.968235900737136
2022-02-06,6.1235235519606395
2022-02-07,5.850471159735674
2022-02-08,6.393550837990447
2022-02-09,6.043439877173019
2022-02-10,5.925112222311752
2022-02-11,5.7060533956805735
2022-02-12,6.099980351068287
2022-02-13,6.028112313877942
2022-02-14,5.751853680939128
2022-02-15,5.948286877598099
2022-02-16,5.839314107234834
2022-02-17,5.652770120545677
2022-02-18,5.773458740087096
2022-02-19,5.474291278798543
2022-02-20,5.697244294701514
2022-02-21,5.43013702863877
2022-02-22,5.555007142100644
2022-02-23,5.773592660433056
2022-02-24,5.188023754594707
2022-02-25,5.201768689498309
2022-02-26,5.869655566969426
2022-02-27,6.735350463081921
2022-02-28,5.7616897133465255
2022-03-01,5.361490201924408
2022-03-02,5.4758644309799545
2022-03-03,5.579355850324389
2022-03-04,5.201394029465771
2022-03-05,5.1761365587369035
2022-03-06,5.627904493853184
2022-03-07,5.6623985343821195
2022-03-08,5.368684955536209
2022-03-09,5.356259190057072
2022-03-10,5.689605676688707
2022-03-11,5.754468505462745
2022-03-12,5.722055179038401
2022-03-13,5.937497051302328
2022-03-14,5.270386390008404
2022-03-15,5.1176642992442645
2022-03-16,5.2121742222388665
2022-03-17,5.194754680821999
2022-03-18,5.625041702374418
2022-03-19,5.871540837062556
2022-03-20,5.846220936047434
2022-03-21,5.360720581938384
2022-03-22,5.418717196017474
2022-03-23,5.127774475861596
2022-03-24,5.272837267480519
2022-03-25,5.1500214327831255
2022-03-26,5.007624791055108
2022-03-27,5.139114712831841
2022-03-28,5.127664470767394
2022-03-29,5.210767824490573
2022-03-30,5.28036129486023
2022-03-31,5.37972927548993
2022-04-01,4.4589195500146275
2022-04-02,4.621144070945112
2022-04-03,5.151709751082841
2022-04-04,4.825869166631497
2022-04-05,5.5394337860818155
2022-04-06,5.695127837724053
2022-04-07,5.925696132864355
2022-04-08,5.666127866936249
2022-04-09,5.558221723333338
2022-04-10,5.667782797549742
2022-04-11,5.879696493387594
2022-04-12,5.638072168114912
2022-04-13,5.747489337929249
2022-04-14,5.727792044030815
2022-04-15,5.533496603683458
2022-04-16,5.820137503229806
2022-04-17,6.445753317323116
2022-04-18,6.268653663708454
2022-04-19,5.970012808379657
2022-04-20,5.784734117142898
2022-04-21,5.928855522625554
2022-04-22,5.7511783828915055
2022-04-23,5.738924819632941
2022-04-24,6.171656897945745
2022-04-25,6.0899758549276335
2022-04-26,5.845467894053752
2022-04-27,5.6485506395495015
2022-04-28,5.664031738581723
2022-04-29,5.285504962754269
2022-04-30,5.383978699622802
2022-05-01,5.219661537124841
2022-05-02,4.089597285375134
2022-05-03,4.642968831445016
2022-05-04,5.067222870893265
2022-05-05,5.56101689237571
2022-05-06,5.658484398990735
2022-05-07,5.411366688937159
2022-05-08,5.049250767244956
2022-05-09,5.227357056246741
2022-05-10,5.439438526035037
2022-05-11,5.104087787070658
2022-05-12,5.188239347331322
2022-05-13,5.142628063156506
2022-05-14,4.9973470811221565
2022-05-15,5.265436978040652
2022-05-16,5.356406673008261
2022-05-17,5.286671507024129
2022-05-18,5.150590997861935
2022-05-19,5.472594029880788
2022-05-20,5.016343873968392
2022-05-21,4.985422774247707
2022-05-22,5.250917668470995
2022-05-23,4.9735334625054755
2022-05-24,5.050854101965189
2022-05-25,5.102105267888566
2022-05-26,5.241874189097215
2022-05-27,4.937824284857606
2022-05-28,5.071970277553448
2022-05-29,5.245883269422668
2022-05-30,5.4375014074479715
2022-05-31,5.17736941484272
2022-06-01,5.129626703739458
2022-06-02,5.0574362435649025
2022-06-03,5.200858752365095
2022-06-04,4.495283868414035
2022-06-05,4.890020677270853
2022-06-06,5.151770698841117
2022-06-07,4.990881034273074
2022-06-08,4.759002530303935
2022-06-09,4.9858488306286946
2022-06-10,5.054208688317877
2022-06-11,5.155693160215337
2022-06-12,5.632876535487742
2022-06-13,5.403098438692845
2022-06-14,5.024217059749111
2022-06-15,5.015567068813361
2022-06-16,4.991488047288128
2022-06-17,4.94995252056433
2022-06-18,4.99252997013424
2022-06-19,4.774183215996462
2022-06-20,5.434152408313747
2022-06-21,6.066969949996648
2022-06-22,5.246004333054094
2022-06-23,4.959878741298743
2022-06-24,5.094286032997962
2022-06-25,4.758295418593621
2022-06-26,4.9571112526033225
2022-06-27,5.297106369923561
2022-06-28,5.1351912110583795
2022-06-29,5.072494417431233
2022-06-30,5.0472029402268594
2022-07-01,5.471899463913402
2022-07-02,4.713749908037074
2022-07-03,4.786417559940304
2022-07-04,5.317164538090981
2022-07-05,5.096623180221308
2022-07-06,5.1841207881798725
2022-07-07,4.792992487332039
2022-07-08,3.9314823138160397
2022-07-09,3.519596486644629
2022-07-10,4.1350224068897745
2022-07-11,4.1366173816807486
2022-07-12,4.313483955794745
2022-07-13,4.486019360668851
2022-07-14,4.523951594674566
2022-07-15,4.343252449075729
2022-07-16,4.461461811543462
2022-07-17,4.485842352875547
2022-07-18,4.29365653403325
2022-07-19,5.447594290844814
2022-07-20,5.043211065626809
2022-07-21,5.0662627375576825
2022-07-22,5.217627937129633
2022-07-23,4.79659540689691
2022-07-24,4.731002552480831
2022-07-25,5.2251585629079935
2022-07-26,5.153946023824412
2022-07-27,4.986964653733806
2022-07-28,4.9901415970922365
2022-07-29,4.573301523261668
2022-07-30,4.7166164998526305
2022-07-31,4.568873542668034
2022-08-01,4.935680627590969
2022-08-02,5.211801980615451
2022-08-03,4.943864678130786
2022-08-04,4.873168290142992
2022-08-05,4.911792562419382
2022-08-06,4.671629180014589
2022-08-07,4.778276147758716
2022-08-08,5.08253151353424
2022-08-09,4.885135325901919
2022-08-10,4.846546517972436
2022-08-11,5.158848281269091
2022-08-12,4.793404580665221
2022-08-13,4.635848368586629
2022-08-14,4.6608670882368886
2022-08-15,4.4006353826492415
2022-08-16,4.806700717792791
2022-08-17,4.928523339991035
2022-08-18,5.412222704284058
2022-08-19,5.265470328798621
2022-08-20,4.856440167602447
2022-08-21,4.974018593805093
2022-08-22,5.020805256870381
2022-08-23,4.954959740428854
2022-08-24,5.259204480666551
2022-08-25,5.294200518533292
2022-08-26,4.961538468258539
2022-08-27,4.7808499566748175
2022-08-28,4.763612876066864
2022-08-29,4.986897444499138
2022-08-30,5.065456515699832
2022-08-31,5.223133627478703
2022-09-01,5.501954412722102
2022-09-02,5.417370661850608
2022-09-03,4.848406221917637
2022-09-04,5.1163821049117
2022-09-05,5.392283230819489
2022-09-06,5.510210236396912
2022-09-07,5.305337828741058
2022-09-08,5.150635870930068
2022-09-09,5.103469842728442
2022-09-10,4.732923199405109
2022-09-11,4.997085877537444
2022-09-12,5.021055921914389
2022-09-13,5.261658489365666
2022-09-14,5.049883889841961
2022-09-15,5.397513966740095
2022-09-16,5.6654464672592955
2022-09-17,5.146716499611248
2022-09-18,5.4329310868492815
2022-09-19,5.110840852434707
2022-09-20,5.93007263292732
2022-09-21,4.858456538222878
2022-09-22,5.041295768408627
2022-09-23,5.088028553650769
2022-09-24,4.950850814988615
2022-09-25,5.008680486665719
2022-09-26,4.5868797378118344
2022-09-27,4.727073656422695
2022-09-28,4.529026052039474
2022-09-29,4.667604427507492
2022-09-30,4.55712242910792
2022-10-01,4.730758859767574
2022-10-02,4.8823787249635355
2022-10-03,4.690709862487391
2022-10-04,4.78507543852526
2022-10-05,4.548261651720936
2022-10-06,5.031902651736413
2022-10-07,5.573717478054775
2022-10-08,5.748616337349455
2022-10-09,5.757546459690941
2022-10-10,5.245892267020934
2022-10-11,4.774197314943175
2022-10-12,4.63519901354199
2022-10-13,4.496670936277215
2022-10-14,4.702866774677104
2022-10-15,4.8525354248147
2022-10-16,5.090375585507961
2022-10-17,5.1094895122771655
2022-10-18,5.099596866308087
2022-10-19,4.71192050251834
2022-10-20,5.0839491465091164
2022-10-21,4.96838277432284
2022-10-22,5.002396070142549
2022-10-23,5.528090205468493
2022-10-24,5.021681617831904
2022-10-25,5.035014532121503
2022-10-26,4.659061428595458
2022-10-27,4.797165367256383
2022-10-28,4.80397607004394
2022-10-29,4.736069318849168
2022-10-30,5.224918803218255
2022-10-31,4.993578673970797
2022-11-01,5.2271014538588725
2022-11-02,5.357220458799505
2022-11-03,5.7123898437846234
2022-11-04,5.4619452875375165
2022-11-05,5.779052944908992
2022-11-06,6.084379559674785
2022-11-07,5.980743649860089
2022-11-08,5.885548843213572
2022-11-09,5.9420060077236645
2022-11-10,5.937344314980402
2022-11-11,10.0
2022-11-12,7.20321152896025
2022-11-13,6.182305112736598
2022-11-14,5.301912479139484
2022-11-15,4.983579929303116
2022-11-16,5.325671937674676
2022-11-17,5.512446662868885
2022-11-18,5.438492404473659
2022-11-19,5.1837828861180215
2022-11-20,5.58527101450448
2022-11-21,5.480262705796266
2022-11-22,6.132382388470283
2022-11-23,6.200323700462453
2022-11-24,7.333026150724353
2022-11-25,9.690972226712887
2022-11-26,7.978367731269063
2022-11-27,6.8199266954236855
2022-11-28,5.778077126523939
2022-11-29,5.218384385636066
2022-11-30,5.979643060056397
2022-12-01,5.835024602167324
2022-12-02,5.912655915929797
2022-12-03,5.985600308949145
2022-12-04,6.169517148282974
2022-12-05,5.9564072001037065
2022-12-06,6.357820492861138
2022-12-07,7.006229848553168
2022-12-08,6.373149778749955
2022-12-09,6.41685274544432
2022-12-10,6.069212069746519
2022-12-11,6.9677773303149095
2022-12-12,6.798302410564664
2022-12-13,6.614207808203617
2022-12-14,6.109734904377415
2022-12-15,6.23728609384798
2022-12-16,6.48743935040729
2022-12-17,5.666050615941003
2022-12-18,6.030361208128758
2022-12-19,6.242100957137121
2022-12-20,6.847078323867199
2022-12-21,7.902363330936527
2022-12-22,6.52148797418643
2022-12-23,6.373676178173362
2022-12-24,5.902146511797163
2022-12-25,6.367032207444682
2022-12-26,6.342306455782229
2022-12-27,5.947791139773484
2022-12-28,5.979939986490191
2022-12-29,5.729939340315998
2022-12-30,5.6057668076184255
2022-12-31,4.663425468719068
2023-01-01,5.166112967016333
2023-01-02,6.84383732527653
2023-01-03,6.1687221555976866
2023-01-04,5.432917330104502
2023-01-05,5.437021911645519
2023-01-06,5.6189982270514705
2023-01-07,5.32558307202858
2023-01-08,5.566300993893839
2023-01-09,5.899982137826109
2023-01-10,6.1145878385042
2023-01-11,5.859837886037525
2023-01-12,5.759079454746878
2023-01-13,6.018857968497234
2023-01-14,5.459809217952612
2023-01-15,5.739187287940891
2023-01-16,5.716026621971827
2023-01-17,5.706794907737097
2023-01-18,5.3129078586645
2023-01-19,5.143888513514593
2023-01-20,5.091320496748507
2023-01-21,4.98895771854789
2023-01-22,5.533089672012496
2023-01-23,5.684867867615112
2023-01-24,5.387531140045155
2023-01-25,5.610378440735644
2023-01-26,5.380757556275335
2023-01-27,5.207602003234465
2023-01-28,5.918617699744971
2023-01-29,6.1996102640672115
2023-01-30,5.999694760396327
2023-01-31,5.712207028520421
2023-02-01,5.912801139180807
2023-02-02,5.824246898173175
2023-02-03,6.177554045490079
2023-02-04,5.971129222113091
2023-02-05,6.589208992847576
2023-02-06,5.306474943117533
2023-02-07,4.7847608519764515
2023-02-08,4.7873354182158785
2023-02-09,4.976930581566291
2023-02-10,5.065346431769012
2023-02-11,5.23644236908781
2023-02-12,5.700860545089123
2023-02-13,5.591565220815177
2023-02-14,5.301687894459157
2023-02-15,5.526837457144396
2023-02-16,5.5034318255246255
2023-02-17,5.369998021896329
2023-02-18,5.313454961034582
2023-02-19,5.476339181642458
2023-02-20,5.357929972801038
2023-02-21,5.219322335905075
2023-02-22,5.2173231679790435
2023-02-23,5.329852737373548
2023-02-24,5.401390302625943
2023-02-25,5.285549862977568
2023-02-26,5.77582562430838
2023-02-27,5.639924571213767
2023-02-28,5.751395645380212
2023-03-01,5.732782928771295
2023-03-02,6.485666710623015
2023-03-03,5.256966074093336
2023-03-04,5.080125642162741
2023-03-05,5.607321587285518
2023-03-06,5.160552932253766
2023-03-07,5.5510514158832125
2023-03-08,4.789763741211867
2023-03-09,4.999723875983689
2023-03-10,4.702641252712562
2023-03-11,4.937700909396066
2023-03-12,5.445570058238415
2023-03-13,5.466676476043981
2023-03-14,5.369241568180849
2023-03-15,5.793250896545556
2023-03-16,6.703815454889477
2023-03-17,6.317215670898361
2023-03-18,5.861802857356172
2023-03-19,5.9267588818573405
2023-03-20,5.603412211324709
