date,transactions
2015-10-01,4.004739185
2015-10-02,4.139078221
2015-10-03,2.5405154550000004
2015-10-04,2.2650591120000003
2015-10-05,4.001959428
2015-10-06,3.879911532
2015-10-07,3.955434382
2015-10-08,3.810449696
2015-10-09,3.964331574
2015-10-10,2.685078198
2015-10-11,2.315029565
2015-10-12,3.890060324
2015-10-13,3.883056909
2015-10-14,5.521642908999999
2015-10-15,4.811931086
2015-10-16,4.319909407
2015-10-17,2.692156643
2015-10-18,2.965587888
2015-10-19,4.265331023
2015-10-20,4.3142608010000005
2015-10-21,3.645584744
2015-10-22,4.710344816999999
2015-10-23,3.713935528
2015-10-24,2.492513792
2015-10-25,2.376869164
2015-10-26,5.173279444
2015-10-27,3.8148560799999993
2015-10-28,3.519336622
2015-10-29,2.8503605050000003
2015-10-30,4.533512173
2015-10-31,2.913043887
2015-11-01,2.464022202
2015-11-02,4.289561617
2015-11-03,4.440218258
2015-11-04,3.663590036
2015-11-05,3.551536158
2015-11-06,3.65065679
2015-11-07,2.5350496170000003
2015-11-08,2.6894612490000003
2015-11-09,4.105528588
2015-11-10,3.83327863
2015-11-11,3.699070931000001
2015-11-12,3.941891788
2015-11-13,3.52682749
2015-11-14,3.894307289
2015-11-15,2.533296461
2015-11-16,5.696488014
2015-11-17,4.186161123
2015-11-18,4.960239233999999
2015-11-19,3.970702117000001
2015-11-20,4.429427265999999
2015-11-21,2.695203633
2015-11-22,2.8937589
2015-11-23,4.334609979
2015-11-24,4.117402496
2015-11-25,4.116975906
2015-11-26,4.412776648
2015-11-27,3.904038848
2015-11-28,2.77797828
2015-11-29,2.349071424
2015-11-30,5.323425175
2015-12-01,4.431653936
2015-12-02,3.814799886
2015-12-03,3.776679862
2015-12-04,3.663815042
2015-12-05,2.618743133
2015-12-06,2.126707454
2015-12-07,4.161044621
2015-12-08,4.460093989000001
2015-12-09,3.841252379
2015-12-10,4.14917545
2015-12-11,3.994229538
2015-12-12,2.81188887
2015-12-13,2.539699837
2015-12-14,6.315573363
2015-12-15,4.563672521
2015-12-16,4.363434385
2015-12-17,4.035588732
2015-12-18,4.850613618000001
2015-12-19,2.789420936
2015-12-20,2.3696642759999995
2015-12-21,4.416958048
2015-12-22,4.673856023
2015-12-23,3.950132697
2015-12-24,3.86857208
2015-12-25,4.104455192
2015-12-26,3.604511403
2015-12-27,2.476210167
2015-12-28,4.250293004
2015-12-29,4.160477402
2015-12-30,4.952190567
2015-12-31,3.887285188
2016-01-01,1.668774551
2016-01-02,2.889094628
2016-01-03,2.4317195110000003
2016-01-04,4.313257653
2016-01-05,4.133710884
2016-01-06,4.037932552999999
2016-01-07,4.452978072
2016-01-08,4.034913672
2016-01-09,2.850810483
2016-01-10,2.81839067
2016-01-11,4.410484426
2016-01-12,4.2419817900000005
2016-01-13,6.579451175999999
2016-01-14,4.240402002
2016-01-15,5.004804863
2016-01-16,3.14962546
2016-01-17,2.947170056
2016-01-18,4.897523025
2016-01-19,4.48228066
2016-01-20,4.840750801
2016-01-21,4.88204433
2016-01-22,4.182907847000001
2016-01-23,3.1756701850000004
2016-01-24,2.609044421
2016-01-25,5.370273662000001
2016-01-26,4.720915407
2016-01-27,4.66223999
2016-01-28,4.591554653
2016-01-29,5.483761952
2016-01-30,3.703833504
2016-01-31,2.908389087
2016-02-01,5.581499673
2016-02-02,4.000923491
2016-02-03,3.751432103
2016-02-04,3.919761289
2016-02-05,4.061384971
2016-02-06,3.194734897
2016-02-07,2.54473897
2016-02-08,4.307112066
2016-02-09,3.996634224
2016-02-10,4.233154837
2016-02-11,4.196553592999999
2016-02-12,3.984568221
2016-02-13,2.951839004
2016-02-14,4.533685492
2016-02-15,4.824376784
2016-02-16,4.151472382000001
2016-02-17,4.037496576000001
2016-02-18,4.719218532999999
2016-02-19,3.805682391
2016-02-20,3.167138534
2016-02-21,2.5250179799999994
2016-02-22,5.081265355999999
2016-02-23,3.949846762
2016-02-24,3.880933369
2016-02-25,3.846783804
2016-02-26,4.435061879999999
2016-02-27,3.094761115
2016-02-28,2.56700541
2016-02-29,5.084199765
2016-03-01,4.673480984999999
2016-03-02,3.967716059
2016-03-03,3.966806634
2016-03-04,4.11480086
2016-03-05,3.204344547
2016-03-06,2.658878872
2016-03-07,4.598998719
2016-03-08,4.777973617
2016-03-09,4.226198438
2016-03-10,4.336780423
2016-03-11,3.983893196
2016-03-12,2.988646543
2016-03-13,2.947891905
2016-03-14,6.603306673999999
2016-03-15,4.867250171
2016-03-16,4.515131854
2016-03-17,4.123383926000001
2016-03-18,5.157346035999999
2016-03-19,3.07086337
2016-03-20,2.977864863
2016-03-21,4.415270484
2016-03-22,5.187867421
2016-03-23,4.355137182
2016-03-24,4.154758444
2016-03-25,4.3363631
2016-03-26,3.676274805
2016-03-27,2.814054592
2016-03-28,4.73172984
2016-03-29,4.529208809
2016-03-30,5.351194896000001
2016-03-31,4.803779197
2016-04-01,4.394335433999999
2016-04-02,3.0799901700000003
2016-04-03,2.704499211
2016-04-04,4.362267116
2016-04-05,4.355160669
2016-04-06,4.498560924
2016-04-07,4.27399384
2016-04-08,4.1368656260000005
2016-04-09,2.9224520170000003
2016-04-10,2.886628948
2016-04-11,4.514817701
2016-04-12,4.331070733
2016-04-13,7.056331643
2016-04-14,4.389685228
2016-04-15,5.058684888
2016-04-16,3.002170357
2016-04-17,3.52409454
2016-04-18,4.580416838
2016-04-19,4.050537747
2016-04-20,4.491004348
2016-04-21,4.887317985
2016-04-22,4.057667711000001
2016-04-23,2.729568845
2016-04-24,2.240331683
2016-04-25,5.448013839000001
2016-04-26,4.189564338
2016-04-27,4.187520452
2016-04-28,4.192386339
2016-04-29,4.881069322
2016-04-30,3.562645893
2016-05-01,2.9580594599999994
2016-05-02,4.70944005
2016-05-03,4.147609762
2016-05-04,4.4295163330000005
2016-05-05,4.244367845
2016-05-06,4.407803139
2016-05-07,3.054362727
2016-05-08,2.804411947
2016-05-09,4.549112574
2016-05-10,4.585816974
2016-05-11,4.244391201
2016-05-12,4.10624581
2016-05-13,4.390749415
2016-05-14,4.789589598999999
2016-05-15,3.1239792950000003
2016-05-16,4.973730359000001
2016-05-17,4.344355589999999
2016-05-18,5.205244517
2016-05-19,3.210021264
2016-05-20,4.163018162
2016-05-21,2.9791727420000003
2016-05-22,3.436566573
2016-05-23,4.491402863999999
2016-05-24,4.282801868
2016-05-25,4.420595713000001
2016-05-26,4.700346021
2016-05-27,4.2555900200000005
2016-05-28,2.626459043
2016-05-29,3.704175814000001
2016-05-30,5.275953196
2016-05-31,4.887697738
2016-06-01,4.507115830000001
2016-06-02,4.221970173
2016-06-03,3.874919206
2016-06-04,2.9647441490000004
2016-06-05,3.308105932
2016-06-06,4.608749036000001
2016-06-07,4.578298052
2016-06-08,4.189461222
2016-06-09,4.129332559
2016-06-10,4.409232750000001
2016-06-11,3.352638684
2016-06-12,2.959025175
2016-06-13,5.083491905
2016-06-14,6.337994478
2016-06-15,5.059083282
2016-06-16,3.904582632
2016-06-17,4.339902358
2016-06-18,4.078898035999999
2016-06-19,2.8418899
2016-06-20,5.127677822
2016-06-21,4.356215416
2016-06-22,5.279295499
2016-06-23,4.350491832
2016-06-24,4.250204
2016-06-25,3.467622311000001
2016-06-26,3.848869827
2016-06-27,4.80007594
2016-06-28,4.711160405
2016-06-29,4.508240868
2016-06-30,5.865065711000001
2016-07-01,4.769043609000001
2016-07-02,3.522332023
2016-07-03,2.852183999
2016-07-04,3.4308897699999994
2016-07-05,1.821836119
2016-07-06,1.791441314
2016-07-07,1.939838593
2016-07-08,4.156539672
2016-07-09,3.170180909000001
2016-07-10,3.210227498
2016-07-11,5.162483732
2016-07-12,4.573661878999999
2016-07-13,7.371356564000001
2016-07-14,4.492410684999999
2016-07-15,5.399121507
2016-07-16,2.776215752
2016-07-17,3.313670235
2016-07-18,4.3640063090000005
2016-07-19,4.197697407
2016-07-20,4.663032141
2016-07-21,4.858610799
2016-07-22,4.175074738
2016-07-23,2.91474083
2016-07-24,2.721299879
2016-07-25,5.465972279000001
2016-07-26,4.378467695
2016-07-27,4.829228565
2016-07-28,4.541968627999999
2016-07-29,5.390186822
2016-07-30,3.967219252000001
2016-07-31,3.032654256
2016-08-01,5.424992694
2016-08-02,4.264257529
2016-08-03,4.312076349
2016-08-04,4.496831137000001
2016-08-05,4.167588556
2016-08-06,3.01838969
2016-08-07,2.816215513
2016-08-08,4.3262190480000005
2016-08-09,4.575054099999999
2016-08-10,4.780593979
2016-08-11,4.589224942
2016-08-12,4.885231991
2016-08-13,3.3702876980000003
2016-08-14,4.996671817
2016-08-15,5.279483054
2016-08-16,4.956057886000001
2016-08-17,4.794661714
2016-08-18,5.746420971999999
2016-08-19,4.702703864
2016-08-20,3.856543549
2016-08-21,3.287967723
2016-08-22,5.8267252670000005
2016-08-23,5.501331295
2016-08-24,5.240247369
2016-08-25,4.741939564000001
2016-08-26,5.028374508999999
2016-08-27,3.387561721
2016-08-28,2.740266081
2016-08-29,4.386136710000001
2016-08-30,4.754722817
2016-08-31,4.876934844
2016-09-01,4.728415623000001
2016-09-02,4.283631631
2016-09-03,3.054709688
2016-09-04,2.6294264060000003
2016-09-05,4.527511884
2016-09-06,5.049651705
2016-09-07,4.850088620999999
2016-09-08,4.63691723
2016-09-09,4.6174540340000005
2016-09-10,3.3220376290000004
2016-09-11,2.735592469
2016-09-12,2.2795298940000004
2016-09-13,2.3531824880000003
2016-09-14,4.395929255
2016-09-15,2.975080416
2016-09-16,4.699849103
2016-09-17,3.2270562440000004
2016-09-18,3.759898008
2016-09-19,4.689639378000001
2016-09-20,5.194912908
2016-09-21,4.555065975
2016-09-22,5.6472300980000005
2016-09-23,4.437096306
2016-09-24,3.264604328
2016-09-25,2.982702501
2016-09-26,5.315887415999999
2016-09-27,4.567886711
2016-09-28,4.265059119
2016-09-29,4.050875168999999
2016-09-30,5.1610211580000005
2016-10-01,3.516336499
2016-10-02,2.78895213
2016-10-03,4.488632466
2016-10-04,4.736206557000001
2016-10-05,4.525894639
2016-10-06,4.702122621
2016-10-07,4.325792408
2016-10-08,3.097639295
2016-10-09,2.8131123600000003
2016-10-10,4.85763573
2016-10-11,4.8036807360000005
2016-10-12,4.252097763
2016-10-13,4.599279962
2016-10-14,4.606100507000001
2016-10-15,5.643250193999999
2016-10-16,2.894026091
2016-10-17,4.723071732
2016-10-18,4.630082597
2016-10-19,5.831642635
2016-10-20,4.965062907
2016-10-21,4.475342906
2016-10-22,3.242469306
2016-10-23,3.941113581
2016-10-24,4.876217578
2016-10-25,4.863907821
2016-10-26,4.422048865999999
2016-10-27,5.436866581
2016-10-28,4.30540112
2016-10-29,3.5552815739999994
2016-10-30,3.121724517
2016-10-31,5.95508748
2016-11-01,4.922695826
2016-11-02,4.410676642
2016-11-03,4.341139899
2016-11-04,4.462929986
2016-11-05,3.821826719
2016-11-06,3.197083321
2016-11-07,4.899773128
2016-11-08,4.794146083
2016-11-09,4.532827689
2016-11-10,4.706861759000001
2016-11-11,4.842869596
2016-11-12,3.574365056
2016-11-13,3.161424257
2016-11-14,7.092229730000001
2016-11-15,5.359102955
2016-11-16,5.157031957
2016-11-17,4.827161248
2016-11-18,5.889769696
2016-11-19,3.748066359
2016-11-20,3.231523699
2016-11-21,5.102087885
2016-11-22,5.597423635
2016-11-23,4.570900923
2016-11-24,4.452064013999999
2016-11-25,5.468086364
2016-11-26,4.379709845
2016-11-27,3.376311371
2016-11-28,5.187220507999999
2016-11-29,5.313866956
2016-11-30,6.491534120000001
2016-12-01,4.979932122000001
2016-12-02,4.644089286
2016-12-03,3.600330006
2016-12-04,3.6021019460000003
2016-12-05,5.28731146
2016-12-06,4.797150848999999
2016-12-07,4.827029977
2016-12-08,4.781826874
2016-12-09,4.7842878970000005
2016-12-10,3.967336423
2016-12-11,3.5199975610000003
2016-12-12,5.041602991
2016-12-13,6.060044211999999
2016-12-14,5.271364050000001
2016-12-15,5.40880159
2016-12-16,4.807266848
2016-12-17,3.620060378
2016-12-18,3.413761144
2016-12-19,5.013336381
2016-12-20,5.063569356
2016-12-21,5.184018824999999
2016-12-22,4.771321847
2016-12-23,4.693858274
2016-12-24,3.407568748
2016-12-25,3.478807002
2016-12-26,5.070286838
2016-12-27,4.947038803
2016-12-28,4.931480418000001
2016-12-29,4.7916100230000005
2016-12-30,4.859220120999999
2016-12-31,3.550397052
2017-01-01,2.083529416
2017-01-02,5.055070604
2017-01-03,4.484141665
2017-01-04,4.983330636
2017-01-05,4.663336847
2017-01-06,4.569649328000001
2017-01-07,3.463248742
2017-01-08,3.3313989360000003
2017-01-09,4.845011859
2017-01-10,4.900199696
2017-01-11,4.716659010000001
2017-01-12,4.713340146
2017-01-13,5.028261943
2017-01-14,4.0504251810000005
2017-01-15,3.87907245
2017-01-16,5.7299813440000005
2017-01-17,5.264121578999999
2017-01-18,5.545404694
2017-01-19,4.770295188
2017-01-20,4.990151224
2017-01-21,3.5508283089999995
2017-01-22,3.499629768
2017-01-23,5.039840392
2017-01-24,4.857331043
2017-01-25,5.123440139
2017-01-26,5.209547829
2017-01-27,5.054409681999999
2017-01-28,3.977832023
2017-01-29,3.4938732970000004
2017-01-30,6.317373409
2017-01-31,6.634948349
2017-02-01,5.164527563999999
2017-02-02,4.722199821999999
2017-02-03,4.724726475
2017-02-04,3.676490441
2017-02-05,3.415331462
2017-02-06,5.4073155470000005
2017-02-07,4.852048062
2017-02-08,4.919728524
2017-02-09,4.841571116
2017-02-10,5.130588865
2017-02-11,3.982932225
2017-02-12,3.679626447
2017-02-13,5.832547415999999
2017-02-14,5.725176525
2017-02-15,5.881538085999999
2017-02-16,5.548700147
2017-02-17,4.911281325
2017-02-18,3.114191471
2017-02-19,2.663041563
2017-02-20,4.995204578
2017-02-21,4.51326139
2017-02-22,4.458368877
2017-02-23,4.678206148
2017-02-24,4.114280502000001
2017-02-25,4.272685959
2017-02-26,3.654402229
2017-02-27,4.34637597
2017-02-28,5.010519108
2017-03-01,5.60934907
2017-03-02,4.926619353
2017-03-03,4.685842326
2017-03-04,2.9572297790000004
2017-03-05,2.645978501
2017-03-06,4.815399904
2017-03-07,4.413292329000001
2017-03-08,5.319075077000001
2017-03-09,4.898530888
2017-03-10,5.001481301
2017-03-11,3.837380347
2017-03-12,4.467561385000001
2017-03-13,5.002896977999999
2017-03-14,5.3879883710000005
2017-03-15,5.333620893999999
2017-03-16,5.310707541999999
2017-03-17,4.817392195
2017-03-18,3.707396239
2017-03-19,3.278601763
2017-03-20,5.999639006
2017-03-21,4.461894000999999
2017-03-22,5.450385791
2017-03-23,4.609663146
2017-03-24,4.910690666
2017-03-25,2.893388546
2017-03-26,3.602022266
2017-03-27,5.343835255
2017-03-28,5.041302991999999
2017-03-29,5.038565386
2017-03-30,5.240186378
2017-03-31,5.438286974
2017-04-01,4.441202624
2017-04-02,3.175374777
2017-04-03,4.857443569999999
2017-04-04,5.220985722
2017-04-05,5.420651960000001
2017-04-06,4.370756543
2017-04-07,5.34168362
2017-04-08,3.620280694
2017-04-09,3.199352164
2017-04-10,5.045085925
2017-04-11,5.7091587530000005
2017-04-12,6.096022050999999
2017-04-13,5.491655965
2017-04-14,5.379569259
2017-04-15,4.945548111
2017-04-16,3.4025623310000004
2017-04-17,5.9330461350000006
2017-04-18,5.657510103000001
2017-04-19,5.399834057
2017-04-20,5.714212009000001
2017-04-21,5.085873264
2017-04-22,4.084162277000001
2017-04-23,3.956479822
2017-04-24,5.486551121
2017-04-25,5.33962105
2017-04-26,4.258079184
2017-04-27,5.211877597000001
2017-04-28,5.246120959
2017-04-29,3.280767462
2017-04-30,3.437415034
2017-05-01,3.97421316
2017-05-02,5.294816383000001
2017-05-03,4.467073866
2017-05-04,4.858812332000001
2017-05-05,5.639143845
2017-05-06,4.184965782
2017-05-07,3.799518129
2017-05-08,5.711047915
2017-05-09,5.555253464000001
2017-05-10,5.547429755
2017-05-11,5.879550545
2017-05-12,5.135862481
2017-05-13,3.98528543
2017-05-14,4.090771843
2017-05-15,6.000051562
2017-05-16,5.5031829420000005
2017-05-17,5.388513358
2017-05-18,5.344004011
2017-05-19,4.100775338
2017-05-20,3.932605481
2017-05-21,3.541209211
2017-05-22,4.908426585999999
2017-05-23,5.82038291
2017-05-24,5.415256447999999
2017-05-25,5.328525356
2017-05-26,5.513003569
2017-05-27,4.149250443
2017-05-28,3.803483867
2017-05-29,5.886239835
2017-05-30,6.237317532
2017-05-31,6.650187975
2017-06-01,5.760423015000001
2017-06-02,5.484001013
2017-06-03,4.232086103
2017-06-04,3.780875278
2017-06-05,5.793536654
2017-06-06,5.445271555
2017-06-07,5.598117436
2017-06-08,5.499709364999999
2017-06-09,5.403354489
2017-06-10,4.478441446
2017-06-11,4.169308945999999
2017-06-12,5.9160861780000005
2017-06-13,6.228537543
2017-06-14,8.435929033
2017-06-15,6.052708109
2017-06-16,4.7876677
2017-06-17,4.265026296
2017-06-18,5.412054787999999
2017-06-19,5.813065449
2017-06-20,5.7201747560000005
2017-06-21,4.923675502
2017-06-22,5.982711954999999
2017-06-23,4.679185848
2017-06-24,3.173377831
2017-06-25,2.825703381
2017-06-26,3.996479566000001
2017-06-27,3.33222392
2017-06-28,5.190290917
2017-06-29,5.282914412999999
2017-06-30,7.698775582000001
2017-07-01,4.55483626
2017-07-02,4.001092223000001
2017-07-03,6.110652239999999
2017-07-04,5.891279075
2017-07-05,5.750780518
2017-07-06,5.503717273
2017-07-07,5.432610184
2017-07-08,3.749941404
2017-07-09,3.360907715
2017-07-10,4.913995479
2017-07-11,5.443588687
2017-07-12,5.493526339999999
2017-07-13,5.494698254999999
2017-07-14,5.409059373
2017-07-15,8.295960157999998
2017-07-16,3.950760807
2017-07-17,6.238953528
2017-07-18,5.90195288
2017-07-19,8.091479708
2017-07-20,6.133837411
2017-07-21,5.932394552
2017-07-22,4.588831174
2017-07-23,6.373086262
2017-07-24,6.451215535
2017-07-25,6.510753491999999
2017-07-26,6.269723335
2017-07-27,7.291150633000001
2017-07-28,6.341407048000001
2017-07-29,5.103287925
2017-07-30,3.442838662
2017-07-31,8.102791033
2017-08-01,6.671896535
2017-08-02,6.298458697000001
2017-08-03,5.902941975
2017-08-04,5.831942658
2017-08-05,4.747405379
2017-08-06,4.380994348
2017-08-07,6.385442938
2017-08-08,5.867531382000001
2017-08-09,5.848644795
2017-08-10,6.079390229
2017-08-11,5.921434798000001
2017-08-12,4.881945941
2017-08-13,4.44757793
2017-08-14,9.800830651
2017-08-15,6.796100804
2017-08-16,6.523771127
2017-08-17,5.877234841
2017-08-18,6.770740557
2017-08-19,4.504289211
2017-08-20,4.525247740999999
2017-08-21,6.207035241
2017-08-22,7.011212894
2017-08-23,6.968555128
2017-08-24,6.843760252
2017-08-25,5.751230510999999
2017-08-26,5.27257343
2017-08-27,3.863073418
2017-08-28,5.523761753
2017-08-29,5.232629872
2017-08-30,5.141084536999999
2017-08-31,4.696520817
2017-09-01,3.363673439
2017-09-02,3.317256218
2017-09-03,3.653774035
2017-09-04,4.2001490630000005
2017-09-05,6.700088127000001
2017-09-06,5.895596412000001
2017-09-07,5.729976654
2017-09-08,5.631760778
2017-09-09,4.53595905
2017-09-10,4.387200808999999
2017-09-11,6.304768285
2017-09-12,5.8902337760000005
2017-09-13,10.515131770999998
2017-09-14,5.404357651
2017-09-15,6.320659461
2017-09-16,3.744391212000001
2017-09-17,5.270403046
2017-09-18,6.129965404999999
2017-09-19,6.044153081999999
2017-09-20,6.049187629
2017-09-21,6.666233838
2017-09-22,4.958007931999999
2017-09-23,3.5795824210000005
2017-09-24,3.203950759
2017-09-25,6.046300067999999
2017-09-26,7.408942187
2017-09-27,6.453774973
2017-09-28,6.680531255
2017-09-29,8.589632743
2017-09-30,7.056833202999999
2017-10-01,6.131493582000001
2017-10-02,9.002395396
2017-10-03,7.907160870999999
2017-10-04,7.830194162
2017-10-05,7.936139996
2017-10-06,7.481844693000001
2017-10-07,6.063236547999999
2017-10-08,5.733389271
2017-10-09,7.128127841
2017-10-10,5.818850022000001
2017-10-11,8.858582676000001
2017-10-12,7.600170632999999
2017-10-13,6.133499901
2017-10-14,7.742872411
2017-10-15,4.298238375
2017-10-16,6.576474502
2017-10-17,6.103550434000001
2017-10-18,6.914426749
2017-10-19,5.6938301
2017-10-20,6.442688655
2017-10-21,4.8163046210000005
2017-10-22,5.3935385270000005
2017-10-23,6.435750916
2017-10-24,6.249360137
2017-10-25,6.249936720999999
2017-10-26,6.694566063
2017-10-27,5.937799428
2017-10-28,4.538654457
2017-10-29,4.193825413999999
2017-10-30,6.978582114
2017-10-31,6.804866735
2017-11-01,6.238353504999999
2017-11-02,5.871600273
2017-11-03,5.783134769999999
2017-11-04,4.61915097
2017-11-05,4.332420802
2017-11-06,6.635778105999999
2017-11-07,6.36151712
2017-11-08,6.18318911
2017-11-09,5.957871994
2017-11-10,6.179757743
2017-11-11,6.664813477
2017-11-12,4.630387294
2017-11-13,6.671746534
2017-11-14,10.544621846999998
2017-11-15,6.656141307
2017-11-16,6.539090408000001
2017-11-17,6.218477822
2017-11-18,5.751535208
2017-11-19,4.321226668
2017-11-20,7.155569447
2017-11-21,6.631109197999999
2017-11-22,7.594503210000001
2017-11-23,7.248192943999999
2017-11-24,9.424270836000002
2017-11-25,5.845668129999999
2017-11-26,5.838252251
2017-11-27,7.1653947460000005
2017-11-28,6.859520171
2017-11-29,6.779051782
2017-11-30,8.913597079999999
2017-12-01,6.764055912
2017-12-02,5.045901577
2017-12-03,4.612166356
2017-12-04,6.726132774
2017-12-05,6.906626478
2017-12-06,6.5016594350000005
2017-12-07,6.511630088
2017-12-08,6.480864972999999
2017-12-09,5.201058474
2017-12-10,5.073315056
2017-12-11,8.34175866
2017-12-12,6.863650003
2017-12-13,10.883141319
2017-12-14,6.529518190000001
2017-12-15,7.215210487
2017-12-16,5.304149519000001
2017-12-17,5.837028779000001
2017-12-18,6.827723807
2017-12-19,6.751427481
2017-12-20,6.880009941999999
2017-12-21,7.763915362
2017-12-22,6.590181279
2017-12-23,5.014081734
2017-12-24,4.663294678
2017-12-25,7.553158080999999
2017-12-26,6.63233276
2017-12-27,6.438769812
2017-12-28,6.876859835
2017-12-29,7.616300838999999
2017-12-30,4.464148817
2017-12-31,3.515108336
2018-01-01,4.854016855999999
2018-01-02,6.660182074
2018-01-03,6.786430163
2018-01-04,6.238728521
2018-01-05,6.6061005
2018-01-06,5.250850783000001
2018-01-07,4.685050147
2018-01-08,6.772625041
2018-01-09,6.509328481999999
2018-01-10,7.767393589999999
2018-01-11,6.589656207999999
2018-01-12,6.318728119999999
2018-01-13,5.074510377999999
2018-01-14,7.854241912999999
2018-01-15,7.62867157
2018-01-16,6.987554300000001
2018-01-17,6.532466706000001
2018-01-18,7.620740163
2018-01-19,6.354284014999999
2018-01-20,5.274059422
2018-01-21,4.686156398
2018-01-22,7.550012661
2018-01-23,6.46646912
2018-01-24,7.160125791
2018-01-25,6.493381063999999
2018-01-26,7.0229179770000005
2018-01-27,4.978943029
2018-01-28,4.630893561000001
2018-01-29,7.420689468
2018-01-30,8.107797459
2018-01-31,8.843329027
2018-02-01,6.833836525999999
2018-02-02,6.76863111
2018-02-03,5.343713382999999
2018-02-04,4.900326263
2018-02-05,7.317251572
2018-02-06,7.141295485
2018-02-07,8.200106953999999
2018-02-08,6.86860018
2018-02-09,6.653164601
2018-02-10,5.607249001
2018-02-11,5.280992474
2018-02-12,7.918247164
2018-02-13,7.715984
2018-02-14,10.081419993
2018-02-15,7.694866121
2018-02-16,6.962878462
2018-02-17,5.33493339
2018-02-18,5.959259538
2018-02-19,7.169712132
2018-02-20,7.494149868999999
2018-02-21,6.881533389
2018-02-22,7.749594496
2018-02-23,6.91537838
2018-02-24,4.914698632
2018-02-25,4.863209361
2018-02-26,7.830925474000001
2018-02-27,6.82074853
2018-02-28,9.357284211
2018-03-01,6.987258974
2018-03-02,7.488435543
2018-03-03,5.228612552
2018-03-04,4.953840601
2018-03-05,7.681862554
2018-03-06,7.1865360990000005
2018-03-07,6.885386734
2018-03-08,7.385217894
2018-03-09,7.880567848
2018-03-10,5.375950426999999
2018-03-11,4.974470994999999
2018-03-12,7.424566195
2018-03-13,7.873222247999999
2018-03-14,9.831300441
2018-03-15,7.710354068000001
2018-03-16,7.344369650999999
2018-03-17,5.361296830000001
2018-03-18,6.019856933
2018-03-19,7.673195062
2018-03-20,7.63491089
2018-03-21,7.236722208
2018-03-22,7.770782736
2018-03-23,6.882878861
2018-03-24,5.164761916
2018-03-25,4.490582496
2018-03-26,7.644680008999999
2018-03-27,6.786083281
2018-03-28,7.169313657
2018-03-29,7.155728726
2018-03-30,7.861685838
2018-03-31,5.990610577
2018-04-01,5.035049682
2018-04-02,7.733126764
2018-04-03,6.9465746600000005
2018-04-04,6.774537595
2018-04-05,6.847388501999999
2018-04-06,6.933496129
2018-04-07,5.134479629000001
2018-04-08,5.915326824999999
2018-04-09,7.331277098999999
2018-04-10,7.466187862
2018-04-11,7.289392731000001
2018-04-12,7.372945683
2018-04-13,6.688889355
2018-04-14,8.383581922
2018-04-15,5.228373525
2018-04-16,7.573521265
2018-04-17,7.173659099999999
2018-04-18,8.076976088
2018-04-19,7.015038028000001
2018-04-20,7.101323797999999
2018-04-21,5.2353956020000005
2018-04-22,5.328769072
2018-04-23,5.433482135
2018-04-24,6.489940278000001
2018-04-25,7.600278528
2018-04-26,7.634934363
2018-04-27,6.861606183999999
2018-04-28,5.400523148
2018-04-29,4.654913189
2018-04-30,8.809821624000001
2018-05-01,5.642345527
2018-05-02,7.048606358
2018-05-03,6.68411264
2018-05-04,6.58338414
2018-05-05,4.86790171
2018-05-06,4.732962659
2018-05-07,7.622858944999999
2018-05-08,8.489274636
2018-05-09,7.1091616
2018-05-10,7.853937166
2018-05-11,7.371304953
2018-05-12,5.753438441
2018-05-13,4.789313092
2018-05-14,10.003562672
2018-05-15,7.643901873000001
2018-05-16,7.518066248
2018-05-17,6.010861323
2018-05-18,8.496160810000001
2018-05-19,5.542371771000001
2018-05-20,5.439065098
2018-05-21,7.858568632000001
2018-05-22,7.880577146
2018-05-23,6.781836299
2018-05-24,7.140587641
2018-05-25,7.103208236
2018-05-26,6.479955555999999
2018-05-27,5.074402581999999
2018-05-28,7.774903202
2018-05-29,7.095168945
2018-05-30,8.251085195
2018-05-31,8.517194348
2018-06-01,7.209552548
2018-06-02,5.5775293
2018-06-03,5.161710318
2018-06-04,7.485444815999999
2018-06-05,7.731448593
2018-06-06,7.88278977
2018-06-07,8.546539132
2018-06-08,7.569480476999999
2018-06-09,6.15329588
2018-06-10,5.75696821
2018-06-11,7.7796658239999985
2018-06-12,7.478525831
2018-06-13,7.038457545
2018-06-14,5.89589177
2018-06-15,4.56586633
2018-06-16,7.416043992
2018-06-17,4.512989511000001
2018-06-18,7.422475499000001
2018-06-19,6.697533439000001
2018-06-20,7.949949822999999
2018-06-21,7.336461537
2018-06-22,7.040098302
2018-06-23,5.552520529000001
2018-06-24,5.457075136
2018-06-25,7.203514819
2018-06-26,7.150220796
2018-06-27,6.91912849
2018-06-28,7.795130429
2018-06-29,7.094381374
2018-06-30,6.347660393
2018-07-01,5.070671179
2018-07-02,8.550903361
2018-07-03,7.436454099999999
2018-07-04,6.055028455
2018-07-05,7.428283521
2018-07-06,7.019214773
2018-07-07,6.546126585
2018-07-08,4.980044663000001
2018-07-09,7.508123711
2018-07-10,7.602223784
2018-07-11,7.285000387
2018-07-12,7.250925788
2018-07-13,7.0201898400000005
2018-07-14,8.38515231
2018-07-15,5.306512101999999
2018-07-16,7.829045687999999
2018-07-17,7.450760811
2018-07-18,8.422020808000001
2018-07-19,7.406167071
2018-07-20,7.498832767
2018-07-21,5.600705029
2018-07-22,5.872767539
2018-07-23,7.502779744
2018-07-24,7.591985974
2018-07-25,7.678623377999999
2018-07-26,8.370442474
2018-07-27,7.410821987
2018-07-28,5.879517804999999
2018-07-29,5.026443058000001
2018-07-30,9.61041793
2018-07-31,9.975211651
2018-08-01,8.142720534
2018-08-02,7.300868153000001
2018-08-03,6.0288197740000005
2018-08-04,5.67921396
2018-08-05,4.876166058000001
2018-08-06,8.637854715000001
2018-08-07,7.616732138000001
2018-08-08,7.527858754
2018-08-09,7.046811008000001
2018-08-10,7.369715793999999
2018-08-11,5.780889341999999
2018-08-12,5.268701425
2018-08-13,7.738695753
2018-08-14,10.457876676
2018-08-15,7.521511676999999
2018-08-16,7.59318133
2018-08-17,7.08708738
2018-08-18,6.410475086
2018-08-19,4.63151707
2018-08-20,5.644651833999999
2018-08-21,4.094597048
2018-08-22,5.034008942
2018-08-23,4.4395948700000005
2018-08-24,4.754221235999999
2018-08-25,4.930852284
2018-08-26,5.788684961
2018-08-27,7.720643522
2018-08-28,7.839972623
2018-08-29,7.070952441
2018-08-30,6.957328180999999
2018-08-31,7.827559698
2018-09-01,5.669646443
2018-09-02,4.834788075
2018-09-03,7.439088577000001
2018-09-04,7.383628811999999
2018-09-05,8.367615721
2018-09-06,8.731397013
2018-09-07,7.662014953
2018-09-08,6.016645858
2018-09-09,5.324601784
2018-09-10,8.115133641
2018-09-11,7.687070513
2018-09-12,7.689020606
2018-09-13,7.216813663
2018-09-14,7.149817660999999
2018-09-15,9.528768151
2018-09-16,5.549904826
2018-09-17,8.185040737000001
2018-09-18,7.963740943
2018-09-19,8.544303084
2018-09-20,7.649512962
2018-09-21,7.23063295
2018-09-22,5.923431750999999
2018-09-23,5.912739223000001
2018-09-24,7.519449067999998
2018-09-25,7.978141434999999
2018-09-26,7.969225505000001
2018-09-27,8.287344174
2018-09-28,7.952678097
2018-09-29,6.545718808
2018-09-30,6.605838051000001
2018-10-01,10.580744999
2018-10-02,8.107202083
2018-10-03,7.870470569
2018-10-04,9.588924932
2018-10-05,9.282159699
2018-10-06,7.781100327000002
2018-10-07,7.605336467
2018-10-08,8.351762052
2018-10-09,8.080440242
2018-10-10,8.485533878
2018-10-11,7.898727766
2018-10-12,7.390721241
2018-10-13,6.26906241
2018-10-14,8.597578378000001
2018-10-15,8.639214120999998
2018-10-16,8.01824438
2018-10-17,7.756644805999999
2018-10-18,8.552872165
2018-10-19,7.3837694
2018-10-20,6.490769992
2018-10-21,5.759283949
2018-10-22,8.931283575
2018-10-23,7.753447771
2018-10-24,7.578269914
2018-10-25,7.81399824
2018-10-26,8.348630693
2018-10-27,6.4032701
2018-10-28,5.825726828
2018-10-29,6.581804371999999
2018-10-30,8.906907735999999
2018-10-31,8.593865723
2018-11-01,8.000473430000001
2018-11-02,7.923773963
2018-11-03,6.548015676
2018-11-04,5.866439159
2018-11-05,8.308935668
2018-11-06,9.381078724999998
2018-11-07,7.962287782999999
2018-11-08,7.836063075
2018-11-09,9.216396485
2018-11-10,7.856707586000001
2018-11-11,8.981985321
2018-11-12,8.439458827
2018-11-13,7.932394536
2018-11-14,10.721731107
2018-11-15,8.478591412
2018-11-16,8.325731470000001
2018-11-17,6.786800534999999
2018-11-18,7.171348077000001
2018-11-19,8.505184538
2018-11-20,10.825614276
2018-11-21,10.022655467
2018-11-22,11.823312723
2018-11-23,14.555047206
2018-11-24,8.591409438
2018-11-25,7.249313295
2018-11-26,9.082446581
2018-11-27,8.176565416
2018-11-28,8.122708905
2018-11-29,8.393716666
2018-11-30,11.338331946
2018-12-01,7.350360488
2018-12-02,5.919930059
2018-12-03,8.526893146
2018-12-04,8.382067844999998
2018-12-05,8.460478366
2018-12-06,9.569489876
2018-12-07,8.263751264
2018-12-08,7.093687633
2018-12-09,6.0695414880000005
2018-12-10,8.955626595999998
2018-12-11,8.806019916
2018-12-12,8.663177479000002
2018-12-13,8.179874966
2018-12-14,8.18517199
2018-12-15,10.489626254
2018-12-16,6.402538837
2018-12-17,10.946795090999998
2018-12-18,8.597301741999999
2018-12-19,9.286641079
2018-12-20,9.329598853
2018-12-21,9.391897893
2018-12-22,6.094475124
2018-12-23,7.167982343
2018-12-24,8.792308496
2018-12-25,8.751966435
2018-12-26,8.505517352000002
2018-12-27,9.105223928
2018-12-28,8.538401344
2018-12-29,7.1732887430000005
2018-12-30,6.505948640000001
2018-12-31,8.835125621
2019-01-01,6.068894593
2019-01-02,8.616389941
2019-01-03,8.230014184
2019-01-04,7.772728172
2019-01-05,8.136073402000001
2019-01-06,5.882494398
2019-01-07,9.010233164
2019-01-08,8.467158255000001
2019-01-09,8.200224068
2019-01-10,8.260802723000001
2019-01-11,8.073104085
2019-01-12,7.135876584
2019-01-13,6.094512623
2019-01-14,11.880792751
2019-01-15,9.148120753
2019-01-16,8.769268607
2019-01-17,8.504383011
2019-01-18,9.241723934
2019-01-19,7.108350636000001
2019-01-20,6.432900819
2019-01-21,8.826233047999999
2019-01-22,9.274987576999996
2019-01-23,8.441437035
2019-01-24,8.189854999
2019-01-25,8.155067864
2019-01-26,7.679692075
2019-01-27,6.078654268999999
2019-01-28,8.995645185
2019-01-29,8.757385418999998
2019-01-30,9.865154724
2019-01-31,10.528721345
2019-02-01,8.793639829
2019-02-02,7.990629365
2019-02-03,6.133809325
2019-02-04,8.572302458
2019-02-05,9.167579204
2019-02-06,9.239544178
2019-02-07,9.038987250000002
2019-02-08,8.805682431000001
2019-02-09,7.370592431
2019-02-10,6.8646484690000005
2019-02-11,9.51062693
2019-02-12,9.177892101
2019-02-13,12.184928286000002
2019-02-14,9.142172099
2019-02-15,9.467547332
2019-02-16,7.611810073
2019-02-17,7.892990073
2019-02-18,9.444404299
2019-02-19,8.921842674
2019-02-20,9.082652848
2019-02-21,9.723109194
2019-02-22,8.931475742
2019-02-23,7.226376532
2019-02-24,6.4542953050000005
2019-02-25,11.35852636
2019-02-26,9.488477764
2019-02-27,9.506450258
2019-02-28,11.294530473000002
2019-03-01,10.444165269
2019-03-02,7.447315380999999
2019-03-03,5.61947911
2019-03-04,8.835964636
2019-03-05,11.844575959
2019-03-06,10.489485627
2019-03-07,9.755997864
2019-03-08,10.097564276
2019-03-09,7.764566910000001
2019-03-10,6.709885376
2019-03-11,10.217165326
2019-03-12,10.720296683
2019-03-13,13.471995875
2019-03-14,10.098464282000002
2019-03-15,11.002010993
2019-03-16,7.190839421
2019-03-17,7.347004115
2019-03-18,9.239502034
2019-03-19,9.233745582
2019-03-20,9.642120512000002
2019-03-21,9.685401688
2019-03-22,8.958607938
2019-03-23,7.396969882
2019-03-24,6.575138529999999
2019-03-25,10.578358944
2019-03-26,9.324343933000002
2019-03-27,7.81454675
2019-03-28,9.468395788
2019-03-29,10.023208608
2019-03-30,7.7410536
2019-03-31,7.071097718999999
2019-04-01,10.059622334
2019-04-02,9.144084637
2019-04-03,9.212618246999998
2019-04-04,9.258407318
2019-04-05,9.359754552999998
2019-04-06,7.918556613
2019-04-07,6.875758232000001
2019-04-08,9.73705506
2019-04-09,9.557709834
2019-04-10,9.595965758999998
2019-04-11,9.546487507
2019-04-12,9.035415316
2019-04-13,7.632703001999999
2019-04-14,11.44299804
2019-04-15,10.684736075
2019-04-16,9.884589818000002
2019-04-17,9.413854935
2019-04-18,10.394255744
2019-04-19,8.870990879
2019-04-20,7.810782597999999
2019-04-21,6.671896529
2019-04-22,10.086871783
2019-04-23,7.75049926
2019-04-24,9.368159541
2019-04-25,10.140634569
2019-04-26,9.983283848
2019-04-27,7.529129130000001
2019-04-28,6.918069095
2019-04-29,9.475567915
2019-04-30,11.104019188
2019-05-01,7.885358563
2019-05-02,9.425142777
2019-05-03,9.312976420999998
2019-05-04,7.726615642
2019-05-05,6.979139908
2019-05-06,9.798139934000002
2019-05-07,11.274893862
2019-05-08,11.476402314
2019-05-09,11.477663294
2019-05-10,10.707555576
2019-05-11,8.800155633
2019-05-12,7.539521669
2019-05-13,10.068257038
2019-05-14,14.22983606
2019-05-15,10.960553335
2019-05-16,10.032902691
2019-05-17,9.693272318
2019-05-18,8.29093035
2019-05-19,7.578124643999999
2019-05-20,10.613113268
2019-05-21,9.998987515
2019-05-22,10.686854835
2019-05-23,9.80061971
2019-05-24,9.947756019
2019-05-25,6.884360092
2019-05-26,6.943452744
2019-05-27,9.636696889
2019-05-28,10.632262362
2019-05-29,9.940654215
2019-05-30,10.545854699
2019-05-31,11.250883625999998
2019-06-01,8.300741576
2019-06-02,6.502559461
2019-06-03,8.07521356
2019-06-04,5.723596751
2019-06-05,6.054189363
2019-06-06,6.324615846
2019-06-07,8.199389673
2019-06-08,7.498865586
2019-06-09,7.185954829
2019-06-10,10.866462596
2019-06-11,10.509600334000002
2019-06-12,10.197463074000002
2019-06-13,10.93631816
2019-06-14,9.491323175
2019-06-15,11.473022473
2019-06-16,7.245999045
2019-06-17,12.005315846000002
2019-06-18,10.662404056000002
2019-06-19,11.769615521
2019-06-20,11.02801815
2019-06-21,10.102214458
2019-06-22,8.019102268
2019-06-23,7.645697197
2019-06-24,10.126477758
2019-06-25,10.150389546
2019-06-26,9.731457959
2019-06-27,10.801224416
2019-06-28,9.982707222
2019-06-29,8.299799367
2019-06-30,7.985299530000001
2019-07-01,11.707391479
2019-07-02,9.903888886
2019-07-03,9.909575015
2019-07-04,9.748624222
2019-07-05,8.419447235
2019-07-06,8.114266465
2019-07-07,7.0798027470000005
2019-07-08,10.513162954
2019-07-09,10.401066949
2019-07-10,10.57955902
2019-07-11,10.249932031
2019-07-12,9.587560869
2019-07-13,8.998181186
2019-07-14,11.688097050000003
2019-07-15,8.26636697
2019-07-16,10.18863622
2019-07-17,9.749735198
2019-07-18,11.091207825
2019-07-19,9.394086989
2019-07-20,8.507809643
2019-07-21,5.833428608999999
2019-07-22,10.272245301
2019-07-23,9.958903274
2019-07-24,10.044279646
2019-07-25,10.058787945
2019-07-26,11.467289503
2019-07-27,8.025749322
2019-07-28,6.978258629000001
2019-07-29,11.026775906
2019-07-30,11.948126342000002
2019-07-31,12.518417823
2019-08-01,10.699038127999998
2019-08-02,10.172646596
2019-08-03,6.831108258
2019-08-04,6.091554682
2019-08-05,9.230464173
2019-08-06,10.583187284999998
2019-08-07,10.487985523
2019-08-08,8.513772397
2019-08-09,8.852615245
2019-08-10,8.300943157999999
2019-08-11,5.793663221000001
2019-08-12,7.561206792
2019-08-13,6.903424809
2019-08-14,10.444010581
2019-08-15,10.558853591999998
2019-08-16,9.64614721
2019-08-17,8.128915371000001
2019-08-18,8.404592031
2019-08-19,10.526030543
2019-08-20,10.394738545000004
2019-08-21,9.925456815
2019-08-22,10.824414326
2019-08-23,9.892671313
2019-08-24,8.156928834
2019-08-25,7.243491181
2019-08-26,11.176706079
2019-08-27,9.932980512
2019-08-28,9.859360793
2019-08-29,9.79176472
2019-08-30,9.173255958
2019-08-31,8.379559921
2019-09-01,7.506478318999999
2019-09-02,10.941080747
2019-09-03,10.530840125
2019-09-04,10.080505897
2019-09-05,10.662329023999998
2019-09-06,8.780387764
2019-09-07,8.250307043
2019-09-08,7.651153635
2019-09-09,11.013978594
2019-09-10,12.458495447
2019-09-11,12.927974091
2019-09-12,11.885564815000002
2019-09-13,10.530174477
2019-09-14,11.589726524
2019-09-15,8.294038234000002
2019-09-16,11.680676524
2019-09-17,11.053167489
2019-09-18,11.9489045
2019-09-19,10.50971284
2019-09-20,10.791853821
2019-09-21,9.124996485
2019-09-22,9.061253667
2019-09-23,11.448431038
2019-09-24,11.101141013
2019-09-25,10.848963564
2019-09-26,9.602200392
2019-09-27,9.570788373
2019-09-28,9.037862239
2019-09-29,7.978769587
2019-09-30,13.465240994999998
2019-10-01,11.120805727
2019-10-02,10.87777391
2019-10-03,11.111196068999998
2019-10-04,10.532837065
2019-10-05,9.251014879
2019-10-06,8.561361486000001
2019-10-07,12.17092619
2019-10-08,12.356937271
2019-10-09,11.779197099
2019-10-10,11.391410332
2019-10-11,11.913948608999998
2019-10-12,9.209740023000002
2019-10-13,8.525135242000001
2019-10-14,14.972970946
2019-10-15,12.287363003
2019-10-16,11.733970546
2019-10-17,11.532429239
2019-10-18,12.439102596999998
2019-10-19,9.064464715
2019-10-20,8.480213384
2019-10-21,11.632623311
2019-10-22,12.175299776
2019-10-23,10.802049451
2019-10-24,10.630284171
2019-10-25,10.507317442000002
2019-10-26,9.991820034
2019-10-27,8.266498222
2019-10-28,11.588245194
2019-10-29,9.253016497
2019-10-30,12.065814765
2019-10-31,11.421987947000002
2019-11-01,11.264112242
2019-11-02,10.078035493
2019-11-03,8.498092124
2019-11-04,11.56786796
2019-11-05,11.596514257
2019-11-06,11.550443922
2019-11-07,10.368042341
2019-11-08,11.379756766
2019-11-09,15.700974097
2019-11-10,15.018553762999998
2019-11-11,19.047457888
2019-11-12,11.934616506
2019-11-13,14.001809439000002
2019-11-14,11.08990469
2019-11-15,12.079151161
2019-11-16,9.60408014
2019-11-17,9.438741643
2019-11-18,11.821704808000002
2019-11-19,11.48133374
2019-11-20,11.152738065999998
2019-11-21,12.484268171
2019-11-22,13.294492912
2019-11-23,9.275001643
2019-11-24,9.104145765
2019-11-25,17.412593871000002
2019-11-26,15.584673261
2019-11-27,15.947662313000002
2019-11-28,17.430875786999998
2019-11-29,22.735540914
2019-11-30,13.264904424
2019-12-01,10.347032241
2019-12-02,13.597972168
2019-12-03,11.572461865999998
2019-12-04,10.996334286
2019-12-05,11.496845203
2019-12-06,11.438502574
2019-12-07,9.834619313
2019-12-08,8.998734335
2019-12-09,12.649855151999995
2019-12-10,13.18093435
2019-12-11,12.222106072
2019-12-12,11.746191276
2019-12-13,11.229484451999998
2019-12-14,12.734514311000002
2019-12-15,9.278625203
2019-12-16,12.340802378
2019-12-17,11.97094588
2019-12-18,12.745699073
2019-12-19,12.465606591
2019-12-20,11.762255895
2019-12-21,10.634690573
2019-12-22,9.924106802
2019-12-23,11.820514193
2019-12-24,12.35892953
2019-12-25,11.51592871
2019-12-26,12.466145712
2019-12-27,11.069077376
2019-12-28,9.588568692
2019-12-29,8.295083564
2019-12-30,12.611275705
2019-12-31,10.553786275
2020-01-01,9.129787273
2020-01-02,10.850712055
2020-01-03,11.199741247
2020-01-04,9.799086843
2020-01-05,8.743763076
2020-01-06,12.938591642
2020-01-07,12.124255835
2020-01-08,11.754854081
2020-01-09,12.447634174
2020-01-10,11.278226751
2020-01-11,9.661930567
2020-01-12,7.976702326000002
2020-01-13,11.790278729
2020-01-14,14.261852756
2020-01-15,12.339147596
2020-01-16,12.045174989
2020-01-17,11.609002184
2020-01-18,10.682242202
2020-01-19,7.53231205
2020-01-20,12.046707857
2020-01-21,12.205385186
2020-01-22,11.619915097
2020-01-23,10.894729196
2020-01-24,10.640217323000002
2020-01-25,9.271743718
2020-01-26,9.151973974
2020-01-27,12.079348047
2020-01-28,11.602261333
2020-01-29,11.803699506
2020-01-30,12.873953483
2020-01-31,13.187933026
2020-02-01,9.75753539
2020-02-02,8.580613712
2020-02-03,11.2345471
2020-02-04,11.908876556
2020-02-05,12.029405701
2020-02-06,13.217699672
2020-02-07,11.520855406
2020-02-08,10.125151179
2020-02-09,8.599369076999999
2020-02-10,12.370704936
2020-02-11,11.824569008
2020-02-12,12.150605214
2020-02-13,12.148608237
2020-02-14,11.914234541
2020-02-15,13.818620332999998
2020-02-16,9.214985516
2020-02-17,13.424252107
2020-02-18,12.369026745
2020-02-19,13.035110616
2020-02-20,12.396571492
2020-02-21,11.891255641
2020-02-22,10.146995715
2020-02-23,9.998631254
2020-02-24,12.115124268999995
2020-02-25,11.928785086
2020-02-26,11.142537761
2020-02-27,12.474274153
2020-02-28,11.319946938
2020-02-29,10.483049415
2020-03-01,9.200983476
2020-03-02,13.336522554
2020-03-03,12.306305847
2020-03-04,11.627134092000002
2020-03-05,11.96092838
2020-03-06,12.277650171999998
2020-03-07,10.761613681
2020-03-08,10.54954389
2020-03-09,14.705778948
2020-03-10,14.369148631
2020-03-11,13.635004639
2020-03-12,13.861540551
2020-03-13,13.367587634
2020-03-14,13.180010878
2020-03-15,9.405684258
2020-03-16,12.760104254000002
2020-03-17,11.20217414
2020-03-18,11.950587367
2020-03-19,10.501954757000002
2020-03-20,11.211976038
2020-03-21,9.12496367
2020-03-22,8.962259674
2020-03-23,10.855235686
2020-03-24,10.030933881
2020-03-25,10.440387017
2020-03-26,11.520869428
2020-03-27,10.75574473
2020-03-28,9.297389913
2020-03-29,8.328089403
2020-03-30,11.708779055
2020-03-31,10.84873855
2020-04-01,11.021305421
2020-04-02,10.678009246
2020-04-03,10.715787105
2020-04-04,9.747044428000002
2020-04-05,8.845382186999998
2020-04-06,12.22684061
2020-04-07,11.256555694
2020-04-08,12.126159024
2020-04-09,11.548057904
2020-04-10,11.767942026
2020-04-11,8.684632932
2020-04-12,8.412790761
2020-04-13,13.088207758
2020-04-14,15.890510301
2020-04-15,13.261205859
2020-04-16,12.516284937999998
2020-04-17,11.776290796
2020-04-18,9.999840657
2020-04-19,8.687867395000001
2020-04-20,13.665807266000002
2020-04-21,12.229779779
2020-04-22,12.922142641
2020-04-23,9.207236810999998
2020-04-24,9.708957188
2020-04-25,9.153356836
2020-04-26,9.915270564
2020-04-27,13.414300181
2020-04-28,12.778606454
2020-04-29,12.708319637
2020-04-30,14.126163716
2020-05-01,11.01285357
2020-05-02,10.475277278
2020-05-03,10.082723158
2020-05-04,14.477893028
2020-05-05,14.115110209
2020-05-06,14.569358598
2020-05-07,14.488824619
2020-05-08,14.861723372
2020-05-09,11.412659498
2020-05-10,10.650164536
2020-05-11,14.007964334
2020-05-12,13.588948419
2020-05-13,16.9402792
2020-05-14,13.253972794
2020-05-15,14.463103419
2020-05-16,11.072790003
2020-05-17,11.299105634
2020-05-18,12.940462017999998
2020-05-19,10.866429784
2020-05-20,14.208329037
2020-05-21,13.859571737
2020-05-22,12.542826507
2020-05-23,9.342260202
2020-05-24,8.478544577
2020-05-25,10.13859539
2020-05-26,10.188603362
2020-05-27,15.909537519
2020-05-28,13.932122712999998
2020-05-29,14.799644661
2020-05-30,10.856848204000002
2020-05-31,9.857912303
2020-06-01,14.45126708
2020-06-02,12.838678835
2020-06-03,12.651144264
2020-06-04,12.229732898
2020-06-05,12.486658916
2020-06-06,10.920933222
2020-06-07,10.268879555000002
2020-06-08,13.284437904
2020-06-09,13.198817770999998
2020-06-10,13.716926209
2020-06-11,13.821962628
2020-06-12,12.858517009
2020-06-13,11.182228143
2020-06-14,13.019027220000002
2020-06-15,14.593654781999998
2020-06-16,15.465892578000002
2020-06-17,14.854124674
2020-06-18,15.611936662
2020-06-19,13.340197633
2020-06-20,11.106625541
2020-06-21,10.541917067
2020-06-22,14.707452445999998
2020-06-23,12.722729529
2020-06-24,12.590935939999998
2020-06-25,12.839536708
2020-06-26,13.603442656
2020-06-27,10.288563048
2020-06-28,10.027160306000004
2020-06-29,14.237340970000002
2020-06-30,15.320134445
2020-07-01,13.738536325
2020-07-02,13.530572963
2020-07-03,13.347285364
2020-07-04,11.444352773
2020-07-05,10.115330531
2020-07-06,14.970908375
2020-07-07,16.488191784999998
2020-07-08,15.489940285
2020-07-09,15.963759729
2020-07-10,14.77412505
2020-07-11,12.290564678
2020-07-12,10.767327941
2020-07-13,15.079891811
2020-07-14,17.469038035
2020-07-15,12.614927388
2020-07-16,14.733998669
2020-07-17,13.877328578
2020-07-18,12.87115495
2020-07-19,10.323040796
2020-07-20,15.548301662
2020-07-21,14.880638084
2020-07-22,15.710082222
2020-07-23,14.16961368
2020-07-24,14.147473856999998
2020-07-25,12.351583961
2020-07-26,11.532255797
2020-07-27,14.667176061
2020-07-28,14.694978626
2020-07-29,14.463206551
2020-07-30,13.615363378
2020-07-31,8.753424338
2020-08-01,9.00341731
2020-08-02,9.384510077
2020-08-03,10.687361161999998
2020-08-04,14.948857577999998
2020-08-05,14.654205277999996
2020-08-06,14.486527664
2020-08-07,13.610267855
2020-08-08,11.567685141
2020-08-09,10.260418326
2020-08-10,14.614275805
2020-08-11,13.388888372
2020-08-12,13.217859053
2020-08-13,13.277190778
2020-08-14,13.13261394
2020-08-15,15.521853875
2020-08-16,10.452992130999998
2020-08-17,15.457314155000002
2020-08-18,16.11975568
2020-08-19,16.852005889
2020-08-20,16.400110635
2020-08-21,14.028365022
2020-08-22,11.751160193
2020-08-23,11.088971805
2020-08-24,14.075175996
2020-08-25,14.201231924
2020-08-26,13.575776042
2020-08-27,14.059284853999998
2020-08-28,13.337070962
2020-08-29,11.883553814
2020-08-30,10.108416227
2020-08-31,15.624654321
2020-09-01,14.40964068
2020-09-02,14.309549738
2020-09-03,13.786130151999998
2020-09-04,13.669538639
2020-09-05,13.464415965
2020-09-06,11.413428273
2020-09-07,16.176617057
2020-09-08,18.595557972
2020-09-09,17.716241806
2020-09-10,18.171882509
2020-09-11,15.410906275
2020-09-12,12.20658054
2020-09-13,10.333911477
2020-09-14,18.012914511
2020-09-15,16.201846
2020-09-16,15.733839291
2020-09-17,15.329987909
2020-09-18,16.348485418
2020-09-19,13.117177468
2020-09-20,11.837244408
2020-09-21,15.783205047
2020-09-22,15.726460915
2020-09-23,14.95173584
2020-09-24,14.661925879999998
2020-09-25,14.218402822999998
2020-09-26,13.31105913
2020-09-27,10.955087521
2020-09-28,15.381655305
2020-09-29,14.634174927
2020-09-30,15.881453736999998
2020-10-01,14.88848054
2020-10-02,14.350252701000002
2020-10-03,12.450367046
2020-10-04,11.403424803
2020-10-05,18.073090018
2020-10-06,19.828323786
2020-10-07,19.181895279000003
2020-10-08,19.852873071
2020-10-09,16.847210376
2020-10-10,13.757165092
2020-10-11,11.93317739
2020-10-12,15.876212933
2020-10-13,15.270342108
2020-10-14,18.559027032
2020-10-15,17.444924671000003
2020-10-16,15.603105107
2020-10-17,13.20868061
2020-10-18,13.384346025
2020-10-19,16.327175308999998
2020-10-20,16.217329346
2020-10-21,15.605355189
2020-10-22,16.826345594000003
2020-10-23,15.33333958
2020-10-24,13.03235892
2020-10-25,11.29607737
2020-10-26,16.4468888
2020-10-27,14.87558947
2020-10-28,14.01163477
2020-10-29,12.60119723
2020-10-30,14.42147699
2020-10-31,12.93107732
2020-11-01,11.50209538
2020-11-02,15.04314523
2020-11-03,14.40588114
2020-11-04,14.83495214
2020-11-05,15.44641535
2020-11-06,15.68392976
2020-11-07,13.27030929
2020-11-08,16.3234955
2020-11-09,26.52501336
2020-11-10,23.04591095
2020-11-11,25.07529321
2020-11-12,23.11248043
2020-11-13,16.74656629
2020-11-14,16.4883371
2020-11-15,12.94232302
2020-11-16,16.27461256
2020-11-17,15.10264572
2020-11-18,15.60415046
2020-11-19,14.68347037
2020-11-20,15.19989593
2020-11-21,12.50343137
2020-11-22,12.5409561
2020-11-23,16.74522562
2020-11-24,19.47635075
2020-11-25,23.46321592
2020-11-26,25.1168587
2020-11-27,26.30535425
2020-11-28,16.14468935
2020-11-29,12.51034567
2020-11-30,17.71096819
2020-12-01,15.39242286
2020-12-02,14.94386526
2020-12-03,14.84068046
2020-12-04,15.8689705
2020-12-05,12.11300545
2020-12-06,11.61251793
2020-12-07,16.76564038
2020-12-08,16.45294057
2020-12-09,16.14507374
2020-12-10,16.15835388
2020-12-11,15.26531693
2020-12-12,13.22833597
2020-12-13,11.84121017
2020-12-14,19.72613746
2020-12-15,17.31817031
2020-12-16,16.81836719
2020-12-17,16.2364175
2020-12-18,16.27327189
2020-12-19,13.37026429
2020-12-20,14.17864208
2020-12-21,20.53654032
2020-12-22,19.8498589
2020-12-23,18.99296851
2020-12-24,16.8724628
2020-12-25,15.22977977
2020-12-26,12.62249327
2020-12-27,12.04685786
2020-12-28,16.63950948
2020-12-29,15.4482576
2020-12-30,15.90275916
2020-12-31,14.96213776
2021-01-01,11.76688261
2021-01-02,13.48827616
2021-01-03,14.31487957
2021-01-04,16.65293026
2021-01-05,16.43849789
2021-01-06,16.7250218
2021-01-07,16.98238846
2021-01-08,16.37195654
2021-01-09,13.62511836
2021-01-10,12.48764333
2021-01-11,16.46706918
2021-01-12,16.63252487
2021-01-13,19.53982637
2021-01-14,16.06203651
2021-01-15,17.08816553
2021-01-16,13.26805453
2021-01-17,12.78317223
2021-01-18,15.97278813
2021-01-19,15.34287429
2021-01-20,15.62366988
2021-01-21,15.76606227
2021-01-22,15.21730591
2021-01-23,13.07266812
2021-01-24,12.56075678
2021-01-25,17.36218745
2021-01-26,16.01830532
2021-01-27,15.03161827
2021-01-28,15.06330686
2021-01-29,16.34347431
2021-01-30,11.70406326
2021-01-31,12.03375116
2021-02-01,17.74292866
2021-02-02,19.19177222
2021-02-03,18.14310023
2021-02-04,17.49055436
2021-02-05,16.66146649
2021-02-06,13.51249262
2021-02-07,12.63679064
2021-02-08,17.41901128
2021-02-09,17.26223714
2021-02-10,17.49800306
2021-02-11,17.05389873
2021-02-12,17.57866364
2021-02-13,15.47360847
2021-02-14,16.24709131
2021-02-15,20.36837985
2021-02-16,17.7433318
2021-02-17,16.91366266
2021-02-18,17.15548503
2021-02-19,16.41256574
2021-02-20,14.82935976
2021-02-21,13.81163102
2021-02-22,18.35659507
2021-02-23,16.7195513
2021-02-24,17.01464425
2021-02-25,17.07585104
2021-02-26,18.90905
2021-02-27,14.57436974
2021-02-28,15.76724356
2021-03-01,19.2477757
2021-03-02,16.74268959
2021-03-03,15.78095028
2021-03-04,15.73143452
2021-03-05,15.91146414
2021-03-06,13.91258918
2021-03-07,13.35913578
2021-03-08,18.1308045
2021-03-09,18.61125226
2021-03-10,18.28655204
2021-03-11,18.53163703
2021-03-12,16.6864611
2021-03-13,13.72574839
2021-03-14,13.57233061
2021-03-15,17.16402595
2021-03-16,15.83945698
2021-03-17,15.68594077
2021-03-18,15.67005897
2021-03-19,15.42819441
2021-03-20,13.89689489
2021-03-21,12.86626103
2021-03-22,15.8985637
2021-03-23,15.3209876
2021-03-24,15.48461978
2021-03-25,15.16980584
2021-03-26,15.35783261
2021-03-27,13.34745882
2021-03-28,12.58597171
2021-03-29,15.12733563
2021-03-30,14.9788024
2021-03-31,16.31017785
2021-04-01,15.10946158
2021-04-02,15.03726691
2021-04-03,13.70667429
2021-04-04,13.1028426
2021-04-05,17.48551513
2021-04-06,16.91507364
2021-04-07,16.11218511
2021-04-08,16.20647741
2021-04-09,15.86295154
2021-04-10,14.03002916
2021-04-11,13.18687361
2021-04-12,15.614543
2021-04-13,14.05478938
2021-04-14,14.03578561
2021-04-15,15.49394354
2021-04-16,14.59239849
2021-04-17,12.37962086
2021-04-18,11.9603002
2021-04-19,15.55603161
2021-04-20,15.7076587
2021-04-21,15.50412045
2021-04-22,16.1040942
2021-04-23,12.5061174
2021-04-24,12.89642144
2021-04-25,12.44232771
2021-04-26,18.15370841
2021-04-27,17.61943692
2021-04-28,17.56494755
2021-04-29,17.84577595
2021-04-30,16.47390379
2021-05-01,14.7939351
2021-05-02,13.97646325
2021-05-03,16.35775761
2021-05-04,16.66396501
2021-05-05,17.53856539
2021-05-06,17.32289547
2021-05-07,18.46611759
2021-05-08,16.24456466
2021-05-09,15.55620037
2021-05-10,18.17263718
2021-05-11,17.1348687
2021-05-12,15.5948267
2021-05-13,13.05086581
2021-05-14,13.59907841
2021-05-15,13.98251971
2021-05-16,14.79412261
2021-05-17,19.50240946
2021-05-18,17.34071796
2021-05-19,15.44550594
2021-05-20,16.94664973
2021-05-21,15.59484076
2021-05-22,13.9305898
2021-05-23,12.70133973
2021-05-24,16.5553144
2021-05-25,17.11269606
2021-05-26,17.71418861
2021-05-27,16.66885424
2021-05-28,16.80033845
2021-05-29,14.82245015
2021-05-30,13.86054677
2021-05-31,19.29892746
2021-06-01,17.73926291
2021-06-02,17.77022491
2021-06-03,16.40928438
2021-06-04,16.00917844
2021-06-05,14.57280875
2021-06-06,14.48838866
2021-06-07,16.8106888
2021-06-08,17.02859942
2021-06-09,16.70720869
2021-06-10,16.82404395
2021-06-11,16.03653563
2021-06-12,14.52488211
2021-06-13,14.40821091
2021-06-14,17.14029701
2021-06-15,17.89064624
2021-06-16,16.86229058
2021-06-17,16.12545119
2021-06-18,15.99755773
2021-06-19,14.38161781
2021-06-20,14.83930229
2021-06-21,18.09944404
2021-06-22,18.12410583
2021-06-23,17.45788136
2021-06-24,15.85816075
2021-06-25,15.55387998
2021-06-26,14.16404001
2021-06-27,13.97065524
2021-06-28,16.66340718
2021-06-29,16.44197144
2021-06-30,17.39302289
